chart_a,chart_b,shared,category,explicit_shared_components,mixed_terms
AEF,AEH,AE,stress,match,not_defined_in_source
AEF,AEI,AE,stress,match,not_defined_in_source
AEF,AEM,AE,stress,match,not_defined_in_source
AEF,AEP,AE,stress,match,not_defined_in_source
AEF,AER,AE,stress,match,not_defined_in_source
AEF,AES,AE,stress,match,not_defined_in_source
AEF,AET,AE,stress,match,not_defined_in_source
AEF,AEW,AE,stress,match,not_defined_in_source
AEF,AFH,AF,explicit,match,not_applicable
AEF,AFI,AF,explicit,match,not_applicable
AEF,AFM,AF,explicit,match,not_applicable
AEF,AFP,AF,explicit,match,not_applicable
AEF,AFR,AF,explicit,match,not_applicable
AEF,AFS,AF,explicit,match,not_applicable
AEF,AFT,AF,explicit,match,not_applicable
AEF,AFW,AF,explicit,match,not_applicable
AEF,AHI,A,explicit,match,not_applicable
AEF,AHM,A,explicit,match,not_applicable
AEF,AHP,A,explicit,match,not_applicable
AEF,AHR,A,explicit,match,not_applicable
AEF,AHS,A,explicit,match,not_applicable
AEF,AHT,A,explicit,match,not_applicable
AEF,AHW,A,explicit,match,not_applicable
AEF,AIM,A,explicit,match,not_applicable
AEF,AIP,A,explicit,match,not_applicable
AEF,AIR,A,explicit,match,not_applicable
AEF,AIS,A,explicit,match,not_applicable
AEF,AIT,A,explicit,match,not_applicable
AEF,AIW,A,explicit,match,not_applicable
AEF,AMP,A,explicit,match,not_applicable
AEF,AMR,A,explicit,match,not_applicable
AEF,AMS,A,explicit,match,not_applicable
AEF,AMT,A,explicit,match,not_applicable
AEF,AMW,A,explicit,match,not_applicable
AEF,APR,A,explicit,match,not_applicable
AEF,APS,A,explicit,match,not_applicable
AEF,APT,A,explicit,match,not_applicable
AEF,APW,A,explicit,match,not_applicable
AEF,ARS,A,explicit,match,not_applicable
AEF,ART,A,explicit,match,not_applicable
AEF,ARW,A,explicit,match,not_applicable
AEF,AST,A,explicit,match,not_applicable
AEF,ASW,A,explicit,match,not_applicable
AEF,ATW,A,explicit,match,not_applicable
AEF,EFH,EF,stress,match,not_defined_in_source
AEF,EFI,EF,stress,match,not_defined_in_source
AEF,EFM,EF,stress,match,not_defined_in_source
AEF,EFP,EF,stress,match,not_defined_in_source
AEF,EFR,EF,stress,match,not_defined_in_source
AEF,EFS,EF,stress,match,not_defined_in_source
AEF,EFT,EF,stress,match,not_defined_in_source
AEF,EFW,EF,stress,match,not_defined_in_source
AEF,EHI,E,stress,match,not_defined_in_source
AEF,EHM,E,stress,match,not_defined_in_source
AEF,EHP,E,stress,match,not_defined_in_source
AEF,EHR,E,stress,match,not_defined_in_source
AEF,EHS,E,stress,match,not_defined_in_source
AEF,EHT,E,stress,match,not_defined_in_source
AEF,EHW,E,stress,match,not_defined_in_source
AEF,EIM,E,stress,match,not_defined_in_source
AEF,EIP,E,stress,match,not_defined_in_source
AEF,EIR,E,stress,match,not_defined_in_source
AEF,EIS,E,stress,match,not_defined_in_source
AEF,EIT,E,stress,match,not_defined_in_source
AEF,EIW,E,stress,match,not_defined_in_source
AEF,EMP,E,stress,match,not_defined_in_source
AEF,EMR,E,stress,match,not_defined_in_source
AEF,EMS,E,stress,match,not_defined_in_source
AEF,EMT,E,stress,match,not_defined_in_source
AEF,EMW,E,stress,match,not_defined_in_source
AEF,EPR,E,stress,match,not_defined_in_source
AEF,EPS,E,stress,match,not_defined_in_source
AEF,EPT,E,stress,match,not_defined_in_source
AEF,EPW,E,stress,match,not_defined_in_source
AEF,ERS,E,stress,match,not_defined_in_source
AEF,ERT,E,stress,match,not_defined_in_source
AEF,ERW,E,stress,match,not_defined_in_source
AEF,EST,E,stress,match,not_defined_in_source
AEF,ESW,E,stress,match,not_defined_in_source
AEF,ETW,E,stress,match,not_defined_in_source
AEF,FHI,F,explicit,match,not_applicable
AEF,FHM,F,explicit,match,not_applicable
AEF,FHP,F,explicit,match,not_applicable
AEF,FHR,F,explicit,match,not_applicable
AEF,FHS,F,explicit,match,not_applicable
AEF,FHT,F,explicit,match,not_applicable
AEF,FHW,F,explicit,match,not_applicable
AEF,FIM,F,explicit,match,not_applicable
AEF,FIP,F,explicit,match,not_applicable
AEF,FIR,F,explicit,match,not_applicable
AEF,FIS,F,explicit,match,not_applicable
AEF,FIT,F,explicit,match,not_applicable
AEF,FIW,F,explicit,match,not_applicable
AEF,FMP,F,explicit,match,not_applicable
AEF,FMR,F,explicit,match,not_applicable
AEF,FMS,F,explicit,match,not_applicable
AEF,FMT,F,explicit,match,not_applicable
AEF,FMW,F,explicit,match,not_applicable
AEF,FPR,F,explicit,match,not_applicable
AEF,FPS,F,explicit,match,not_applicable
AEF,FPT,F,explicit,match,not_applicable
AEF,FPW,F,explicit,match,not_applicable
AEF,FRS,F,explicit,match,not_applicable
AEF,FRT,F,explicit,match,not_applicable
AEF,FRW,F,explicit,match,not_applicable
AEF,FST,F,explicit,match,not_applicable
AEF,FSW,F,explicit,match,not_applicable
AEF,FTW,F,explicit,match,not_applicable
AEH,AEI,AE,stress,match,not_defined_in_source
AEH,AEM,AE,stress,match,not_defined_in_source
AEH,AEP,AE,stress,match,not_defined_in_source
AEH,AER,AE,stress,match,not_defined_in_source
AEH,AES,AE,stress,match,not_defined_in_source
AEH,AET,AE,stress,match,not_defined_in_source
AEH,AEW,AE,stress,match,not_defined_in_source
AEH,AFH,AH,explicit,match,not_applicable
AEH,AFI,A,explicit,match,not_applicable
AEH,AFM,A,explicit,match,not_applicable
AEH,AFP,A,explicit,match,not_applicable
AEH,AFR,A,explicit,match,not_applicable
AEH,AFS,A,explicit,match,not_applicable
AEH,AFT,A,explicit,match,not_applicable
AEH,AFW,A,explicit,match,not_applicable
AEH,AHI,AH,explicit,match,not_applicable
AEH,AHM,AH,explicit,match,not_applicable
AEH,AHP,AH,explicit,match,not_applicable
AEH,AHR,AH,explicit,match,not_applicable
AEH,AHS,AH,explicit,match,not_applicable
AEH,AHT,AH,explicit,match,not_applicable
AEH,AHW,AH,explicit,match,not_applicable
AEH,AIM,A,explicit,match,not_applicable
AEH,AIP,A,explicit,match,not_applicable
AEH,AIR,A,explicit,match,not_applicable
AEH,AIS,A,explicit,match,not_applicable
AEH,AIT,A,explicit,match,not_applicable
AEH,AIW,A,explicit,match,not_applicable
AEH,AMP,A,explicit,match,not_applicable
AEH,AMR,A,explicit,match,not_applicable
AEH,AMS,A,explicit,match,not_applicable
AEH,AMT,A,explicit,match,not_applicable
AEH,AMW,A,explicit,match,not_applicable
AEH,APR,A,explicit,match,not_applicable
AEH,APS,A,explicit,match,not_applicable
AEH,APT,A,explicit,match,not_applicable
AEH,APW,A,explicit,match,not_applicable
AEH,ARS,A,explicit,match,not_applicable
AEH,ART,A,explicit,match,not_applicable
AEH,ARW,A,explicit,match,not_applicable
AEH,AST,A,explicit,match,not_applicable
AEH,ASW,A,explicit,match,not_applicable
AEH,ATW,A,explicit,match,not_applicable
AEH,EFH,EH,stress,match,not_defined_in_source
AEH,EFI,E,stress,match,not_defined_in_source
AEH,EFM,E,stress,match,not_defined_in_source
AEH,EFP,E,stress,match,not_defined_in_source
AEH,EFR,E,stress,match,not_defined_in_source
AEH,EFS,E,stress,match,not_defined_in_source
AEH,EFT,E,stress,match,not_defined_in_source
AEH,EFW,E,stress,match,not_defined_in_source
AEH,EHI,EH,stress,match,not_defined_in_source
AEH,EHM,EH,stress,match,not_defined_in_source
AEH,EHP,EH,stress,match,not_defined_in_source
AEH,EHR,EH,stress,match,not_defined_in_source
AEH,EHS,EH,stress,match,not_defined_in_source
AEH,EHT,EH,stress,match,not_defined_in_source
AEH,EHW,EH,stress,match,not_defined_in_source
AEH,EIM,E,stress,match,not_defined_in_source
AEH,EIP,E,stress,match,not_defined_in_source
AEH,EIR,E,stress,match,not_defined_in_source
AEH,EIS,E,stress,match,not_defined_in_source
AEH,EIT,E,stress,match,not_defined_in_source
AEH,EIW,E,stress,match,not_defined_in_source
AEH,EMP,E,stress,match,not_defined_in_source
AEH,EMR,E,stress,match,not_defined_in_source
AEH,EMS,E,stress,match,not_defined_in_source
AEH,EMT,E,stress,match,not_defined_in_source
AEH,EMW,E,stress,match,not_defined_in_source
AEH,EPR,E,stress,match,not_defined_in_source
AEH,EPS,E,stress,match,not_defined_in_source
AEH,EPT,E,stress,match,not_defined_in_source
AEH,EPW,E,stress,match,not_defined_in_source
AEH,ERS,E,stress,match,not_defined_in_source
AEH,ERT,E,stress,match,not_defined_in_source
AEH,ERW,E,stress,match,not_defined_in_source
AEH,EST,E,stress,match,not_defined_in_source
AEH,ESW,E,stress,match,not_defined_in_source
AEH,ETW,E,stress,match,not_defined_in_source
AEH,FHI,H,explicit,match,not_applicable
AEH,FHM,H,explicit,match,not_applicable
AEH,FHP,H,explicit,match,not_applicable
AEH,FHR,H,explicit,match,not_applicable
AEH,FHS,H,explicit,match,not_applicable
AEH,FHT,H,explicit,match,not_applicable
AEH,FHW,H,explicit,match,not_applicable
AEH,HIM,H,explicit,match,not_applicable
AEH,HIP,H,explicit,match,not_applicable
AEH,HIR,H,explicit,match,not_applicable
AEH,HIS,H,explicit,match,not_applicable
AEH,HIT,H,explicit,match,not_applicable
AEH,HIW,H,explicit,match,not_applicable
AEH,HMP,H,explicit,match,not_applicable
AEH,HMR,H,explicit,match,not_applicable
AEH,HMS,H,explicit,match,not_applicable
AEH,HMT,H,explicit,match,not_applicable
AEH,HMW,H,explicit,match,not_applicable
AEH,HPR,H,explicit,match,not_applicable
AEH,HPS,H,explicit,match,not_applicable
AEH,HPT,H,explicit,match,not_applicable
AEH,HPW,H,explicit,match,not_applicable
AEH,HRS,H,explicit,match,not_applicable
AEH,HRT,H,explicit,match,not_applicable
AEH,HRW,H,explicit,match,not_applicable
AEH,HST,H,explicit,match,not_applicable
AEH,HSW,H,explicit,match,not_applicable
AEH,HTW,H,explicit,match,not_applicable
AEI,AEM,AE,stress,match,not_defined_in_source
AEI,AEP,AE,stress,match,not_defined_in_source
AEI,AER,AE,stress,match,not_defined_in_source
AEI,AES,AE,stress,match,not_defined_in_source
AEI,AET,AE,stress,match,not_defined_in_source
AEI,AEW,AE,stress,match,not_defined_in_source
AEI,AFH,A,explicit,match,not_applicable
AEI,AFI,AI,explicit,match,not_applicable
AEI,AFM,A,explicit,match,not_applicable
AEI,AFP,A,explicit,match,not_applicable
AEI,AFR,A,explicit,match,not_applicable
AEI,AFS,A,explicit,match,not_applicable
AEI,AFT,A,explicit,match,not_applicable
AEI,AFW,A,explicit,match,not_applicable
AEI,AHI,AI,explicit,match,not_applicable
AEI,AHM,A,explicit,match,not_applicable
AEI,AHP,A,explicit,match,not_applicable
AEI,AHR,A,explicit,match,not_applicable
AEI,AHS,A,explicit,match,not_applicable
AEI,AHT,A,explicit,match,not_applicable
AEI,AHW,A,explicit,match,not_applicable
AEI,AIM,AI,explicit,match,not_applicable
AEI,AIP,AI,explicit,match,not_applicable
AEI,AIR,AI,explicit,match,not_applicable
AEI,AIS,AI,explicit,match,not_applicable
AEI,AIT,AI,explicit,match,not_applicable
AEI,AIW,AI,explicit,match,not_applicable
AEI,AMP,A,explicit,match,not_applicable
AEI,AMR,A,explicit,match,not_applicable
AEI,AMS,A,explicit,match,not_applicable
AEI,AMT,A,explicit,match,not_applicable
AEI,AMW,A,explicit,match,not_applicable
AEI,APR,A,explicit,match,not_applicable
AEI,APS,A,explicit,match,not_applicable
AEI,APT,A,explicit,match,not_applicable
AEI,APW,A,explicit,match,not_applicable
AEI,ARS,A,explicit,match,not_applicable
AEI,ART,A,explicit,match,not_applicable
AEI,ARW,A,explicit,match,not_applicable
AEI,AST,A,explicit,match,not_applicable
AEI,ASW,A,explicit,match,not_applicable
AEI,ATW,A,explicit,match,not_applicable
AEI,EFH,E,stress,match,not_defined_in_source
AEI,EFI,EI,stress,match,not_defined_in_source
AEI,EFM,E,stress,match,not_defined_in_source
AEI,EFP,E,stress,match,not_defined_in_source
AEI,EFR,E,stress,match,not_defined_in_source
AEI,EFS,E,stress,match,not_defined_in_source
AEI,EFT,E,stress,match,not_defined_in_source
AEI,EFW,E,stress,match,not_defined_in_source
AEI,EHI,EI,stress,match,not_defined_in_source
AEI,EHM,E,stress,match,not_defined_in_source
AEI,EHP,E,stress,match,not_defined_in_source
AEI,EHR,E,stress,match,not_defined_in_source
AEI,EHS,E,stress,match,not_defined_in_source
AEI,EHT,E,stress,match,not_defined_in_source
AEI,EHW,E,stress,match,not_defined_in_source
AEI,EIM,EI,stress,match,not_defined_in_source
AEI,EIP,EI,stress,match,not_defined_in_source
AEI,EIR,EI,stress,match,not_defined_in_source
AEI,EIS,EI,stress,match,not_defined_in_source
AEI,EIT,EI,stress,match,not_defined_in_source
AEI,EIW,EI,stress,match,not_defined_in_source
AEI,EMP,E,stress,match,not_defined_in_source
AEI,EMR,E,stress,match,not_defined_in_source
AEI,EMS,E,stress,match,not_defined_in_source
AEI,EMT,E,stress,match,not_defined_in_source
AEI,EMW,E,stress,match,not_defined_in_source
AEI,EPR,E,stress,match,not_defined_in_source
AEI,EPS,E,stress,match,not_defined_in_source
AEI,EPT,E,stress,match,not_defined_in_source
AEI,EPW,E,stress,match,not_defined_in_source
AEI,ERS,E,stress,match,not_defined_in_source
AEI,ERT,E,stress,match,not_defined_in_source
AEI,ERW,E,stress,match,not_defined_in_source
AEI,EST,E,stress,match,not_defined_in_source
AEI,ESW,E,stress,match,not_defined_in_source
AEI,ETW,E,stress,match,not_defined_in_source
AEI,FHI,I,explicit,match,not_applicable
AEI,FIM,I,explicit,match,not_applicable
AEI,FIP,I,explicit,match,not_applicable
AEI,FIR,I,explicit,match,not_applicable
AEI,FIS,I,explicit,match,not_applicable
AEI,FIT,I,explicit,match,not_applicable
AEI,FIW,I,explicit,match,not_applicable
AEI,HIM,I,explicit,match,not_applicable
AEI,HIP,I,explicit,match,not_applicable
AEI,HIR,I,explicit,match,not_applicable
AEI,HIS,I,explicit,match,not_applicable
AEI,HIT,I,explicit,match,not_applicable
AEI,HIW,I,explicit,match,not_applicable
AEI,IMP,I,explicit,match,not_applicable
AEI,IMR,I,explicit,match,not_applicable
AEI,IMS,I,explicit,match,not_applicable
AEI,IMT,I,explicit,match,not_applicable
AEI,IMW,I,explicit,match,not_applicable
AEI,IPR,I,explicit,match,not_applicable
AEI,IPS,I,explicit,match,not_applicable
AEI,IPT,I,explicit,match,not_applicable
AEI,IPW,I,explicit,match,not_applicable
AEI,IRS,I,explicit,match,not_applicable
AEI,IRT,I,explicit,match,not_applicable
AEI,IRW,I,explicit,match,not_applicable
AEI,IST,I,explicit,match,not_applicable
AEI,ISW,I,explicit,match,not_applicable
AEI,ITW,I,explicit,match,not_applicable
AEM,AEP,AE,stress,match,not_defined_in_source
AEM,AER,AE,stress,match,not_defined_in_source
AEM,AES,AE,stress,match,not_defined_in_source
AEM,AET,AE,stress,match,not_defined_in_source
AEM,AEW,AE,stress,match,not_defined_in_source
AEM,AFH,A,explicit,match,not_applicable
AEM,AFI,A,explicit,match,not_applicable
AEM,AFM,AM,current,match,not_defined_in_source
AEM,AFP,A,explicit,match,not_applicable
AEM,AFR,A,explicit,match,not_applicable
AEM,AFS,A,explicit,match,not_applicable
AEM,AFT,A,explicit,match,not_applicable
AEM,AFW,A,explicit,match,not_applicable
AEM,AHI,A,explicit,match,not_applicable
AEM,AHM,AM,current,match,not_defined_in_source
AEM,AHP,A,explicit,match,not_applicable
AEM,AHR,A,explicit,match,not_applicable
AEM,AHS,A,explicit,match,not_applicable
AEM,AHT,A,explicit,match,not_applicable
AEM,AHW,A,explicit,match,not_applicable
AEM,AIM,AM,current,match,not_defined_in_source
AEM,AIP,A,explicit,match,not_applicable
AEM,AIR,A,explicit,match,not_applicable
AEM,AIS,A,explicit,match,not_applicable
AEM,AIT,A,explicit,match,not_applicable
AEM,AIW,A,explicit,match,not_applicable
AEM,AMP,AM,current,match,not_defined_in_source
AEM,AMR,AM,current,match,not_defined_in_source
AEM,AMS,AM,current,match,not_defined_in_source
AEM,AMT,AM,current,match,not_defined_in_source
AEM,AMW,AM,current,match,not_defined_in_source
AEM,APR,A,explicit,match,not_applicable
AEM,APS,A,explicit,match,not_applicable
AEM,APT,A,explicit,match,not_applicable
AEM,APW,A,explicit,match,not_applicable
AEM,ARS,A,explicit,match,not_applicable
AEM,ART,A,explicit,match,not_applicable
AEM,ARW,A,explicit,match,not_applicable
AEM,AST,A,explicit,match,not_applicable
AEM,ASW,A,explicit,match,not_applicable
AEM,ATW,A,explicit,match,not_applicable
AEM,EFH,E,stress,match,not_defined_in_source
AEM,EFI,E,stress,match,not_defined_in_source
AEM,EFM,EM,stress_and_current,match,not_defined_in_source
AEM,EFP,E,stress,match,not_defined_in_source
AEM,EFR,E,stress,match,not_defined_in_source
AEM,EFS,E,stress,match,not_defined_in_source
AEM,EFT,E,stress,match,not_defined_in_source
AEM,EFW,E,stress,match,not_defined_in_source
AEM,EHI,E,stress,match,not_defined_in_source
AEM,EHM,EM,stress_and_current,match,not_defined_in_source
AEM,EHP,E,stress,match,not_defined_in_source
AEM,EHR,E,stress,match,not_defined_in_source
AEM,EHS,E,stress,match,not_defined_in_source
AEM,EHT,E,stress,match,not_defined_in_source
AEM,EHW,E,stress,match,not_defined_in_source
AEM,EIM,EM,stress_and_current,match,not_defined_in_source
AEM,EIP,E,stress,match,not_defined_in_source
AEM,EIR,E,stress,match,not_defined_in_source
AEM,EIS,E,stress,match,not_defined_in_source
AEM,EIT,E,stress,match,not_defined_in_source
AEM,EIW,E,stress,match,not_defined_in_source
AEM,EMP,EM,stress_and_current,match,not_defined_in_source
AEM,EMR,EM,stress_and_current,match,not_defined_in_source
AEM,EMS,EM,stress_and_current,match,not_defined_in_source
AEM,EMT,EM,stress_and_current,match,not_defined_in_source
AEM,EMW,EM,stress_and_current,match,not_defined_in_source
AEM,EPR,E,stress,match,not_defined_in_source
AEM,EPS,E,stress,match,not_defined_in_source
AEM,EPT,E,stress,match,not_defined_in_source
AEM,EPW,E,stress,match,not_defined_in_source
AEM,ERS,E,stress,match,not_defined_in_source
AEM,ERT,E,stress,match,not_defined_in_source
AEM,ERW,E,stress,match,not_defined_in_source
AEM,EST,E,stress,match,not_defined_in_source
AEM,ESW,E,stress,match,not_defined_in_source
AEM,ETW,E,stress,match,not_defined_in_source
AEM,FHM,M,current,match,not_defined_in_source
AEM,FIM,M,current,match,not_defined_in_source
AEM,FMP,M,current,match,not_defined_in_source
AEM,FMR,M,current,match,not_defined_in_source
AEM,FMS,M,current,match,not_defined_in_source
AEM,FMT,M,current,match,not_defined_in_source
AEM,FMW,M,current,match,not_defined_in_source
AEM,HIM,M,current,match,not_defined_in_source
AEM,HMP,M,current,match,not_defined_in_source
AEM,HMR,M,current,match,not_defined_in_source
AEM,HMS,M,current,match,not_defined_in_source
AEM,HMT,M,current,match,not_defined_in_source
AEM,HMW,M,current,match,not_defined_in_source
AEM,IMP,M,current,match,not_defined_in_source
AEM,IMR,M,current,match,not_defined_in_source
AEM,IMS,M,current,match,not_defined_in_source
AEM,IMT,M,current,match,not_defined_in_source
AEM,IMW,M,current,match,not_defined_in_source
AEM,MPR,M,current,match,not_defined_in_source
AEM,MPS,M,current,match,not_defined_in_source
AEM,MPT,M,current,match,not_defined_in_source
AEM,MPW,M,current,match,not_defined_in_source
AEM,MRS,M,current,match,not_defined_in_source
AEM,MRT,M,current,match,not_defined_in_source
AEM,MRW,M,current,match,not_defined_in_source
AEM,MST,M,current,match,not_defined_in_source
AEM,MSW,M,current,match,not_defined_in_source
AEM,MTW,M,current,match,not_defined_in_source
AEP,AER,AE,stress,match,not_defined_in_source
AEP,AES,AE,stress,match,not_defined_in_source
AEP,AET,AE,stress,match,not_defined_in_source
AEP,AEW,AE,stress,match,not_defined_in_source
AEP,AFH,A,explicit,match,not_applicable
AEP,AFI,A,explicit,match,not_applicable
AEP,AFM,A,explicit,match,not_applicable
AEP,AFP,AP,explicit,match,not_applicable
AEP,AFR,A,explicit,match,not_applicable
AEP,AFS,A,explicit,match,not_applicable
AEP,AFT,A,explicit,match,not_applicable
AEP,AFW,A,explicit,match,not_applicable
AEP,AHI,A,explicit,match,not_applicable
AEP,AHM,A,explicit,match,not_applicable
AEP,AHP,AP,explicit,match,not_applicable
AEP,AHR,A,explicit,match,not_applicable
AEP,AHS,A,explicit,match,not_applicable
AEP,AHT,A,explicit,match,not_applicable
AEP,AHW,A,explicit,match,not_applicable
AEP,AIM,A,explicit,match,not_applicable
AEP,AIP,AP,explicit,match,not_applicable
AEP,AIR,A,explicit,match,not_applicable
AEP,AIS,A,explicit,match,not_applicable
AEP,AIT,A,explicit,match,not_applicable
AEP,AIW,A,explicit,match,not_applicable
AEP,AMP,AP,explicit,match,not_applicable
AEP,AMR,A,explicit,match,not_applicable
AEP,AMS,A,explicit,match,not_applicable
AEP,AMT,A,explicit,match,not_applicable
AEP,AMW,A,explicit,match,not_applicable
AEP,APR,AP,explicit,match,not_applicable
AEP,APS,AP,explicit,match,not_applicable
AEP,APT,AP,explicit,match,not_applicable
AEP,APW,AP,explicit,match,not_applicable
AEP,ARS,A,explicit,match,not_applicable
AEP,ART,A,explicit,match,not_applicable
AEP,ARW,A,explicit,match,not_applicable
AEP,AST,A,explicit,match,not_applicable
AEP,ASW,A,explicit,match,not_applicable
AEP,ATW,A,explicit,match,not_applicable
AEP,EFH,E,stress,match,not_defined_in_source
AEP,EFI,E,stress,match,not_defined_in_source
AEP,EFM,E,stress,match,not_defined_in_source
AEP,EFP,EP,stress,match,not_defined_in_source
AEP,EFR,E,stress,match,not_defined_in_source
AEP,EFS,E,stress,match,not_defined_in_source
AEP,EFT,E,stress,match,not_defined_in_source
AEP,EFW,E,stress,match,not_defined_in_source
AEP,EHI,E,stress,match,not_defined_in_source
AEP,EHM,E,stress,match,not_defined_in_source
AEP,EHP,EP,stress,match,not_defined_in_source
AEP,EHR,E,stress,match,not_defined_in_source
AEP,EHS,E,stress,match,not_defined_in_source
AEP,EHT,E,stress,match,not_defined_in_source
AEP,EHW,E,stress,match,not_defined_in_source
AEP,EIM,E,stress,match,not_defined_in_source
AEP,EIP,EP,stress,match,not_defined_in_source
AEP,EIR,E,stress,match,not_defined_in_source
AEP,EIS,E,stress,match,not_defined_in_source
AEP,EIT,E,stress,match,not_defined_in_source
AEP,EIW,E,stress,match,not_defined_in_source
AEP,EMP,EP,stress,match,not_defined_in_source
AEP,EMR,E,stress,match,not_defined_in_source
AEP,EMS,E,stress,match,not_defined_in_source
AEP,EMT,E,stress,match,not_defined_in_source
AEP,EMW,E,stress,match,not_defined_in_source
AEP,EPR,EP,stress,match,not_defined_in_source
AEP,EPS,EP,stress,match,not_defined_in_source
AEP,EPT,EP,stress,match,not_defined_in_source
AEP,EPW,EP,stress,match,not_defined_in_source
AEP,ERS,E,stress,match,not_defined_in_source
AEP,ERT,E,stress,match,not_defined_in_source
AEP,ERW,E,stress,match,not_defined_in_source
AEP,EST,E,stress,match,not_defined_in_source
AEP,ESW,E,stress,match,not_defined_in_source
AEP,ETW,E,stress,match,not_defined_in_source
AEP,FHP,P,explicit,match,not_applicable
AEP,FIP,P,explicit,match,not_applicable
AEP,FMP,P,explicit,match,not_applicable
AEP,FPR,P,explicit,match,not_applicable
AEP,FPS,P,explicit,match,not_applicable
AEP,FPT,P,explicit,match,not_applicable
AEP,FPW,P,explicit,match,not_applicable
AEP,HIP,P,explicit,match,not_applicable
AEP,HMP,P,explicit,match,not_applicable
AEP,HPR,P,explicit,match,not_applicable
AEP,HPS,P,explicit,match,not_applicable
AEP,HPT,P,explicit,match,not_applicable
AEP,HPW,P,explicit,match,not_applicable
AEP,IMP,P,explicit,match,not_applicable
AEP,IPR,P,explicit,match,not_applicable
AEP,IPS,P,explicit,match,not_applicable
AEP,IPT,P,explicit,match,not_applicable
AEP,IPW,P,explicit,match,not_applicable
AEP,MPR,P,explicit,match,not_applicable
AEP,MPS,P,explicit,match,not_applicable
AEP,MPT,P,explicit,match,not_applicable
AEP,MPW,P,explicit,match,not_applicable
AEP,PRS,P,explicit,match,not_applicable
AEP,PRT,P,explicit,match,not_applicable
AEP,PRW,P,explicit,match,not_applicable
AEP,PST,P,explicit,match,not_applicable
AEP,PSW,P,explicit,match,not_applicable
AEP,PTW,P,explicit,match,not_applicable
AER,AES,AE,stress,match,not_defined_in_source
AER,AET,AE,stress,match,not_defined_in_source
AER,AEW,AE,stress,match,not_defined_in_source
AER,AFH,A,explicit,match,not_applicable
AER,AFI,A,explicit,match,not_applicable
AER,AFM,A,explicit,match,not_applicable
AER,AFP,A,explicit,match,not_applicable
AER,AFR,AR,explicit,match,not_applicable
AER,AFS,A,explicit,match,not_applicable
AER,AFT,A,explicit,match,not_applicable
AER,AFW,A,explicit,match,not_applicable
AER,AHI,A,explicit,match,not_applicable
AER,AHM,A,explicit,match,not_applicable
AER,AHP,A,explicit,match,not_applicable
AER,AHR,AR,explicit,match,not_applicable
AER,AHS,A,explicit,match,not_applicable
AER,AHT,A,explicit,match,not_applicable
AER,AHW,A,explicit,match,not_applicable
AER,AIM,A,explicit,match,not_applicable
AER,AIP,A,explicit,match,not_applicable
AER,AIR,AR,explicit,match,not_applicable
AER,AIS,A,explicit,match,not_applicable
AER,AIT,A,explicit,match,not_applicable
AER,AIW,A,explicit,match,not_applicable
AER,AMP,A,explicit,match,not_applicable
AER,AMR,AR,explicit,match,not_applicable
AER,AMS,A,explicit,match,not_applicable
AER,AMT,A,explicit,match,not_applicable
AER,AMW,A,explicit,match,not_applicable
AER,APR,AR,explicit,match,not_applicable
AER,APS,A,explicit,match,not_applicable
AER,APT,A,explicit,match,not_applicable
AER,APW,A,explicit,match,not_applicable
AER,ARS,AR,explicit,match,not_applicable
AER,ART,AR,explicit,match,not_applicable
AER,ARW,AR,explicit,match,not_applicable
AER,AST,A,explicit,match,not_applicable
AER,ASW,A,explicit,match,not_applicable
AER,ATW,A,explicit,match,not_applicable
AER,EFH,E,stress,match,not_defined_in_source
AER,EFI,E,stress,match,not_defined_in_source
AER,EFM,E,stress,match,not_defined_in_source
AER,EFP,E,stress,match,not_defined_in_source
AER,EFR,ER,stress,match,not_defined_in_source
AER,EFS,E,stress,match,not_defined_in_source
AER,EFT,E,stress,match,not_defined_in_source
AER,EFW,E,stress,match,not_defined_in_source
AER,EHI,E,stress,match,not_defined_in_source
AER,EHM,E,stress,match,not_defined_in_source
AER,EHP,E,stress,match,not_defined_in_source
AER,EHR,ER,stress,match,not_defined_in_source
AER,EHS,E,stress,match,not_defined_in_source
AER,EHT,E,stress,match,not_defined_in_source
AER,EHW,E,stress,match,not_defined_in_source
AER,EIM,E,stress,match,not_defined_in_source
AER,EIP,E,stress,match,not_defined_in_source
AER,EIR,ER,stress,match,not_defined_in_source
AER,EIS,E,stress,match,not_defined_in_source
AER,EIT,E,stress,match,not_defined_in_source
AER,EIW,E,stress,match,not_defined_in_source
AER,EMP,E,stress,match,not_defined_in_source
AER,EMR,ER,stress,match,not_defined_in_source
AER,EMS,E,stress,match,not_defined_in_source
AER,EMT,E,stress,match,not_defined_in_source
AER,EMW,E,stress,match,not_defined_in_source
AER,EPR,ER,stress,match,not_defined_in_source
AER,EPS,E,stress,match,not_defined_in_source
AER,EPT,E,stress,match,not_defined_in_source
AER,EPW,E,stress,match,not_defined_in_source
AER,ERS,ER,stress,match,not_defined_in_source
AER,ERT,ER,stress,match,not_defined_in_source
AER,ERW,ER,stress,match,not_defined_in_source
AER,EST,E,stress,match,not_defined_in_source
AER,ESW,E,stress,match,not_defined_in_source
AER,ETW,E,stress,match,not_defined_in_source
AER,FHR,R,explicit,match,not_applicable
AER,FIR,R,explicit,match,not_applicable
AER,FMR,R,explicit,match,not_applicable
AER,FPR,R,explicit,match,not_applicable
AER,FRS,R,explicit,match,not_applicable
AER,FRT,R,explicit,match,not_applicable
AER,FRW,R,explicit,match,not_applicable
AER,HIR,R,explicit,match,not_applicable
AER,HMR,R,explicit,match,not_applicable
AER,HPR,R,explicit,match,not_applicable
AER,HRS,R,explicit,match,not_applicable
AER,HRT,R,explicit,match,not_applicable
AER,HRW,R,explicit,match,not_applicable
AER,IMR,R,explicit,match,not_applicable
AER,IPR,R,explicit,match,not_applicable
AER,IRS,R,explicit,match,not_applicable
AER,IRT,R,explicit,match,not_applicable
AER,IRW,R,explicit,match,not_applicable
AER,MPR,R,explicit,match,not_applicable
AER,MRS,R,explicit,match,not_applicable
AER,MRT,R,explicit,match,not_applicable
AER,MRW,R,explicit,match,not_applicable
AER,PRS,R,explicit,match,not_applicable
AER,PRT,R,explicit,match,not_applicable
AER,PRW,R,explicit,match,not_applicable
AER,RST,R,explicit,match,not_applicable
AER,RSW,R,explicit,match,not_applicable
AER,RTW,R,explicit,match,not_applicable
AES,AET,AE,stress,match,not_defined_in_source
AES,AEW,AE,stress,match,not_defined_in_source
AES,AFH,A,explicit,match,not_applicable
AES,AFI,A,explicit,match,not_applicable
AES,AFM,A,explicit,match,not_applicable
AES,AFP,A,explicit,match,not_applicable
AES,AFR,A,explicit,match,not_applicable
AES,AFS,AS,current,match,not_defined_in_source
AES,AFT,A,explicit,match,not_applicable
AES,AFW,A,explicit,match,not_applicable
AES,AHI,A,explicit,match,not_applicable
AES,AHM,A,explicit,match,not_applicable
AES,AHP,A,explicit,match,not_applicable
AES,AHR,A,explicit,match,not_applicable
AES,AHS,AS,current,match,not_defined_in_source
AES,AHT,A,explicit,match,not_applicable
AES,AHW,A,explicit,match,not_applicable
AES,AIM,A,explicit,match,not_applicable
AES,AIP,A,explicit,match,not_applicable
AES,AIR,A,explicit,match,not_applicable
AES,AIS,AS,current,match,not_defined_in_source
AES,AIT,A,explicit,match,not_applicable
AES,AIW,A,explicit,match,not_applicable
AES,AMP,A,explicit,match,not_applicable
AES,AMR,A,explicit,match,not_applicable
AES,AMS,AS,current,match,not_defined_in_source
AES,AMT,A,explicit,match,not_applicable
AES,AMW,A,explicit,match,not_applicable
AES,APR,A,explicit,match,not_applicable
AES,APS,AS,current,match,not_defined_in_source
AES,APT,A,explicit,match,not_applicable
AES,APW,A,explicit,match,not_applicable
AES,ARS,AS,current,match,not_defined_in_source
AES,ART,A,explicit,match,not_applicable
AES,ARW,A,explicit,match,not_applicable
AES,AST,AS,current,match,not_defined_in_source
AES,ASW,AS,current,match,not_defined_in_source
AES,ATW,A,explicit,match,not_applicable
AES,EFH,E,stress,match,not_defined_in_source
AES,EFI,E,stress,match,not_defined_in_source
AES,EFM,E,stress,match,not_defined_in_source
AES,EFP,E,stress,match,not_defined_in_source
AES,EFR,E,stress,match,not_defined_in_source
AES,EFS,ES,stress_and_current,match,not_defined_in_source
AES,EFT,E,stress,match,not_defined_in_source
AES,EFW,E,stress,match,not_defined_in_source
AES,EHI,E,stress,match,not_defined_in_source
AES,EHM,E,stress,match,not_defined_in_source
AES,EHP,E,stress,match,not_defined_in_source
AES,EHR,E,stress,match,not_defined_in_source
AES,EHS,ES,stress_and_current,match,not_defined_in_source
AES,EHT,E,stress,match,not_defined_in_source
AES,EHW,E,stress,match,not_defined_in_source
AES,EIM,E,stress,match,not_defined_in_source
AES,EIP,E,stress,match,not_defined_in_source
AES,EIR,E,stress,match,not_defined_in_source
AES,EIS,ES,stress_and_current,match,not_defined_in_source
AES,EIT,E,stress,match,not_defined_in_source
AES,EIW,E,stress,match,not_defined_in_source
AES,EMP,E,stress,match,not_defined_in_source
AES,EMR,E,stress,match,not_defined_in_source
AES,EMS,ES,stress_and_current,match,not_defined_in_source
AES,EMT,E,stress,match,not_defined_in_source
AES,EMW,E,stress,match,not_defined_in_source
AES,EPR,E,stress,match,not_defined_in_source
AES,EPS,ES,stress_and_current,match,not_defined_in_source
AES,EPT,E,stress,match,not_defined_in_source
AES,EPW,E,stress,match,not_defined_in_source
AES,ERS,ES,stress_and_current,match,not_defined_in_source
AES,ERT,E,stress,match,not_defined_in_source
AES,ERW,E,stress,match,not_defined_in_source
AES,EST,ES,stress_and_current,match,not_defined_in_source
AES,ESW,ES,stress_and_current,match,not_defined_in_source
AES,ETW,E,stress,match,not_defined_in_source
AES,FHS,S,current,match,not_defined_in_source
AES,FIS,S,current,match,not_defined_in_source
AES,FMS,S,current,match,not_defined_in_source
AES,FPS,S,current,match,not_defined_in_source
AES,FRS,S,current,match,not_defined_in_source
AES,FST,S,current,match,not_defined_in_source
AES,FSW,S,current,match,not_defined_in_source
AES,HIS,S,current,match,not_defined_in_source
AES,HMS,S,current,match,not_defined_in_source
AES,HPS,S,current,match,not_defined_in_source
AES,HRS,S,current,match,not_defined_in_source
AES,HST,S,current,match,not_defined_in_source
AES,HSW,S,current,match,not_defined_in_source
AES,IMS,S,current,match,not_defined_in_source
AES,IPS,S,current,match,not_defined_in_source
AES,IRS,S,current,match,not_defined_in_source
AES,IST,S,current,match,not_defined_in_source
AES,ISW,S,current,match,not_defined_in_source
AES,MPS,S,current,match,not_defined_in_source
AES,MRS,S,current,match,not_defined_in_source
AES,MST,S,current,match,not_defined_in_source
AES,MSW,S,current,match,not_defined_in_source
AES,PRS,S,current,match,not_defined_in_source
AES,PST,S,current,match,not_defined_in_source
AES,PSW,S,current,match,not_defined_in_source
AES,RST,S,current,match,not_defined_in_source
AES,RSW,S,current,match,not_defined_in_source
AES,STW,S,current,match,not_defined_in_source
AET,AEW,AE,stress,match,not_defined_in_source
AET,AFH,A,explicit,match,not_applicable
AET,AFI,A,explicit,match,not_applicable
AET,AFM,A,explicit,match,not_applicable
AET,AFP,A,explicit,match,not_applicable
AET,AFR,A,explicit,match,not_applicable
AET,AFS,A,explicit,match,not_applicable
AET,AFT,AT,explicit,match,not_applicable
AET,AFW,A,explicit,match,not_applicable
AET,AHI,A,explicit,match,not_applicable
AET,AHM,A,explicit,match,not_applicable
AET,AHP,A,explicit,match,not_applicable
AET,AHR,A,explicit,match,not_applicable
AET,AHS,A,explicit,match,not_applicable
AET,AHT,AT,explicit,match,not_applicable
AET,AHW,A,explicit,match,not_applicable
AET,AIM,A,explicit,match,not_applicable
AET,AIP,A,explicit,match,not_applicable
AET,AIR,A,explicit,match,not_applicable
AET,AIS,A,explicit,match,not_applicable
AET,AIT,AT,explicit,match,not_applicable
AET,AIW,A,explicit,match,not_applicable
AET,AMP,A,explicit,match,not_applicable
AET,AMR,A,explicit,match,not_applicable
AET,AMS,A,explicit,match,not_applicable
AET,AMT,AT,explicit,match,not_applicable
AET,AMW,A,explicit,match,not_applicable
AET,APR,A,explicit,match,not_applicable
AET,APS,A,explicit,match,not_applicable
AET,APT,AT,explicit,match,not_applicable
AET,APW,A,explicit,match,not_applicable
AET,ARS,A,explicit,match,not_applicable
AET,ART,AT,explicit,match,not_applicable
AET,ARW,A,explicit,match,not_applicable
AET,AST,AT,explicit,match,not_applicable
AET,ASW,A,explicit,match,not_applicable
AET,ATW,AT,explicit,match,not_applicable
AET,EFH,E,stress,match,not_defined_in_source
AET,EFI,E,stress,match,not_defined_in_source
AET,EFM,E,stress,match,not_defined_in_source
AET,EFP,E,stress,match,not_defined_in_source
AET,EFR,E,stress,match,not_defined_in_source
AET,EFS,E,stress,match,not_defined_in_source
AET,EFT,ET,stress,match,not_defined_in_source
AET,EFW,E,stress,match,not_defined_in_source
AET,EHI,E,stress,match,not_defined_in_source
AET,EHM,E,stress,match,not_defined_in_source
AET,EHP,E,stress,match,not_defined_in_source
AET,EHR,E,stress,match,not_defined_in_source
AET,EHS,E,stress,match,not_defined_in_source
AET,EHT,ET,stress,match,not_defined_in_source
AET,EHW,E,stress,match,not_defined_in_source
AET,EIM,E,stress,match,not_defined_in_source
AET,EIP,E,stress,match,not_defined_in_source
AET,EIR,E,stress,match,not_defined_in_source
AET,EIS,E,stress,match,not_defined_in_source
AET,EIT,ET,stress,match,not_defined_in_source
AET,EIW,E,stress,match,not_defined_in_source
AET,EMP,E,stress,match,not_defined_in_source
AET,EMR,E,stress,match,not_defined_in_source
AET,EMS,E,stress,match,not_defined_in_source
AET,EMT,ET,stress,match,not_defined_in_source
AET,EMW,E,stress,match,not_defined_in_source
AET,EPR,E,stress,match,not_defined_in_source
AET,EPS,E,stress,match,not_defined_in_source
AET,EPT,ET,stress,match,not_defined_in_source
AET,EPW,E,stress,match,not_defined_in_source
AET,ERS,E,stress,match,not_defined_in_source
AET,ERT,ET,stress,match,not_defined_in_source
AET,ERW,E,stress,match,not_defined_in_source
AET,EST,ET,stress,match,not_defined_in_source
AET,ESW,E,stress,match,not_defined_in_source
AET,ETW,ET,stress,match,not_defined_in_source
AET,FHT,T,explicit,match,not_applicable
AET,FIT,T,explicit,match,not_applicable
AET,FMT,T,explicit,match,not_applicable
AET,FPT,T,explicit,match,not_applicable
AET,FRT,T,explicit,match,not_applicable
AET,FST,T,explicit,match,not_applicable
AET,FTW,T,explicit,match,not_applicable
AET,HIT,T,explicit,match,not_applicable
AET,HMT,T,explicit,match,not_applicable
AET,HPT,T,explicit,match,not_applicable
AET,HRT,T,explicit,match,not_applicable
AET,HST,T,explicit,match,not_applicable
AET,HTW,T,explicit,match,not_applicable
AET,IMT,T,explicit,match,not_applicable
AET,IPT,T,explicit,match,not_applicable
AET,IRT,T,explicit,match,not_applicable
AET,IST,T,explicit,match,not_applicable
AET,ITW,T,explicit,match,not_applicable
AET,MPT,T,explicit,match,not_applicable
AET,MRT,T,explicit,match,not_applicable
AET,MST,T,explicit,match,not_applicable
AET,MTW,T,explicit,match,not_applicable
AET,PRT,T,explicit,match,not_applicable
AET,PST,T,explicit,match,not_applicable
AET,PTW,T,explicit,match,not_applicable
AET,RST,T,explicit,match,not_applicable
AET,RTW,T,explicit,match,not_applicable
AET,STW,T,explicit,match,not_applicable
AEW,AFH,A,explicit,match,not_applicable
AEW,AFI,A,explicit,match,not_applicable
AEW,AFM,A,explicit,match,not_applicable
AEW,AFP,A,explicit,match,not_applicable
AEW,AFR,A,explicit,match,not_applicable
AEW,AFS,A,explicit,match,not_applicable
AEW,AFT,A,explicit,match,not_applicable
AEW,AFW,AW,explicit,match,not_applicable
AEW,AHI,A,explicit,match,not_applicable
AEW,AHM,A,explicit,match,not_applicable
AEW,AHP,A,explicit,match,not_applicable
AEW,AHR,A,explicit,match,not_applicable
AEW,AHS,A,explicit,match,not_applicable
AEW,AHT,A,explicit,match,not_applicable
AEW,AHW,AW,explicit,match,not_applicable
AEW,AIM,A,explicit,match,not_applicable
AEW,AIP,A,explicit,match,not_applicable
AEW,AIR,A,explicit,match,not_applicable
AEW,AIS,A,explicit,match,not_applicable
AEW,AIT,A,explicit,match,not_applicable
AEW,AIW,AW,explicit,match,not_applicable
AEW,AMP,A,explicit,match,not_applicable
AEW,AMR,A,explicit,match,not_applicable
AEW,AMS,A,explicit,match,not_applicable
AEW,AMT,A,explicit,match,not_applicable
AEW,AMW,AW,explicit,match,not_applicable
AEW,APR,A,explicit,match,not_applicable
AEW,APS,A,explicit,match,not_applicable
AEW,APT,A,explicit,match,not_applicable
AEW,APW,AW,explicit,match,not_applicable
AEW,ARS,A,explicit,match,not_applicable
AEW,ART,A,explicit,match,not_applicable
AEW,ARW,AW,explicit,match,not_applicable
AEW,AST,A,explicit,match,not_applicable
AEW,ASW,AW,explicit,match,not_applicable
AEW,ATW,AW,explicit,match,not_applicable
AEW,EFH,E,stress,match,not_defined_in_source
AEW,EFI,E,stress,match,not_defined_in_source
AEW,EFM,E,stress,match,not_defined_in_source
AEW,EFP,E,stress,match,not_defined_in_source
AEW,EFR,E,stress,match,not_defined_in_source
AEW,EFS,E,stress,match,not_defined_in_source
AEW,EFT,E,stress,match,not_defined_in_source
AEW,EFW,EW,stress,match,not_defined_in_source
AEW,EHI,E,stress,match,not_defined_in_source
AEW,EHM,E,stress,match,not_defined_in_source
AEW,EHP,E,stress,match,not_defined_in_source
AEW,EHR,E,stress,match,not_defined_in_source
AEW,EHS,E,stress,match,not_defined_in_source
AEW,EHT,E,stress,match,not_defined_in_source
AEW,EHW,EW,stress,match,not_defined_in_source
AEW,EIM,E,stress,match,not_defined_in_source
AEW,EIP,E,stress,match,not_defined_in_source
AEW,EIR,E,stress,match,not_defined_in_source
AEW,EIS,E,stress,match,not_defined_in_source
AEW,EIT,E,stress,match,not_defined_in_source
AEW,EIW,EW,stress,match,not_defined_in_source
AEW,EMP,E,stress,match,not_defined_in_source
AEW,EMR,E,stress,match,not_defined_in_source
AEW,EMS,E,stress,match,not_defined_in_source
AEW,EMT,E,stress,match,not_defined_in_source
AEW,EMW,EW,stress,match,not_defined_in_source
AEW,EPR,E,stress,match,not_defined_in_source
AEW,EPS,E,stress,match,not_defined_in_source
AEW,EPT,E,stress,match,not_defined_in_source
AEW,EPW,EW,stress,match,not_defined_in_source
AEW,ERS,E,stress,match,not_defined_in_source
AEW,ERT,E,stress,match,not_defined_in_source
AEW,ERW,EW,stress,match,not_defined_in_source
AEW,EST,E,stress,match,not_defined_in_source
AEW,ESW,EW,stress,match,not_defined_in_source
AEW,ETW,EW,stress,match,not_defined_in_source
AEW,FHW,W,explicit,match,not_applicable
AEW,FIW,W,explicit,match,not_applicable
AEW,FMW,W,explicit,match,not_applicable
AEW,FPW,W,explicit,match,not_applicable
AEW,FRW,W,explicit,match,not_applicable
AEW,FSW,W,explicit,match,not_applicable
AEW,FTW,W,explicit,match,not_applicable
AEW,HIW,W,explicit,match,not_applicable
AEW,HMW,W,explicit,match,not_applicable
AEW,HPW,W,explicit,match,not_applicable
AEW,HRW,W,explicit,match,not_applicable
AEW,HSW,W,explicit,match,not_applicable
AEW,HTW,W,explicit,match,not_applicable
AEW,IMW,W,explicit,match,not_applicable
AEW,IPW,W,explicit,match,not_applicable
AEW,IRW,W,explicit,match,not_applicable
AEW,ISW,W,explicit,match,not_applicable
AEW,ITW,W,explicit,match,not_applicable
AEW,MPW,W,explicit,match,not_applicable
AEW,MRW,W,explicit,match,not_applicable
AEW,MSW,W,explicit,match,not_applicable
AEW,MTW,W,explicit,match,not_applicable
AEW,PRW,W,explicit,match,not_applicable
AEW,PSW,W,explicit,match,not_applicable
AEW,PTW,W,explicit,match,not_applicable
AEW,RSW,W,explicit,match,not_applicable
AEW,RTW,W,explicit,match,not_applicable
AEW,STW,W,explicit,match,not_applicable
AFH,AFI,AF,explicit,match,not_applicable
AFH,AFM,AF,explicit,match,not_applicable
AFH,AFP,AF,explicit,match,not_applicable
AFH,AFR,AF,explicit,match,not_applicable
AFH,AFS,AF,explicit,match,not_applicable
AFH,AFT,AF,explicit,match,not_applicable
AFH,AFW,AF,explicit,match,not_applicable
AFH,AHI,AH,explicit,match,not_applicable
AFH,AHM,AH,explicit,match,not_applicable
AFH,AHP,AH,explicit,match,not_applicable
AFH,AHR,AH,explicit,match,not_applicable
AFH,AHS,AH,explicit,match,not_applicable
AFH,AHT,AH,explicit,match,not_applicable
AFH,AHW,AH,explicit,match,not_applicable
AFH,AIM,A,explicit,match,not_applicable
AFH,AIP,A,explicit,match,not_applicable
AFH,AIR,A,explicit,match,not_applicable
AFH,AIS,A,explicit,match,not_applicable
AFH,AIT,A,explicit,match,not_applicable
AFH,AIW,A,explicit,match,not_applicable
AFH,AMP,A,explicit,match,not_applicable
AFH,AMR,A,explicit,match,not_applicable
AFH,AMS,A,explicit,match,not_applicable
AFH,AMT,A,explicit,match,not_applicable
AFH,AMW,A,explicit,match,not_applicable
AFH,APR,A,explicit,match,not_applicable
AFH,APS,A,explicit,match,not_applicable
AFH,APT,A,explicit,match,not_applicable
AFH,APW,A,explicit,match,not_applicable
AFH,ARS,A,explicit,match,not_applicable
AFH,ART,A,explicit,match,not_applicable
AFH,ARW,A,explicit,match,not_applicable
AFH,AST,A,explicit,match,not_applicable
AFH,ASW,A,explicit,match,not_applicable
AFH,ATW,A,explicit,match,not_applicable
AFH,EFH,FH,explicit,match,not_applicable
AFH,EFI,F,explicit,match,not_applicable
AFH,EFM,F,explicit,match,not_applicable
AFH,EFP,F,explicit,match,not_applicable
AFH,EFR,F,explicit,match,not_applicable
AFH,EFS,F,explicit,match,not_applicable
AFH,EFT,F,explicit,match,not_applicable
AFH,EFW,F,explicit,match,not_applicable
AFH,EHI,H,explicit,match,not_applicable
AFH,EHM,H,explicit,match,not_applicable
AFH,EHP,H,explicit,match,not_applicable
AFH,EHR,H,explicit,match,not_applicable
AFH,EHS,H,explicit,match,not_applicable
AFH,EHT,H,explicit,match,not_applicable
AFH,EHW,H,explicit,match,not_applicable
AFH,FHI,FH,explicit,match,not_applicable
AFH,FHM,FH,explicit,match,not_applicable
AFH,FHP,FH,explicit,match,not_applicable
AFH,FHR,FH,explicit,match,not_applicable
AFH,FHS,FH,explicit,match,not_applicable
AFH,FHT,FH,explicit,match,not_applicable
AFH,FHW,FH,explicit,match,not_applicable
AFH,FIM,F,explicit,match,not_applicable
AFH,FIP,F,explicit,match,not_applicable
AFH,FIR,F,explicit,match,not_applicable
AFH,FIS,F,explicit,match,not_applicable
AFH,FIT,F,explicit,match,not_applicable
AFH,FIW,F,explicit,match,not_applicable
AFH,FMP,F,explicit,match,not_applicable
AFH,FMR,F,explicit,match,not_applicable
AFH,FMS,F,explicit,match,not_applicable
AFH,FMT,F,explicit,match,not_applicable
AFH,FMW,F,explicit,match,not_applicable
AFH,FPR,F,explicit,match,not_applicable
AFH,FPS,F,explicit,match,not_applicable
AFH,FPT,F,explicit,match,not_applicable
AFH,FPW,F,explicit,match,not_applicable
AFH,FRS,F,explicit,match,not_applicable
AFH,FRT,F,explicit,match,not_applicable
AFH,FRW,F,explicit,match,not_applicable
AFH,FST,F,explicit,match,not_applicable
AFH,FSW,F,explicit,match,not_applicable
AFH,FTW,F,explicit,match,not_applicable
AFH,HIM,H,explicit,match,not_applicable
AFH,HIP,H,explicit,match,not_applicable
AFH,HIR,H,explicit,match,not_applicable
AFH,HIS,H,explicit,match,not_applicable
AFH,HIT,H,explicit,match,not_applicable
AFH,HIW,H,explicit,match,not_applicable
AFH,HMP,H,explicit,match,not_applicable
AFH,HMR,H,explicit,match,not_applicable
AFH,HMS,H,explicit,match,not_applicable
AFH,HMT,H,explicit,match,not_applicable
AFH,HMW,H,explicit,match,not_applicable
AFH,HPR,H,explicit,match,not_applicable
AFH,HPS,H,explicit,match,not_applicable
AFH,HPT,H,explicit,match,not_applicable
AFH,HPW,H,explicit,match,not_applicable
AFH,HRS,H,explicit,match,not_applicable
AFH,HRT,H,explicit,match,not_applicable
AFH,HRW,H,explicit,match,not_applicable
AFH,HST,H,explicit,match,not_applicable
AFH,HSW,H,explicit,match,not_applicable
AFH,HTW,H,explicit,match,not_applicable
AFI,AFM,AF,explicit,match,not_applicable
AFI,AFP,AF,explicit,match,not_applicable
AFI,AFR,AF,explicit,match,not_applicable
AFI,AFS,AF,explicit,match,not_applicable
AFI,AFT,AF,explicit,match,not_applicable
AFI,AFW,AF,explicit,match,not_applicable
AFI,AHI,AI,explicit,match,not_applicable
AFI,AHM,A,explicit,match,not_applicable
AFI,AHP,A,explicit,match,not_applicable
AFI,AHR,A,explicit,match,not_applicable
AFI,AHS,A,explicit,match,not_applicable
AFI,AHT,A,explicit,match,not_applicable
AFI,AHW,A,explicit,match,not_applicable
AFI,AIM,AI,explicit,match,not_applicable
AFI,AIP,AI,explicit,match,not_applicable
AFI,AIR,AI,explicit,match,not_applicable
AFI,AIS,AI,explicit,match,not_applicable
AFI,AIT,AI,explicit,match,not_applicable
AFI,AIW,AI,explicit,match,not_applicable
AFI,AMP,A,explicit,match,not_applicable
AFI,AMR,A,explicit,match,not_applicable
AFI,AMS,A,explicit,match,not_applicable
AFI,AMT,A,explicit,match,not_applicable
AFI,AMW,A,explicit,match,not_applicable
AFI,APR,A,explicit,match,not_applicable
AFI,APS,A,explicit,match,not_applicable
AFI,APT,A,explicit,match,not_applicable
AFI,APW,A,explicit,match,not_applicable
AFI,ARS,A,explicit,match,not_applicable
AFI,ART,A,explicit,match,not_applicable
AFI,ARW,A,explicit,match,not_applicable
AFI,AST,A,explicit,match,not_applicable
AFI,ASW,A,explicit,match,not_applicable
AFI,ATW,A,explicit,match,not_applicable
AFI,EFH,F,explicit,match,not_applicable
AFI,EFI,FI,explicit,match,not_applicable
AFI,EFM,F,explicit,match,not_applicable
AFI,EFP,F,explicit,match,not_applicable
AFI,EFR,F,explicit,match,not_applicable
AFI,EFS,F,explicit,match,not_applicable
AFI,EFT,F,explicit,match,not_applicable
AFI,EFW,F,explicit,match,not_applicable
AFI,EHI,I,explicit,match,not_applicable
AFI,EIM,I,explicit,match,not_applicable
AFI,EIP,I,explicit,match,not_applicable
AFI,EIR,I,explicit,match,not_applicable
AFI,EIS,I,explicit,match,not_applicable
AFI,EIT,I,explicit,match,not_applicable
AFI,EIW,I,explicit,match,not_applicable
AFI,FHI,FI,explicit,match,not_applicable
AFI,FHM,F,explicit,match,not_applicable
AFI,FHP,F,explicit,match,not_applicable
AFI,FHR,F,explicit,match,not_applicable
AFI,FHS,F,explicit,match,not_applicable
AFI,FHT,F,explicit,match,not_applicable
AFI,FHW,F,explicit,match,not_applicable
AFI,FIM,FI,explicit,match,not_applicable
AFI,FIP,FI,explicit,match,not_applicable
AFI,FIR,FI,explicit,match,not_applicable
AFI,FIS,FI,explicit,match,not_applicable
AFI,FIT,FI,explicit,match,not_applicable
AFI,FIW,FI,explicit,match,not_applicable
AFI,FMP,F,explicit,match,not_applicable
AFI,FMR,F,explicit,match,not_applicable
AFI,FMS,F,explicit,match,not_applicable
AFI,FMT,F,explicit,match,not_applicable
AFI,FMW,F,explicit,match,not_applicable
AFI,FPR,F,explicit,match,not_applicable
AFI,FPS,F,explicit,match,not_applicable
AFI,FPT,F,explicit,match,not_applicable
AFI,FPW,F,explicit,match,not_applicable
AFI,FRS,F,explicit,match,not_applicable
AFI,FRT,F,explicit,match,not_applicable
AFI,FRW,F,explicit,match,not_applicable
AFI,FST,F,explicit,match,not_applicable
AFI,FSW,F,explicit,match,not_applicable
AFI,FTW,F,explicit,match,not_applicable
AFI,HIM,I,explicit,match,not_applicable
AFI,HIP,I,explicit,match,not_applicable
AFI,HIR,I,explicit,match,not_applicable
AFI,HIS,I,explicit,match,not_applicable
AFI,HIT,I,explicit,match,not_applicable
AFI,HIW,I,explicit,match,not_applicable
AFI,IMP,I,explicit,match,not_applicable
AFI,IMR,I,explicit,match,not_applicable
AFI,IMS,I,explicit,match,not_applicable
AFI,IMT,I,explicit,match,not_applicable
AFI,IMW,I,explicit,match,not_applicable
AFI,IPR,I,explicit,match,not_applicable
AFI,IPS,I,explicit,match,not_applicable
AFI,IPT,I,explicit,match,not_applicable
AFI,IPW,I,explicit,match,not_applicable
AFI,IRS,I,explicit,match,not_applicable
AFI,IRT,I,explicit,match,not_applicable
AFI,IRW,I,explicit,match,not_applicable
AFI,IST,I,explicit,match,not_applicable
AFI,ISW,I,explicit,match,not_applicable
AFI,ITW,I,explicit,match,not_applicable
AFM,AFP,AF,explicit,match,not_applicable
AFM,AFR,AF,explicit,match,not_applicable
AFM,AFS,AF,explicit,match,not_applicable
AFM,AFT,AF,explicit,match,not_applicable
AFM,AFW,AF,explicit,match,not_applicable
AFM,AHI,A,explicit,match,not_applicable
AFM,AHM,AM,current,match,not_defined_in_source
AFM,AHP,A,explicit,match,not_applicable
AFM,AHR,A,explicit,match,not_applicable
AFM,AHS,A,explicit,match,not_applicable
AFM,AHT,A,explicit,match,not_applicable
AFM,AHW,A,explicit,match,not_applicable
AFM,AIM,AM,current,match,not_defined_in_source
AFM,AIP,A,explicit,match,not_applicable
AFM,AIR,A,explicit,match,not_applicable
AFM,AIS,A,explicit,match,not_applicable
AFM,AIT,A,explicit,match,not_applicable
AFM,AIW,A,explicit,match,not_applicable
AFM,AMP,AM,current,match,not_defined_in_source
AFM,AMR,AM,current,match,not_defined_in_source
AFM,AMS,AM,current,match,not_defined_in_source
AFM,AMT,AM,current,match,not_defined_in_source
AFM,AMW,AM,current,match,not_defined_in_source
AFM,APR,A,explicit,match,not_applicable
AFM,APS,A,explicit,match,not_applicable
AFM,APT,A,explicit,match,not_applicable
AFM,APW,A,explicit,match,not_applicable
AFM,ARS,A,explicit,match,not_applicable
AFM,ART,A,explicit,match,not_applicable
AFM,ARW,A,explicit,match,not_applicable
AFM,AST,A,explicit,match,not_applicable
AFM,ASW,A,explicit,match,not_applicable
AFM,ATW,A,explicit,match,not_applicable
AFM,EFH,F,explicit,match,not_applicable
AFM,EFI,F,explicit,match,not_applicable
AFM,EFM,FM,current,match,not_defined_in_source
AFM,EFP,F,explicit,match,not_applicable
AFM,EFR,F,explicit,match,not_applicable
AFM,EFS,F,explicit,match,not_applicable
AFM,EFT,F,explicit,match,not_applicable
AFM,EFW,F,explicit,match,not_applicable
AFM,EHM,M,current,match,not_defined_in_source
AFM,EIM,M,current,match,not_defined_in_source
AFM,EMP,M,current,match,not_defined_in_source
AFM,EMR,M,current,match,not_defined_in_source
AFM,EMS,M,current,match,not_defined_in_source
AFM,EMT,M,current,match,not_defined_in_source
AFM,EMW,M,current,match,not_defined_in_source
AFM,FHI,F,explicit,match,not_applicable
AFM,FHM,FM,current,match,not_defined_in_source
AFM,FHP,F,explicit,match,not_applicable
AFM,FHR,F,explicit,match,not_applicable
AFM,FHS,F,explicit,match,not_applicable
AFM,FHT,F,explicit,match,not_applicable
AFM,FHW,F,explicit,match,not_applicable
AFM,FIM,FM,current,match,not_defined_in_source
AFM,FIP,F,explicit,match,not_applicable
AFM,FIR,F,explicit,match,not_applicable
AFM,FIS,F,explicit,match,not_applicable
AFM,FIT,F,explicit,match,not_applicable
AFM,FIW,F,explicit,match,not_applicable
AFM,FMP,FM,current,match,not_defined_in_source
AFM,FMR,FM,current,match,not_defined_in_source
AFM,FMS,FM,current,match,not_defined_in_source
AFM,FMT,FM,current,match,not_defined_in_source
AFM,FMW,FM,current,match,not_defined_in_source
AFM,FPR,F,explicit,match,not_applicable
AFM,FPS,F,explicit,match,not_applicable
AFM,FPT,F,explicit,match,not_applicable
AFM,FPW,F,explicit,match,not_applicable
AFM,FRS,F,explicit,match,not_applicable
AFM,FRT,F,explicit,match,not_applicable
AFM,FRW,F,explicit,match,not_applicable
AFM,FST,F,explicit,match,not_applicable
AFM,FSW,F,explicit,match,not_applicable
AFM,FTW,F,explicit,match,not_applicable
AFM,HIM,M,current,match,not_defined_in_source
AFM,HMP,M,current,match,not_defined_in_source
AFM,HMR,M,current,match,not_defined_in_source
AFM,HMS,M,current,match,not_defined_in_source
AFM,HMT,M,current,match,not_defined_in_source
AFM,HMW,M,current,match,not_defined_in_source
AFM,IMP,M,current,match,not_defined_in_source
AFM,IMR,M,current,match,not_defined_in_source
AFM,IMS,M,current,match,not_defined_in_source
AFM,IMT,M,current,match,not_defined_in_source
AFM,IMW,M,current,match,not_defined_in_source
AFM,MPR,M,current,match,not_defined_in_source
AFM,MPS,M,current,match,not_defined_in_source
AFM,MPT,M,current,match,not_defined_in_source
AFM,MPW,M,current,match,not_defined_in_source
AFM,MRS,M,current,match,not_defined_in_source
AFM,MRT,M,current,match,not_defined_in_source
AFM,MRW,M,current,match,not_defined_in_source
AFM,MST,M,current,match,not_defined_in_source
AFM,MSW,M,current,match,not_defined_in_source
AFM,MTW,M,current,match,not_defined_in_source
AFP,AFR,AF,explicit,match,not_applicable
AFP,AFS,AF,explicit,match,not_applicable
AFP,AFT,AF,explicit,match,not_applicable
AFP,AFW,AF,explicit,match,not_applicable
AFP,AHI,A,explicit,match,not_applicable
AFP,AHM,A,explicit,match,not_applicable
AFP,AHP,AP,explicit,match,not_applicable
AFP,AHR,A,explicit,match,not_applicable
AFP,AHS,A,explicit,match,not_applicable
AFP,AHT,A,explicit,match,not_applicable
AFP,AHW,A,explicit,match,not_applicable
AFP,AIM,A,explicit,match,not_applicable
AFP,AIP,AP,explicit,match,not_applicable
AFP,AIR,A,explicit,match,not_applicable
AFP,AIS,A,explicit,match,not_applicable
AFP,AIT,A,explicit,match,not_applicable
AFP,AIW,A,explicit,match,not_applicable
AFP,AMP,AP,explicit,match,not_applicable
AFP,AMR,A,explicit,match,not_applicable
AFP,AMS,A,explicit,match,not_applicable
AFP,AMT,A,explicit,match,not_applicable
AFP,AMW,A,explicit,match,not_applicable
AFP,APR,AP,explicit,match,not_applicable
AFP,APS,AP,explicit,match,not_applicable
AFP,APT,AP,explicit,match,not_applicable
AFP,APW,AP,explicit,match,not_applicable
AFP,ARS,A,explicit,match,not_applicable
AFP,ART,A,explicit,match,not_applicable
AFP,ARW,A,explicit,match,not_applicable
AFP,AST,A,explicit,match,not_applicable
AFP,ASW,A,explicit,match,not_applicable
AFP,ATW,A,explicit,match,not_applicable
AFP,EFH,F,explicit,match,not_applicable
AFP,EFI,F,explicit,match,not_applicable
AFP,EFM,F,explicit,match,not_applicable
AFP,EFP,FP,explicit,match,not_applicable
AFP,EFR,F,explicit,match,not_applicable
AFP,EFS,F,explicit,match,not_applicable
AFP,EFT,F,explicit,match,not_applicable
AFP,EFW,F,explicit,match,not_applicable
AFP,EHP,P,explicit,match,not_applicable
AFP,EIP,P,explicit,match,not_applicable
AFP,EMP,P,explicit,match,not_applicable
AFP,EPR,P,explicit,match,not_applicable
AFP,EPS,P,explicit,match,not_applicable
AFP,EPT,P,explicit,match,not_applicable
AFP,EPW,P,explicit,match,not_applicable
AFP,FHI,F,explicit,match,not_applicable
AFP,FHM,F,explicit,match,not_applicable
AFP,FHP,FP,explicit,match,not_applicable
AFP,FHR,F,explicit,match,not_applicable
AFP,FHS,F,explicit,match,not_applicable
AFP,FHT,F,explicit,match,not_applicable
AFP,FHW,F,explicit,match,not_applicable
AFP,FIM,F,explicit,match,not_applicable
AFP,FIP,FP,explicit,match,not_applicable
AFP,FIR,F,explicit,match,not_applicable
AFP,FIS,F,explicit,match,not_applicable
AFP,FIT,F,explicit,match,not_applicable
AFP,FIW,F,explicit,match,not_applicable
AFP,FMP,FP,explicit,match,not_applicable
AFP,FMR,F,explicit,match,not_applicable
AFP,FMS,F,explicit,match,not_applicable
AFP,FMT,F,explicit,match,not_applicable
AFP,FMW,F,explicit,match,not_applicable
AFP,FPR,FP,explicit,match,not_applicable
AFP,FPS,FP,explicit,match,not_applicable
AFP,FPT,FP,explicit,match,not_applicable
AFP,FPW,FP,explicit,match,not_applicable
AFP,FRS,F,explicit,match,not_applicable
AFP,FRT,F,explicit,match,not_applicable
AFP,FRW,F,explicit,match,not_applicable
AFP,FST,F,explicit,match,not_applicable
AFP,FSW,F,explicit,match,not_applicable
AFP,FTW,F,explicit,match,not_applicable
AFP,HIP,P,explicit,match,not_applicable
AFP,HMP,P,explicit,match,not_applicable
AFP,HPR,P,explicit,match,not_applicable
AFP,HPS,P,explicit,match,not_applicable
AFP,HPT,P,explicit,match,not_applicable
AFP,HPW,P,explicit,match,not_applicable
AFP,IMP,P,explicit,match,not_applicable
AFP,IPR,P,explicit,match,not_applicable
AFP,IPS,P,explicit,match,not_applicable
AFP,IPT,P,explicit,match,not_applicable
AFP,IPW,P,explicit,match,not_applicable
AFP,MPR,P,explicit,match,not_applicable
AFP,MPS,P,explicit,match,not_applicable
AFP,MPT,P,explicit,match,not_applicable
AFP,MPW,P,explicit,match,not_applicable
AFP,PRS,P,explicit,match,not_applicable
AFP,PRT,P,explicit,match,not_applicable
AFP,PRW,P,explicit,match,not_applicable
AFP,PST,P,explicit,match,not_applicable
AFP,PSW,P,explicit,match,not_applicable
AFP,PTW,P,explicit,match,not_applicable
AFR,AFS,AF,explicit,match,not_applicable
AFR,AFT,AF,explicit,match,not_applicable
AFR,AFW,AF,explicit,match,not_applicable
AFR,AHI,A,explicit,match,not_applicable
AFR,AHM,A,explicit,match,not_applicable
AFR,AHP,A,explicit,match,not_applicable
AFR,AHR,AR,explicit,match,not_applicable
AFR,AHS,A,explicit,match,not_applicable
AFR,AHT,A,explicit,match,not_applicable
AFR,AHW,A,explicit,match,not_applicable
AFR,AIM,A,explicit,match,not_applicable
AFR,AIP,A,explicit,match,not_applicable
AFR,AIR,AR,explicit,match,not_applicable
AFR,AIS,A,explicit,match,not_applicable
AFR,AIT,A,explicit,match,not_applicable
AFR,AIW,A,explicit,match,not_applicable
AFR,AMP,A,explicit,match,not_applicable
AFR,AMR,AR,explicit,match,not_applicable
AFR,AMS,A,explicit,match,not_applicable
AFR,AMT,A,explicit,match,not_applicable
AFR,AMW,A,explicit,match,not_applicable
AFR,APR,AR,explicit,match,not_applicable
AFR,APS,A,explicit,match,not_applicable
AFR,APT,A,explicit,match,not_applicable
AFR,APW,A,explicit,match,not_applicable
AFR,ARS,AR,explicit,match,not_applicable
AFR,ART,AR,explicit,match,not_applicable
AFR,ARW,AR,explicit,match,not_applicable
AFR,AST,A,explicit,match,not_applicable
AFR,ASW,A,explicit,match,not_applicable
AFR,ATW,A,explicit,match,not_applicable
AFR,EFH,F,explicit,match,not_applicable
AFR,EFI,F,explicit,match,not_applicable
AFR,EFM,F,explicit,match,not_applicable
AFR,EFP,F,explicit,match,not_applicable
AFR,EFR,FR,explicit,match,not_applicable
AFR,EFS,F,explicit,match,not_applicable
AFR,EFT,F,explicit,match,not_applicable
AFR,EFW,F,explicit,match,not_applicable
AFR,EHR,R,explicit,match,not_applicable
AFR,EIR,R,explicit,match,not_applicable
AFR,EMR,R,explicit,match,not_applicable
AFR,EPR,R,explicit,match,not_applicable
AFR,ERS,R,explicit,match,not_applicable
AFR,ERT,R,explicit,match,not_applicable
AFR,ERW,R,explicit,match,not_applicable
AFR,FHI,F,explicit,match,not_applicable
AFR,FHM,F,explicit,match,not_applicable
AFR,FHP,F,explicit,match,not_applicable
AFR,FHR,FR,explicit,match,not_applicable
AFR,FHS,F,explicit,match,not_applicable
AFR,FHT,F,explicit,match,not_applicable
AFR,FHW,F,explicit,match,not_applicable
AFR,FIM,F,explicit,match,not_applicable
AFR,FIP,F,explicit,match,not_applicable
AFR,FIR,FR,explicit,match,not_applicable
AFR,FIS,F,explicit,match,not_applicable
AFR,FIT,F,explicit,match,not_applicable
AFR,FIW,F,explicit,match,not_applicable
AFR,FMP,F,explicit,match,not_applicable
AFR,FMR,FR,explicit,match,not_applicable
AFR,FMS,F,explicit,match,not_applicable
AFR,FMT,F,explicit,match,not_applicable
AFR,FMW,F,explicit,match,not_applicable
AFR,FPR,FR,explicit,match,not_applicable
AFR,FPS,F,explicit,match,not_applicable
AFR,FPT,F,explicit,match,not_applicable
AFR,FPW,F,explicit,match,not_applicable
AFR,FRS,FR,explicit,match,not_applicable
AFR,FRT,FR,explicit,match,not_applicable
AFR,FRW,FR,explicit,match,not_applicable
AFR,FST,F,explicit,match,not_applicable
AFR,FSW,F,explicit,match,not_applicable
AFR,FTW,F,explicit,match,not_applicable
AFR,HIR,R,explicit,match,not_applicable
AFR,HMR,R,explicit,match,not_applicable
AFR,HPR,R,explicit,match,not_applicable
AFR,HRS,R,explicit,match,not_applicable
AFR,HRT,R,explicit,match,not_applicable
AFR,HRW,R,explicit,match,not_applicable
AFR,IMR,R,explicit,match,not_applicable
AFR,IPR,R,explicit,match,not_applicable
AFR,IRS,R,explicit,match,not_applicable
AFR,IRT,R,explicit,match,not_applicable
AFR,IRW,R,explicit,match,not_applicable
AFR,MPR,R,explicit,match,not_applicable
AFR,MRS,R,explicit,match,not_applicable
AFR,MRT,R,explicit,match,not_applicable
AFR,MRW,R,explicit,match,not_applicable
AFR,PRS,R,explicit,match,not_applicable
AFR,PRT,R,explicit,match,not_applicable
AFR,PRW,R,explicit,match,not_applicable
AFR,RST,R,explicit,match,not_applicable
AFR,RSW,R,explicit,match,not_applicable
AFR,RTW,R,explicit,match,not_applicable
AFS,AFT,AF,explicit,match,not_applicable
AFS,AFW,AF,explicit,match,not_applicable
AFS,AHI,A,explicit,match,not_applicable
AFS,AHM,A,explicit,match,not_applicable
AFS,AHP,A,explicit,match,not_applicable
AFS,AHR,A,explicit,match,not_applicable
AFS,AHS,AS,current,match,not_defined_in_source
AFS,AHT,A,explicit,match,not_applicable
AFS,AHW,A,explicit,match,not_applicable
AFS,AIM,A,explicit,match,not_applicable
AFS,AIP,A,explicit,match,not_applicable
AFS,AIR,A,explicit,match,not_applicable
AFS,AIS,AS,current,match,not_defined_in_source
AFS,AIT,A,explicit,match,not_applicable
AFS,AIW,A,explicit,match,not_applicable
AFS,AMP,A,explicit,match,not_applicable
AFS,AMR,A,explicit,match,not_applicable
AFS,AMS,AS,current,match,not_defined_in_source
AFS,AMT,A,explicit,match,not_applicable
AFS,AMW,A,explicit,match,not_applicable
AFS,APR,A,explicit,match,not_applicable
AFS,APS,AS,current,match,not_defined_in_source
AFS,APT,A,explicit,match,not_applicable
AFS,APW,A,explicit,match,not_applicable
AFS,ARS,AS,current,match,not_defined_in_source
AFS,ART,A,explicit,match,not_applicable
AFS,ARW,A,explicit,match,not_applicable
AFS,AST,AS,current,match,not_defined_in_source
AFS,ASW,AS,current,match,not_defined_in_source
AFS,ATW,A,explicit,match,not_applicable
AFS,EFH,F,explicit,match,not_applicable
AFS,EFI,F,explicit,match,not_applicable
AFS,EFM,F,explicit,match,not_applicable
AFS,EFP,F,explicit,match,not_applicable
AFS,EFR,F,explicit,match,not_applicable
AFS,EFS,FS,current,match,not_defined_in_source
AFS,EFT,F,explicit,match,not_applicable
AFS,EFW,F,explicit,match,not_applicable
AFS,EHS,S,current,match,not_defined_in_source
AFS,EIS,S,current,match,not_defined_in_source
AFS,EMS,S,current,match,not_defined_in_source
AFS,EPS,S,current,match,not_defined_in_source
AFS,ERS,S,current,match,not_defined_in_source
AFS,EST,S,current,match,not_defined_in_source
AFS,ESW,S,current,match,not_defined_in_source
AFS,FHI,F,explicit,match,not_applicable
AFS,FHM,F,explicit,match,not_applicable
AFS,FHP,F,explicit,match,not_applicable
AFS,FHR,F,explicit,match,not_applicable
AFS,FHS,FS,current,match,not_defined_in_source
AFS,FHT,F,explicit,match,not_applicable
AFS,FHW,F,explicit,match,not_applicable
AFS,FIM,F,explicit,match,not_applicable
AFS,FIP,F,explicit,match,not_applicable
AFS,FIR,F,explicit,match,not_applicable
AFS,FIS,FS,current,match,not_defined_in_source
AFS,FIT,F,explicit,match,not_applicable
AFS,FIW,F,explicit,match,not_applicable
AFS,FMP,F,explicit,match,not_applicable
AFS,FMR,F,explicit,match,not_applicable
AFS,FMS,FS,current,match,not_defined_in_source
AFS,FMT,F,explicit,match,not_applicable
AFS,FMW,F,explicit,match,not_applicable
AFS,FPR,F,explicit,match,not_applicable
AFS,FPS,FS,current,match,not_defined_in_source
AFS,FPT,F,explicit,match,not_applicable
AFS,FPW,F,explicit,match,not_applicable
AFS,FRS,FS,current,match,not_defined_in_source
AFS,FRT,F,explicit,match,not_applicable
AFS,FRW,F,explicit,match,not_applicable
AFS,FST,FS,current,match,not_defined_in_source
AFS,FSW,FS,current,match,not_defined_in_source
AFS,FTW,F,explicit,match,not_applicable
AFS,HIS,S,current,match,not_defined_in_source
AFS,HMS,S,current,match,not_defined_in_source
AFS,HPS,S,current,match,not_defined_in_source
AFS,HRS,S,current,match,not_defined_in_source
AFS,HST,S,current,match,not_defined_in_source
AFS,HSW,S,current,match,not_defined_in_source
AFS,IMS,S,current,match,not_defined_in_source
AFS,IPS,S,current,match,not_defined_in_source
AFS,IRS,S,current,match,not_defined_in_source
AFS,IST,S,current,match,not_defined_in_source
AFS,ISW,S,current,match,not_defined_in_source
AFS,MPS,S,current,match,not_defined_in_source
AFS,MRS,S,current,match,not_defined_in_source
AFS,MST,S,current,match,not_defined_in_source
AFS,MSW,S,current,match,not_defined_in_source
AFS,PRS,S,current,match,not_defined_in_source
AFS,PST,S,current,match,not_defined_in_source
AFS,PSW,S,current,match,not_defined_in_source
AFS,RST,S,current,match,not_defined_in_source
AFS,RSW,S,current,match,not_defined_in_source
AFS,STW,S,current,match,not_defined_in_source
AFT,AFW,AF,explicit,match,not_applicable
AFT,AHI,A,explicit,match,not_applicable
AFT,AHM,A,explicit,match,not_applicable
AFT,AHP,A,explicit,match,not_applicable
AFT,AHR,A,explicit,match,not_applicable
AFT,AHS,A,explicit,match,not_applicable
AFT,AHT,AT,explicit,match,not_applicable
AFT,AHW,A,explicit,match,not_applicable
AFT,AIM,A,explicit,match,not_applicable
AFT,AIP,A,explicit,match,not_applicable
AFT,AIR,A,explicit,match,not_applicable
AFT,AIS,A,explicit,match,not_applicable
AFT,AIT,AT,explicit,match,not_applicable
AFT,AIW,A,explicit,match,not_applicable
AFT,AMP,A,explicit,match,not_applicable
AFT,AMR,A,explicit,match,not_applicable
AFT,AMS,A,explicit,match,not_applicable
AFT,AMT,AT,explicit,match,not_applicable
AFT,AMW,A,explicit,match,not_applicable
AFT,APR,A,explicit,match,not_applicable
AFT,APS,A,explicit,match,not_applicable
AFT,APT,AT,explicit,match,not_applicable
AFT,APW,A,explicit,match,not_applicable
AFT,ARS,A,explicit,match,not_applicable
AFT,ART,AT,explicit,match,not_applicable
AFT,ARW,A,explicit,match,not_applicable
AFT,AST,AT,explicit,match,not_applicable
AFT,ASW,A,explicit,match,not_applicable
AFT,ATW,AT,explicit,match,not_applicable
AFT,EFH,F,explicit,match,not_applicable
AFT,EFI,F,explicit,match,not_applicable
AFT,EFM,F,explicit,match,not_applicable
AFT,EFP,F,explicit,match,not_applicable
AFT,EFR,F,explicit,match,not_applicable
AFT,EFS,F,explicit,match,not_applicable
AFT,EFT,FT,explicit,match,not_applicable
AFT,EFW,F,explicit,match,not_applicable
AFT,EHT,T,explicit,match,not_applicable
AFT,EIT,T,explicit,match,not_applicable
AFT,EMT,T,explicit,match,not_applicable
AFT,EPT,T,explicit,match,not_applicable
AFT,ERT,T,explicit,match,not_applicable
AFT,EST,T,explicit,match,not_applicable
AFT,ETW,T,explicit,match,not_applicable
AFT,FHI,F,explicit,match,not_applicable
AFT,FHM,F,explicit,match,not_applicable
AFT,FHP,F,explicit,match,not_applicable
AFT,FHR,F,explicit,match,not_applicable
AFT,FHS,F,explicit,match,not_applicable
AFT,FHT,FT,explicit,match,not_applicable
AFT,FHW,F,explicit,match,not_applicable
AFT,FIM,F,explicit,match,not_applicable
AFT,FIP,F,explicit,match,not_applicable
AFT,FIR,F,explicit,match,not_applicable
AFT,FIS,F,explicit,match,not_applicable
AFT,FIT,FT,explicit,match,not_applicable
AFT,FIW,F,explicit,match,not_applicable
AFT,FMP,F,explicit,match,not_applicable
AFT,FMR,F,explicit,match,not_applicable
AFT,FMS,F,explicit,match,not_applicable
AFT,FMT,FT,explicit,match,not_applicable
AFT,FMW,F,explicit,match,not_applicable
AFT,FPR,F,explicit,match,not_applicable
AFT,FPS,F,explicit,match,not_applicable
AFT,FPT,FT,explicit,match,not_applicable
AFT,FPW,F,explicit,match,not_applicable
AFT,FRS,F,explicit,match,not_applicable
AFT,FRT,FT,explicit,match,not_applicable
AFT,FRW,F,explicit,match,not_applicable
AFT,FST,FT,explicit,match,not_applicable
AFT,FSW,F,explicit,match,not_applicable
AFT,FTW,FT,explicit,match,not_applicable
AFT,HIT,T,explicit,match,not_applicable
AFT,HMT,T,explicit,match,not_applicable
AFT,HPT,T,explicit,match,not_applicable
AFT,HRT,T,explicit,match,not_applicable
AFT,HST,T,explicit,match,not_applicable
AFT,HTW,T,explicit,match,not_applicable
AFT,IMT,T,explicit,match,not_applicable
AFT,IPT,T,explicit,match,not_applicable
AFT,IRT,T,explicit,match,not_applicable
AFT,IST,T,explicit,match,not_applicable
AFT,ITW,T,explicit,match,not_applicable
AFT,MPT,T,explicit,match,not_applicable
AFT,MRT,T,explicit,match,not_applicable
AFT,MST,T,explicit,match,not_applicable
AFT,MTW,T,explicit,match,not_applicable
AFT,PRT,T,explicit,match,not_applicable
AFT,PST,T,explicit,match,not_applicable
AFT,PTW,T,explicit,match,not_applicable
AFT,RST,T,explicit,match,not_applicable
AFT,RTW,T,explicit,match,not_applicable
AFT,STW,T,explicit,match,not_applicable
AFW,AHI,A,explicit,match,not_applicable
AFW,AHM,A,explicit,match,not_applicable
AFW,AHP,A,explicit,match,not_applicable
AFW,AHR,A,explicit,match,not_applicable
AFW,AHS,A,explicit,match,not_applicable
AFW,AHT,A,explicit,match,not_applicable
AFW,AHW,AW,explicit,match,not_applicable
AFW,AIM,A,explicit,match,not_applicable
AFW,AIP,A,explicit,match,not_applicable
AFW,AIR,A,explicit,match,not_applicable
AFW,AIS,A,explicit,match,not_applicable
AFW,AIT,A,explicit,match,not_applicable
AFW,AIW,AW,explicit,match,not_applicable
AFW,AMP,A,explicit,match,not_applicable
AFW,AMR,A,explicit,match,not_applicable
AFW,AMS,A,explicit,match,not_applicable
AFW,AMT,A,explicit,match,not_applicable
AFW,AMW,AW,explicit,match,not_applicable
AFW,APR,A,explicit,match,not_applicable
AFW,APS,A,explicit,match,not_applicable
AFW,APT,A,explicit,match,not_applicable
AFW,APW,AW,explicit,match,not_applicable
AFW,ARS,A,explicit,match,not_applicable
AFW,ART,A,explicit,match,not_applicable
AFW,ARW,AW,explicit,match,not_applicable
AFW,AST,A,explicit,match,not_applicable
AFW,ASW,AW,explicit,match,not_applicable
AFW,ATW,AW,explicit,match,not_applicable
AFW,EFH,F,explicit,match,not_applicable
AFW,EFI,F,explicit,match,not_applicable
AFW,EFM,F,explicit,match,not_applicable
AFW,EFP,F,explicit,match,not_applicable
AFW,EFR,F,explicit,match,not_applicable
AFW,EFS,F,explicit,match,not_applicable
AFW,EFT,F,explicit,match,not_applicable
AFW,EFW,FW,explicit,match,not_applicable
AFW,EHW,W,explicit,match,not_applicable
AFW,EIW,W,explicit,match,not_applicable
AFW,EMW,W,explicit,match,not_applicable
AFW,EPW,W,explicit,match,not_applicable
AFW,ERW,W,explicit,match,not_applicable
AFW,ESW,W,explicit,match,not_applicable
AFW,ETW,W,explicit,match,not_applicable
AFW,FHI,F,explicit,match,not_applicable
AFW,FHM,F,explicit,match,not_applicable
AFW,FHP,F,explicit,match,not_applicable
AFW,FHR,F,explicit,match,not_applicable
AFW,FHS,F,explicit,match,not_applicable
AFW,FHT,F,explicit,match,not_applicable
AFW,FHW,FW,explicit,match,not_applicable
AFW,FIM,F,explicit,match,not_applicable
AFW,FIP,F,explicit,match,not_applicable
AFW,FIR,F,explicit,match,not_applicable
AFW,FIS,F,explicit,match,not_applicable
AFW,FIT,F,explicit,match,not_applicable
AFW,FIW,FW,explicit,match,not_applicable
AFW,FMP,F,explicit,match,not_applicable
AFW,FMR,F,explicit,match,not_applicable
AFW,FMS,F,explicit,match,not_applicable
AFW,FMT,F,explicit,match,not_applicable
AFW,FMW,FW,explicit,match,not_applicable
AFW,FPR,F,explicit,match,not_applicable
AFW,FPS,F,explicit,match,not_applicable
AFW,FPT,F,explicit,match,not_applicable
AFW,FPW,FW,explicit,match,not_applicable
AFW,FRS,F,explicit,match,not_applicable
AFW,FRT,F,explicit,match,not_applicable
AFW,FRW,FW,explicit,match,not_applicable
AFW,FST,F,explicit,match,not_applicable
AFW,FSW,FW,explicit,match,not_applicable
AFW,FTW,FW,explicit,match,not_applicable
AFW,HIW,W,explicit,match,not_applicable
AFW,HMW,W,explicit,match,not_applicable
AFW,HPW,W,explicit,match,not_applicable
AFW,HRW,W,explicit,match,not_applicable
AFW,HSW,W,explicit,match,not_applicable
AFW,HTW,W,explicit,match,not_applicable
AFW,IMW,W,explicit,match,not_applicable
AFW,IPW,W,explicit,match,not_applicable
AFW,IRW,W,explicit,match,not_applicable
AFW,ISW,W,explicit,match,not_applicable
AFW,ITW,W,explicit,match,not_applicable
AFW,MPW,W,explicit,match,not_applicable
AFW,MRW,W,explicit,match,not_applicable
AFW,MSW,W,explicit,match,not_applicable
AFW,MTW,W,explicit,match,not_applicable
AFW,PRW,W,explicit,match,not_applicable
AFW,PSW,W,explicit,match,not_applicable
AFW,PTW,W,explicit,match,not_applicable
AFW,RSW,W,explicit,match,not_applicable
AFW,RTW,W,explicit,match,not_applicable
AFW,STW,W,explicit,match,not_applicable
AHI,AHM,AH,explicit,match,not_applicable
AHI,AHP,AH,explicit,match,not_applicable
AHI,AHR,AH,explicit,match,not_applicable
AHI,AHS,AH,explicit,match,not_applicable
AHI,AHT,AH,explicit,match,not_applicable
AHI,AHW,AH,explicit,match,not_applicable
AHI,AIM,AI,explicit,match,not_applicable
AHI,AIP,AI,explicit,match,not_applicable
AHI,AIR,AI,explicit,match,not_applicable
AHI,AIS,AI,explicit,match,not_applicable
AHI,AIT,AI,explicit,match,not_applicable
AHI,AIW,AI,explicit,match,not_applicable
AHI,AMP,A,explicit,match,not_applicable
AHI,AMR,A,explicit,match,not_applicable
AHI,AMS,A,explicit,match,not_applicable
AHI,AMT,A,explicit,match,not_applicable
AHI,AMW,A,explicit,match,not_applicable
AHI,APR,A,explicit,match,not_applicable
AHI,APS,A,explicit,match,not_applicable
AHI,APT,A,explicit,match,not_applicable
AHI,APW,A,explicit,match,not_applicable
AHI,ARS,A,explicit,match,not_applicable
AHI,ART,A,explicit,match,not_applicable
AHI,ARW,A,explicit,match,not_applicable
AHI,AST,A,explicit,match,not_applicable
AHI,ASW,A,explicit,match,not_applicable
AHI,ATW,A,explicit,match,not_applicable
AHI,EFH,H,explicit,match,not_applicable
AHI,EFI,I,explicit,match,not_applicable
AHI,EHI,HI,explicit,match,not_applicable
AHI,EHM,H,explicit,match,not_applicable
AHI,EHP,H,explicit,match,not_applicable
AHI,EHR,H,explicit,match,not_applicable
AHI,EHS,H,explicit,match,not_applicable
AHI,EHT,H,explicit,match,not_applicable
AHI,EHW,H,explicit,match,not_applicable
AHI,EIM,I,explicit,match,not_applicable
AHI,EIP,I,explicit,match,not_applicable
AHI,EIR,I,explicit,match,not_applicable
AHI,EIS,I,explicit,match,not_applicable
AHI,EIT,I,explicit,match,not_applicable
AHI,EIW,I,explicit,match,not_applicable
AHI,FHI,HI,explicit,match,not_applicable
AHI,FHM,H,explicit,match,not_applicable
AHI,FHP,H,explicit,match,not_applicable
AHI,FHR,H,explicit,match,not_applicable
AHI,FHS,H,explicit,match,not_applicable
AHI,FHT,H,explicit,match,not_applicable
AHI,FHW,H,explicit,match,not_applicable
AHI,FIM,I,explicit,match,not_applicable
AHI,FIP,I,explicit,match,not_applicable
AHI,FIR,I,explicit,match,not_applicable
AHI,FIS,I,explicit,match,not_applicable
AHI,FIT,I,explicit,match,not_applicable
AHI,FIW,I,explicit,match,not_applicable
AHI,HIM,HI,explicit,match,not_applicable
AHI,HIP,HI,explicit,match,not_applicable
AHI,HIR,HI,explicit,match,not_applicable
AHI,HIS,HI,explicit,match,not_applicable
AHI,HIT,HI,explicit,match,not_applicable
AHI,HIW,HI,explicit,match,not_applicable
AHI,HMP,H,explicit,match,not_applicable
AHI,HMR,H,explicit,match,not_applicable
AHI,HMS,H,explicit,match,not_applicable
AHI,HMT,H,explicit,match,not_applicable
AHI,HMW,H,explicit,match,not_applicable
AHI,HPR,H,explicit,match,not_applicable
AHI,HPS,H,explicit,match,not_applicable
AHI,HPT,H,explicit,match,not_applicable
AHI,HPW,H,explicit,match,not_applicable
AHI,HRS,H,explicit,match,not_applicable
AHI,HRT,H,explicit,match,not_applicable
AHI,HRW,H,explicit,match,not_applicable
AHI,HST,H,explicit,match,not_applicable
AHI,HSW,H,explicit,match,not_applicable
AHI,HTW,H,explicit,match,not_applicable
AHI,IMP,I,explicit,match,not_applicable
AHI,IMR,I,explicit,match,not_applicable
AHI,IMS,I,explicit,match,not_applicable
AHI,IMT,I,explicit,match,not_applicable
AHI,IMW,I,explicit,match,not_applicable
AHI,IPR,I,explicit,match,not_applicable
AHI,IPS,I,explicit,match,not_applicable
AHI,IPT,I,explicit,match,not_applicable
AHI,IPW,I,explicit,match,not_applicable
AHI,IRS,I,explicit,match,not_applicable
AHI,IRT,I,explicit,match,not_applicable
AHI,IRW,I,explicit,match,not_applicable
AHI,IST,I,explicit,match,not_applicable
AHI,ISW,I,explicit,match,not_applicable
AHI,ITW,I,explicit,match,not_applicable
AHM,AHP,AH,explicit,match,not_applicable
AHM,AHR,AH,explicit,match,not_applicable
AHM,AHS,AH,explicit,match,not_applicable
AHM,AHT,AH,explicit,match,not_applicable
AHM,AHW,AH,explicit,match,not_applicable
AHM,AIM,AM,current,match,not_defined_in_source
AHM,AIP,A,explicit,match,not_applicable
AHM,AIR,A,explicit,match,not_applicable
AHM,AIS,A,explicit,match,not_applicable
AHM,AIT,A,explicit,match,not_applicable
AHM,AIW,A,explicit,match,not_applicable
AHM,AMP,AM,current,match,not_defined_in_source
AHM,AMR,AM,current,match,not_defined_in_source
AHM,AMS,AM,current,match,not_defined_in_source
AHM,AMT,AM,current,match,not_defined_in_source
AHM,AMW,AM,current,match,not_defined_in_source
AHM,APR,A,explicit,match,not_applicable
AHM,APS,A,explicit,match,not_applicable
AHM,APT,A,explicit,match,not_applicable
AHM,APW,A,explicit,match,not_applicable
AHM,ARS,A,explicit,match,not_applicable
AHM,ART,A,explicit,match,not_applicable
AHM,ARW,A,explicit,match,not_applicable
AHM,AST,A,explicit,match,not_applicable
AHM,ASW,A,explicit,match,not_applicable
AHM,ATW,A,explicit,match,not_applicable
AHM,EFH,H,explicit,match,not_applicable
AHM,EFM,M,current,match,not_defined_in_source
AHM,EHI,H,explicit,match,not_applicable
AHM,EHM,HM,current,match,not_defined_in_source
AHM,EHP,H,explicit,match,not_applicable
AHM,EHR,H,explicit,match,not_applicable
AHM,EHS,H,explicit,match,not_applicable
AHM,EHT,H,explicit,match,not_applicable
AHM,EHW,H,explicit,match,not_applicable
AHM,EIM,M,current,match,not_defined_in_source
AHM,EMP,M,current,match,not_defined_in_source
AHM,EMR,M,current,match,not_defined_in_source
AHM,EMS,M,current,match,not_defined_in_source
AHM,EMT,M,current,match,not_defined_in_source
AHM,EMW,M,current,match,not_defined_in_source
AHM,FHI,H,explicit,match,not_applicable
AHM,FHM,HM,current,match,not_defined_in_source
AHM,FHP,H,explicit,match,not_applicable
AHM,FHR,H,explicit,match,not_applicable
AHM,FHS,H,explicit,match,not_applicable
AHM,FHT,H,explicit,match,not_applicable
AHM,FHW,H,explicit,match,not_applicable
AHM,FIM,M,current,match,not_defined_in_source
AHM,FMP,M,current,match,not_defined_in_source
AHM,FMR,M,current,match,not_defined_in_source
AHM,FMS,M,current,match,not_defined_in_source
AHM,FMT,M,current,match,not_defined_in_source
AHM,FMW,M,current,match,not_defined_in_source
AHM,HIM,HM,current,match,not_defined_in_source
AHM,HIP,H,explicit,match,not_applicable
AHM,HIR,H,explicit,match,not_applicable
AHM,HIS,H,explicit,match,not_applicable
AHM,HIT,H,explicit,match,not_applicable
AHM,HIW,H,explicit,match,not_applicable
AHM,HMP,HM,current,match,not_defined_in_source
AHM,HMR,HM,current,match,not_defined_in_source
AHM,HMS,HM,current,match,not_defined_in_source
AHM,HMT,HM,current,match,not_defined_in_source
AHM,HMW,HM,current,match,not_defined_in_source
AHM,HPR,H,explicit,match,not_applicable
AHM,HPS,H,explicit,match,not_applicable
AHM,HPT,H,explicit,match,not_applicable
AHM,HPW,H,explicit,match,not_applicable
AHM,HRS,H,explicit,match,not_applicable
AHM,HRT,H,explicit,match,not_applicable
AHM,HRW,H,explicit,match,not_applicable
AHM,HST,H,explicit,match,not_applicable
AHM,HSW,H,explicit,match,not_applicable
AHM,HTW,H,explicit,match,not_applicable
AHM,IMP,M,current,match,not_defined_in_source
AHM,IMR,M,current,match,not_defined_in_source
AHM,IMS,M,current,match,not_defined_in_source
AHM,IMT,M,current,match,not_defined_in_source
AHM,IMW,M,current,match,not_defined_in_source
AHM,MPR,M,current,match,not_defined_in_source
AHM,MPS,M,current,match,not_defined_in_source
AHM,MPT,M,current,match,not_defined_in_source
AHM,MPW,M,current,match,not_defined_in_source
AHM,MRS,M,current,match,not_defined_in_source
AHM,MRT,M,current,match,not_defined_in_source
AHM,MRW,M,current,match,not_defined_in_source
AHM,MST,M,current,match,not_defined_in_source
AHM,MSW,M,current,match,not_defined_in_source
AHM,MTW,M,current,match,not_defined_in_source
AHP,AHR,AH,explicit,match,not_applicable
AHP,AHS,AH,explicit,match,not_applicable
AHP,AHT,AH,explicit,match,not_applicable
AHP,AHW,AH,explicit,match,not_applicable
AHP,AIM,A,explicit,match,not_applicable
AHP,AIP,AP,explicit,match,not_applicable
AHP,AIR,A,explicit,match,not_applicable
AHP,AIS,A,explicit,match,not_applicable
AHP,AIT,A,explicit,match,not_applicable
AHP,AIW,A,explicit,match,not_applicable
AHP,AMP,AP,explicit,match,not_applicable
AHP,AMR,A,explicit,match,not_applicable
AHP,AMS,A,explicit,match,not_applicable
AHP,AMT,A,explicit,match,not_applicable
AHP,AMW,A,explicit,match,not_applicable
AHP,APR,AP,explicit,match,not_applicable
AHP,APS,AP,explicit,match,not_applicable
AHP,APT,AP,explicit,match,not_applicable
AHP,APW,AP,explicit,match,not_applicable
AHP,ARS,A,explicit,match,not_applicable
AHP,ART,A,explicit,match,not_applicable
AHP,ARW,A,explicit,match,not_applicable
AHP,AST,A,explicit,match,not_applicable
AHP,ASW,A,explicit,match,not_applicable
AHP,ATW,A,explicit,match,not_applicable
AHP,EFH,H,explicit,match,not_applicable
AHP,EFP,P,explicit,match,not_applicable
AHP,EHI,H,explicit,match,not_applicable
AHP,EHM,H,explicit,match,not_applicable
AHP,EHP,HP,explicit,match,not_applicable
AHP,EHR,H,explicit,match,not_applicable
AHP,EHS,H,explicit,match,not_applicable
AHP,EHT,H,explicit,match,not_applicable
AHP,EHW,H,explicit,match,not_applicable
AHP,EIP,P,explicit,match,not_applicable
AHP,EMP,P,explicit,match,not_applicable
AHP,EPR,P,explicit,match,not_applicable
AHP,EPS,P,explicit,match,not_applicable
AHP,EPT,P,explicit,match,not_applicable
AHP,EPW,P,explicit,match,not_applicable
AHP,FHI,H,explicit,match,not_applicable
AHP,FHM,H,explicit,match,not_applicable
AHP,FHP,HP,explicit,match,not_applicable
AHP,FHR,H,explicit,match,not_applicable
AHP,FHS,H,explicit,match,not_applicable
AHP,FHT,H,explicit,match,not_applicable
AHP,FHW,H,explicit,match,not_applicable
AHP,FIP,P,explicit,match,not_applicable
AHP,FMP,P,explicit,match,not_applicable
AHP,FPR,P,explicit,match,not_applicable
AHP,FPS,P,explicit,match,not_applicable
AHP,FPT,P,explicit,match,not_applicable
AHP,FPW,P,explicit,match,not_applicable
AHP,HIM,H,explicit,match,not_applicable
AHP,HIP,HP,explicit,match,not_applicable
AHP,HIR,H,explicit,match,not_applicable
AHP,HIS,H,explicit,match,not_applicable
AHP,HIT,H,explicit,match,not_applicable
AHP,HIW,H,explicit,match,not_applicable
AHP,HMP,HP,explicit,match,not_applicable
AHP,HMR,H,explicit,match,not_applicable
AHP,HMS,H,explicit,match,not_applicable
AHP,HMT,H,explicit,match,not_applicable
AHP,HMW,H,explicit,match,not_applicable
AHP,HPR,HP,explicit,match,not_applicable
AHP,HPS,HP,explicit,match,not_applicable
AHP,HPT,HP,explicit,match,not_applicable
AHP,HPW,HP,explicit,match,not_applicable
AHP,HRS,H,explicit,match,not_applicable
AHP,HRT,H,explicit,match,not_applicable
AHP,HRW,H,explicit,match,not_applicable
AHP,HST,H,explicit,match,not_applicable
AHP,HSW,H,explicit,match,not_applicable
AHP,HTW,H,explicit,match,not_applicable
AHP,IMP,P,explicit,match,not_applicable
AHP,IPR,P,explicit,match,not_applicable
AHP,IPS,P,explicit,match,not_applicable
AHP,IPT,P,explicit,match,not_applicable
AHP,IPW,P,explicit,match,not_applicable
AHP,MPR,P,explicit,match,not_applicable
AHP,MPS,P,explicit,match,not_applicable
AHP,MPT,P,explicit,match,not_applicable
AHP,MPW,P,explicit,match,not_applicable
AHP,PRS,P,explicit,match,not_applicable
AHP,PRT,P,explicit,match,not_applicable
AHP,PRW,P,explicit,match,not_applicable
AHP,PST,P,explicit,match,not_applicable
AHP,PSW,P,explicit,match,not_applicable
AHP,PTW,P,explicit,match,not_applicable
AHR,AHS,AH,explicit,match,not_applicable
AHR,AHT,AH,explicit,match,not_applicable
AHR,AHW,AH,explicit,match,not_applicable
AHR,AIM,A,explicit,match,not_applicable
AHR,AIP,A,explicit,match,not_applicable
AHR,AIR,AR,explicit,match,not_applicable
AHR,AIS,A,explicit,match,not_applicable
AHR,AIT,A,explicit,match,not_applicable
AHR,AIW,A,explicit,match,not_applicable
AHR,AMP,A,explicit,match,not_applicable
AHR,AMR,AR,explicit,match,not_applicable
AHR,AMS,A,explicit,match,not_applicable
AHR,AMT,A,explicit,match,not_applicable
AHR,AMW,A,explicit,match,not_applicable
AHR,APR,AR,explicit,match,not_applicable
AHR,APS,A,explicit,match,not_applicable
AHR,APT,A,explicit,match,not_applicable
AHR,APW,A,explicit,match,not_applicable
AHR,ARS,AR,explicit,match,not_applicable
AHR,ART,AR,explicit,match,not_applicable
AHR,ARW,AR,explicit,match,not_applicable
AHR,AST,A,explicit,match,not_applicable
AHR,ASW,A,explicit,match,not_applicable
AHR,ATW,A,explicit,match,not_applicable
AHR,EFH,H,explicit,match,not_applicable
AHR,EFR,R,explicit,match,not_applicable
AHR,EHI,H,explicit,match,not_applicable
AHR,EHM,H,explicit,match,not_applicable
AHR,EHP,H,explicit,match,not_applicable
AHR,EHR,HR,explicit,match,not_applicable
AHR,EHS,H,explicit,match,not_applicable
AHR,EHT,H,explicit,match,not_applicable
AHR,EHW,H,explicit,match,not_applicable
AHR,EIR,R,explicit,match,not_applicable
AHR,EMR,R,explicit,match,not_applicable
AHR,EPR,R,explicit,match,not_applicable
AHR,ERS,R,explicit,match,not_applicable
AHR,ERT,R,explicit,match,not_applicable
AHR,ERW,R,explicit,match,not_applicable
AHR,FHI,H,explicit,match,not_applicable
AHR,FHM,H,explicit,match,not_applicable
AHR,FHP,H,explicit,match,not_applicable
AHR,FHR,HR,explicit,match,not_applicable
AHR,FHS,H,explicit,match,not_applicable
AHR,FHT,H,explicit,match,not_applicable
AHR,FHW,H,explicit,match,not_applicable
AHR,FIR,R,explicit,match,not_applicable
AHR,FMR,R,explicit,match,not_applicable
AHR,FPR,R,explicit,match,not_applicable
AHR,FRS,R,explicit,match,not_applicable
AHR,FRT,R,explicit,match,not_applicable
AHR,FRW,R,explicit,match,not_applicable
AHR,HIM,H,explicit,match,not_applicable
AHR,HIP,H,explicit,match,not_applicable
AHR,HIR,HR,explicit,match,not_applicable
AHR,HIS,H,explicit,match,not_applicable
AHR,HIT,H,explicit,match,not_applicable
AHR,HIW,H,explicit,match,not_applicable
AHR,HMP,H,explicit,match,not_applicable
AHR,HMR,HR,explicit,match,not_applicable
AHR,HMS,H,explicit,match,not_applicable
AHR,HMT,H,explicit,match,not_applicable
AHR,HMW,H,explicit,match,not_applicable
AHR,HPR,HR,explicit,match,not_applicable
AHR,HPS,H,explicit,match,not_applicable
AHR,HPT,H,explicit,match,not_applicable
AHR,HPW,H,explicit,match,not_applicable
AHR,HRS,HR,explicit,match,not_applicable
AHR,HRT,HR,explicit,match,not_applicable
AHR,HRW,HR,explicit,match,not_applicable
AHR,HST,H,explicit,match,not_applicable
AHR,HSW,H,explicit,match,not_applicable
AHR,HTW,H,explicit,match,not_applicable
AHR,IMR,R,explicit,match,not_applicable
AHR,IPR,R,explicit,match,not_applicable
AHR,IRS,R,explicit,match,not_applicable
AHR,IRT,R,explicit,match,not_applicable
AHR,IRW,R,explicit,match,not_applicable
AHR,MPR,R,explicit,match,not_applicable
AHR,MRS,R,explicit,match,not_applicable
AHR,MRT,R,explicit,match,not_applicable
AHR,MRW,R,explicit,match,not_applicable
AHR,PRS,R,explicit,match,not_applicable
AHR,PRT,R,explicit,match,not_applicable
AHR,PRW,R,explicit,match,not_applicable
AHR,RST,R,explicit,match,not_applicable
AHR,RSW,R,explicit,match,not_applicable
AHR,RTW,R,explicit,match,not_applicable
AHS,AHT,AH,explicit,match,not_applicable
AHS,AHW,AH,explicit,match,not_applicable
AHS,AIM,A,explicit,match,not_applicable
AHS,AIP,A,explicit,match,not_applicable
AHS,AIR,A,explicit,match,not_applicable
AHS,AIS,AS,current,match,not_defined_in_source
AHS,AIT,A,explicit,match,not_applicable
AHS,AIW,A,explicit,match,not_applicable
AHS,AMP,A,explicit,match,not_applicable
AHS,AMR,A,explicit,match,not_applicable
AHS,AMS,AS,current,match,not_defined_in_source
AHS,AMT,A,explicit,match,not_applicable
AHS,AMW,A,explicit,match,not_applicable
AHS,APR,A,explicit,match,not_applicable
AHS,APS,AS,current,match,not_defined_in_source
AHS,APT,A,explicit,match,not_applicable
AHS,APW,A,explicit,match,not_applicable
AHS,ARS,AS,current,match,not_defined_in_source
AHS,ART,A,explicit,match,not_applicable
AHS,ARW,A,explicit,match,not_applicable
AHS,AST,AS,current,match,not_defined_in_source
AHS,ASW,AS,current,match,not_defined_in_source
AHS,ATW,A,explicit,match,not_applicable
AHS,EFH,H,explicit,match,not_applicable
AHS,EFS,S,current,match,not_defined_in_source
AHS,EHI,H,explicit,match,not_applicable
AHS,EHM,H,explicit,match,not_applicable
AHS,EHP,H,explicit,match,not_applicable
AHS,EHR,H,explicit,match,not_applicable
AHS,EHS,HS,current,match,not_defined_in_source
AHS,EHT,H,explicit,match,not_applicable
AHS,EHW,H,explicit,match,not_applicable
AHS,EIS,S,current,match,not_defined_in_source
AHS,EMS,S,current,match,not_defined_in_source
AHS,EPS,S,current,match,not_defined_in_source
AHS,ERS,S,current,match,not_defined_in_source
AHS,EST,S,current,match,not_defined_in_source
AHS,ESW,S,current,match,not_defined_in_source
AHS,FHI,H,explicit,match,not_applicable
AHS,FHM,H,explicit,match,not_applicable
AHS,FHP,H,explicit,match,not_applicable
AHS,FHR,H,explicit,match,not_applicable
AHS,FHS,HS,current,match,not_defined_in_source
AHS,FHT,H,explicit,match,not_applicable
AHS,FHW,H,explicit,match,not_applicable
AHS,FIS,S,current,match,not_defined_in_source
AHS,FMS,S,current,match,not_defined_in_source
AHS,FPS,S,current,match,not_defined_in_source
AHS,FRS,S,current,match,not_defined_in_source
AHS,FST,S,current,match,not_defined_in_source
AHS,FSW,S,current,match,not_defined_in_source
AHS,HIM,H,explicit,match,not_applicable
AHS,HIP,H,explicit,match,not_applicable
AHS,HIR,H,explicit,match,not_applicable
AHS,HIS,HS,current,match,not_defined_in_source
AHS,HIT,H,explicit,match,not_applicable
AHS,HIW,H,explicit,match,not_applicable
AHS,HMP,H,explicit,match,not_applicable
AHS,HMR,H,explicit,match,not_applicable
AHS,HMS,HS,current,match,not_defined_in_source
AHS,HMT,H,explicit,match,not_applicable
AHS,HMW,H,explicit,match,not_applicable
AHS,HPR,H,explicit,match,not_applicable
AHS,HPS,HS,current,match,not_defined_in_source
AHS,HPT,H,explicit,match,not_applicable
AHS,HPW,H,explicit,match,not_applicable
AHS,HRS,HS,current,match,not_defined_in_source
AHS,HRT,H,explicit,match,not_applicable
AHS,HRW,H,explicit,match,not_applicable
AHS,HST,HS,current,match,not_defined_in_source
AHS,HSW,HS,current,match,not_defined_in_source
AHS,HTW,H,explicit,match,not_applicable
AHS,IMS,S,current,match,not_defined_in_source
AHS,IPS,S,current,match,not_defined_in_source
AHS,IRS,S,current,match,not_defined_in_source
AHS,IST,S,current,match,not_defined_in_source
AHS,ISW,S,current,match,not_defined_in_source
AHS,MPS,S,current,match,not_defined_in_source
AHS,MRS,S,current,match,not_defined_in_source
AHS,MST,S,current,match,not_defined_in_source
AHS,MSW,S,current,match,not_defined_in_source
AHS,PRS,S,current,match,not_defined_in_source
AHS,PST,S,current,match,not_defined_in_source
AHS,PSW,S,current,match,not_defined_in_source
AHS,RST,S,current,match,not_defined_in_source
AHS,RSW,S,current,match,not_defined_in_source
AHS,STW,S,current,match,not_defined_in_source
AHT,AHW,AH,explicit,match,not_applicable
AHT,AIM,A,explicit,match,not_applicable
AHT,AIP,A,explicit,match,not_applicable
AHT,AIR,A,explicit,match,not_applicable
AHT,AIS,A,explicit,match,not_applicable
AHT,AIT,AT,explicit,match,not_applicable
AHT,AIW,A,explicit,match,not_applicable
AHT,AMP,A,explicit,match,not_applicable
AHT,AMR,A,explicit,match,not_applicable
AHT,AMS,A,explicit,match,not_applicable
AHT,AMT,AT,explicit,match,not_applicable
AHT,AMW,A,explicit,match,not_applicable
AHT,APR,A,explicit,match,not_applicable
AHT,APS,A,explicit,match,not_applicable
AHT,APT,AT,explicit,match,not_applicable
AHT,APW,A,explicit,match,not_applicable
AHT,ARS,A,explicit,match,not_applicable
AHT,ART,AT,explicit,match,not_applicable
AHT,ARW,A,explicit,match,not_applicable
AHT,AST,AT,explicit,match,not_applicable
AHT,ASW,A,explicit,match,not_applicable
AHT,ATW,AT,explicit,match,not_applicable
AHT,EFH,H,explicit,match,not_applicable
AHT,EFT,T,explicit,match,not_applicable
AHT,EHI,H,explicit,match,not_applicable
AHT,EHM,H,explicit,match,not_applicable
AHT,EHP,H,explicit,match,not_applicable
AHT,EHR,H,explicit,match,not_applicable
AHT,EHS,H,explicit,match,not_applicable
AHT,EHT,HT,explicit,match,not_applicable
AHT,EHW,H,explicit,match,not_applicable
AHT,EIT,T,explicit,match,not_applicable
AHT,EMT,T,explicit,match,not_applicable
AHT,EPT,T,explicit,match,not_applicable
AHT,ERT,T,explicit,match,not_applicable
AHT,EST,T,explicit,match,not_applicable
AHT,ETW,T,explicit,match,not_applicable
AHT,FHI,H,explicit,match,not_applicable
AHT,FHM,H,explicit,match,not_applicable
AHT,FHP,H,explicit,match,not_applicable
AHT,FHR,H,explicit,match,not_applicable
AHT,FHS,H,explicit,match,not_applicable
AHT,FHT,HT,explicit,match,not_applicable
AHT,FHW,H,explicit,match,not_applicable
AHT,FIT,T,explicit,match,not_applicable
AHT,FMT,T,explicit,match,not_applicable
AHT,FPT,T,explicit,match,not_applicable
AHT,FRT,T,explicit,match,not_applicable
AHT,FST,T,explicit,match,not_applicable
AHT,FTW,T,explicit,match,not_applicable
AHT,HIM,H,explicit,match,not_applicable
AHT,HIP,H,explicit,match,not_applicable
AHT,HIR,H,explicit,match,not_applicable
AHT,HIS,H,explicit,match,not_applicable
AHT,HIT,HT,explicit,match,not_applicable
AHT,HIW,H,explicit,match,not_applicable
AHT,HMP,H,explicit,match,not_applicable
AHT,HMR,H,explicit,match,not_applicable
AHT,HMS,H,explicit,match,not_applicable
AHT,HMT,HT,explicit,match,not_applicable
AHT,HMW,H,explicit,match,not_applicable
AHT,HPR,H,explicit,match,not_applicable
AHT,HPS,H,explicit,match,not_applicable
AHT,HPT,HT,explicit,match,not_applicable
AHT,HPW,H,explicit,match,not_applicable
AHT,HRS,H,explicit,match,not_applicable
AHT,HRT,HT,explicit,match,not_applicable
AHT,HRW,H,explicit,match,not_applicable
AHT,HST,HT,explicit,match,not_applicable
AHT,HSW,H,explicit,match,not_applicable
AHT,HTW,HT,explicit,match,not_applicable
AHT,IMT,T,explicit,match,not_applicable
AHT,IPT,T,explicit,match,not_applicable
AHT,IRT,T,explicit,match,not_applicable
AHT,IST,T,explicit,match,not_applicable
AHT,ITW,T,explicit,match,not_applicable
AHT,MPT,T,explicit,match,not_applicable
AHT,MRT,T,explicit,match,not_applicable
AHT,MST,T,explicit,match,not_applicable
AHT,MTW,T,explicit,match,not_applicable
AHT,PRT,T,explicit,match,not_applicable
AHT,PST,T,explicit,match,not_applicable
AHT,PTW,T,explicit,match,not_applicable
AHT,RST,T,explicit,match,not_applicable
AHT,RTW,T,explicit,match,not_applicable
AHT,STW,T,explicit,match,not_applicable
AHW,AIM,A,explicit,match,not_applicable
AHW,AIP,A,explicit,match,not_applicable
AHW,AIR,A,explicit,match,not_applicable
AHW,AIS,A,explicit,match,not_applicable
AHW,AIT,A,explicit,match,not_applicable
AHW,AIW,AW,explicit,match,not_applicable
AHW,AMP,A,explicit,match,not_applicable
AHW,AMR,A,explicit,match,not_applicable
AHW,AMS,A,explicit,match,not_applicable
AHW,AMT,A,explicit,match,not_applicable
AHW,AMW,AW,explicit,match,not_applicable
AHW,APR,A,explicit,match,not_applicable
AHW,APS,A,explicit,match,not_applicable
AHW,APT,A,explicit,match,not_applicable
AHW,APW,AW,explicit,match,not_applicable
AHW,ARS,A,explicit,match,not_applicable
AHW,ART,A,explicit,match,not_applicable
AHW,ARW,AW,explicit,match,not_applicable
AHW,AST,A,explicit,match,not_applicable
AHW,ASW,AW,explicit,match,not_applicable
AHW,ATW,AW,explicit,match,not_applicable
AHW,EFH,H,explicit,match,not_applicable
AHW,EFW,W,explicit,match,not_applicable
AHW,EHI,H,explicit,match,not_applicable
AHW,EHM,H,explicit,match,not_applicable
AHW,EHP,H,explicit,match,not_applicable
AHW,EHR,H,explicit,match,not_applicable
AHW,EHS,H,explicit,match,not_applicable
AHW,EHT,H,explicit,match,not_applicable
AHW,EHW,HW,explicit,match,not_applicable
AHW,EIW,W,explicit,match,not_applicable
AHW,EMW,W,explicit,match,not_applicable
AHW,EPW,W,explicit,match,not_applicable
AHW,ERW,W,explicit,match,not_applicable
AHW,ESW,W,explicit,match,not_applicable
AHW,ETW,W,explicit,match,not_applicable
AHW,FHI,H,explicit,match,not_applicable
AHW,FHM,H,explicit,match,not_applicable
AHW,FHP,H,explicit,match,not_applicable
AHW,FHR,H,explicit,match,not_applicable
AHW,FHS,H,explicit,match,not_applicable
AHW,FHT,H,explicit,match,not_applicable
AHW,FHW,HW,explicit,match,not_applicable
AHW,FIW,W,explicit,match,not_applicable
AHW,FMW,W,explicit,match,not_applicable
AHW,FPW,W,explicit,match,not_applicable
AHW,FRW,W,explicit,match,not_applicable
AHW,FSW,W,explicit,match,not_applicable
AHW,FTW,W,explicit,match,not_applicable
AHW,HIM,H,explicit,match,not_applicable
AHW,HIP,H,explicit,match,not_applicable
AHW,HIR,H,explicit,match,not_applicable
AHW,HIS,H,explicit,match,not_applicable
AHW,HIT,H,explicit,match,not_applicable
AHW,HIW,HW,explicit,match,not_applicable
AHW,HMP,H,explicit,match,not_applicable
AHW,HMR,H,explicit,match,not_applicable
AHW,HMS,H,explicit,match,not_applicable
AHW,HMT,H,explicit,match,not_applicable
AHW,HMW,HW,explicit,match,not_applicable
AHW,HPR,H,explicit,match,not_applicable
AHW,HPS,H,explicit,match,not_applicable
AHW,HPT,H,explicit,match,not_applicable
AHW,HPW,HW,explicit,match,not_applicable
AHW,HRS,H,explicit,match,not_applicable
AHW,HRT,H,explicit,match,not_applicable
AHW,HRW,HW,explicit,match,not_applicable
AHW,HST,H,explicit,match,not_applicable
AHW,HSW,HW,explicit,match,not_applicable
AHW,HTW,HW,explicit,match,not_applicable
AHW,IMW,W,explicit,match,not_applicable
AHW,IPW,W,explicit,match,not_applicable
AHW,IRW,W,explicit,match,not_applicable
AHW,ISW,W,explicit,match,not_applicable
AHW,ITW,W,explicit,match,not_applicable
AHW,MPW,W,explicit,match,not_applicable
AHW,MRW,W,explicit,match,not_applicable
AHW,MSW,W,explicit,match,not_applicable
AHW,MTW,W,explicit,match,not_applicable
AHW,PRW,W,explicit,match,not_applicable
AHW,PSW,W,explicit,match,not_applicable
AHW,PTW,W,explicit,match,not_applicable
AHW,RSW,W,explicit,match,not_applicable
AHW,RTW,W,explicit,match,not_applicable
AHW,STW,W,explicit,match,not_applicable
AIM,AIP,AI,explicit,match,not_applicable
AIM,AIR,AI,explicit,match,not_applicable
AIM,AIS,AI,explicit,match,not_applicable
AIM,AIT,AI,explicit,match,not_applicable
AIM,AIW,AI,explicit,match,not_applicable
AIM,AMP,AM,current,match,not_defined_in_source
AIM,AMR,AM,current,match,not_defined_in_source
AIM,AMS,AM,current,match,not_defined_in_source
AIM,AMT,AM,current,match,not_defined_in_source
AIM,AMW,AM,current,match,not_defined_in_source
AIM,APR,A,explicit,match,not_applicable
AIM,APS,A,explicit,match,not_applicable
AIM,APT,A,explicit,match,not_applicable
AIM,APW,A,explicit,match,not_applicable
AIM,ARS,A,explicit,match,not_applicable
AIM,ART,A,explicit,match,not_applicable
AIM,ARW,A,explicit,match,not_applicable
AIM,AST,A,explicit,match,not_applicable
AIM,ASW,A,explicit,match,not_applicable
AIM,ATW,A,explicit,match,not_applicable
AIM,EFI,I,explicit,match,not_applicable
AIM,EFM,M,current,match,not_defined_in_source
AIM,EHI,I,explicit,match,not_applicable
AIM,EHM,M,current,match,not_defined_in_source
AIM,EIM,IM,current,match,not_defined_in_source
AIM,EIP,I,explicit,match,not_applicable
AIM,EIR,I,explicit,match,not_applicable
AIM,EIS,I,explicit,match,not_applicable
AIM,EIT,I,explicit,match,not_applicable
AIM,EIW,I,explicit,match,not_applicable
AIM,EMP,M,current,match,not_defined_in_source
AIM,EMR,M,current,match,not_defined_in_source
AIM,EMS,M,current,match,not_defined_in_source
AIM,EMT,M,current,match,not_defined_in_source
AIM,EMW,M,current,match,not_defined_in_source
AIM,FHI,I,explicit,match,not_applicable
AIM,FHM,M,current,match,not_defined_in_source
AIM,FIM,IM,current,match,not_defined_in_source
AIM,FIP,I,explicit,match,not_applicable
AIM,FIR,I,explicit,match,not_applicable
AIM,FIS,I,explicit,match,not_applicable
AIM,FIT,I,explicit,match,not_applicable
AIM,FIW,I,explicit,match,not_applicable
AIM,FMP,M,current,match,not_defined_in_source
AIM,FMR,M,current,match,not_defined_in_source
AIM,FMS,M,current,match,not_defined_in_source
AIM,FMT,M,current,match,not_defined_in_source
AIM,FMW,M,current,match,not_defined_in_source
AIM,HIM,IM,current,match,not_defined_in_source
AIM,HIP,I,explicit,match,not_applicable
AIM,HIR,I,explicit,match,not_applicable
AIM,HIS,I,explicit,match,not_applicable
AIM,HIT,I,explicit,match,not_applicable
AIM,HIW,I,explicit,match,not_applicable
AIM,HMP,M,current,match,not_defined_in_source
AIM,HMR,M,current,match,not_defined_in_source
AIM,HMS,M,current,match,not_defined_in_source
AIM,HMT,M,current,match,not_defined_in_source
AIM,HMW,M,current,match,not_defined_in_source
AIM,IMP,IM,current,match,not_defined_in_source
AIM,IMR,IM,current,match,not_defined_in_source
AIM,IMS,IM,current,match,not_defined_in_source
AIM,IMT,IM,current,match,not_defined_in_source
AIM,IMW,IM,current,match,not_defined_in_source
AIM,IPR,I,explicit,match,not_applicable
AIM,IPS,I,explicit,match,not_applicable
AIM,IPT,I,explicit,match,not_applicable
AIM,IPW,I,explicit,match,not_applicable
AIM,IRS,I,explicit,match,not_applicable
AIM,IRT,I,explicit,match,not_applicable
AIM,IRW,I,explicit,match,not_applicable
AIM,IST,I,explicit,match,not_applicable
AIM,ISW,I,explicit,match,not_applicable
AIM,ITW,I,explicit,match,not_applicable
AIM,MPR,M,current,match,not_defined_in_source
AIM,MPS,M,current,match,not_defined_in_source
AIM,MPT,M,current,match,not_defined_in_source
AIM,MPW,M,current,match,not_defined_in_source
AIM,MRS,M,current,match,not_defined_in_source
AIM,MRT,M,current,match,not_defined_in_source
AIM,MRW,M,current,match,not_defined_in_source
AIM,MST,M,current,match,not_defined_in_source
AIM,MSW,M,current,match,not_defined_in_source
AIM,MTW,M,current,match,not_defined_in_source
AIP,AIR,AI,explicit,match,not_applicable
AIP,AIS,AI,explicit,match,not_applicable
AIP,AIT,AI,explicit,match,not_applicable
AIP,AIW,AI,explicit,match,not_applicable
AIP,AMP,AP,explicit,match,not_applicable
AIP,AMR,A,explicit,match,not_applicable
AIP,AMS,A,explicit,match,not_applicable
AIP,AMT,A,explicit,match,not_applicable
AIP,AMW,A,explicit,match,not_applicable
AIP,APR,AP,explicit,match,not_applicable
AIP,APS,AP,explicit,match,not_applicable
AIP,APT,AP,explicit,match,not_applicable
AIP,APW,AP,explicit,match,not_applicable
AIP,ARS,A,explicit,match,not_applicable
AIP,ART,A,explicit,match,not_applicable
AIP,ARW,A,explicit,match,not_applicable
AIP,AST,A,explicit,match,not_applicable
AIP,ASW,A,explicit,match,not_applicable
AIP,ATW,A,explicit,match,not_applicable
AIP,EFI,I,explicit,match,not_applicable
AIP,EFP,P,explicit,match,not_applicable
AIP,EHI,I,explicit,match,not_applicable
AIP,EHP,P,explicit,match,not_applicable
AIP,EIM,I,explicit,match,not_applicable
AIP,EIP,IP,explicit,match,not_applicable
AIP,EIR,I,explicit,match,not_applicable
AIP,EIS,I,explicit,match,not_applicable
AIP,EIT,I,explicit,match,not_applicable
AIP,EIW,I,explicit,match,not_applicable
AIP,EMP,P,explicit,match,not_applicable
AIP,EPR,P,explicit,match,not_applicable
AIP,EPS,P,explicit,match,not_applicable
AIP,EPT,P,explicit,match,not_applicable
AIP,EPW,P,explicit,match,not_applicable
AIP,FHI,I,explicit,match,not_applicable
AIP,FHP,P,explicit,match,not_applicable
AIP,FIM,I,explicit,match,not_applicable
AIP,FIP,IP,explicit,match,not_applicable
AIP,FIR,I,explicit,match,not_applicable
AIP,FIS,I,explicit,match,not_applicable
AIP,FIT,I,explicit,match,not_applicable
AIP,FIW,I,explicit,match,not_applicable
AIP,FMP,P,explicit,match,not_applicable
AIP,FPR,P,explicit,match,not_applicable
AIP,FPS,P,explicit,match,not_applicable
AIP,FPT,P,explicit,match,not_applicable
AIP,FPW,P,explicit,match,not_applicable
AIP,HIM,I,explicit,match,not_applicable
AIP,HIP,IP,explicit,match,not_applicable
AIP,HIR,I,explicit,match,not_applicable
AIP,HIS,I,explicit,match,not_applicable
AIP,HIT,I,explicit,match,not_applicable
AIP,HIW,I,explicit,match,not_applicable
AIP,HMP,P,explicit,match,not_applicable
AIP,HPR,P,explicit,match,not_applicable
AIP,HPS,P,explicit,match,not_applicable
AIP,HPT,P,explicit,match,not_applicable
AIP,HPW,P,explicit,match,not_applicable
AIP,IMP,IP,explicit,match,not_applicable
AIP,IMR,I,explicit,match,not_applicable
AIP,IMS,I,explicit,match,not_applicable
AIP,IMT,I,explicit,match,not_applicable
AIP,IMW,I,explicit,match,not_applicable
AIP,IPR,IP,explicit,match,not_applicable
AIP,IPS,IP,explicit,match,not_applicable
AIP,IPT,IP,explicit,match,not_applicable
AIP,IPW,IP,explicit,match,not_applicable
AIP,IRS,I,explicit,match,not_applicable
AIP,IRT,I,explicit,match,not_applicable
AIP,IRW,I,explicit,match,not_applicable
AIP,IST,I,explicit,match,not_applicable
AIP,ISW,I,explicit,match,not_applicable
AIP,ITW,I,explicit,match,not_applicable
AIP,MPR,P,explicit,match,not_applicable
AIP,MPS,P,explicit,match,not_applicable
AIP,MPT,P,explicit,match,not_applicable
AIP,MPW,P,explicit,match,not_applicable
AIP,PRS,P,explicit,match,not_applicable
AIP,PRT,P,explicit,match,not_applicable
AIP,PRW,P,explicit,match,not_applicable
AIP,PST,P,explicit,match,not_applicable
AIP,PSW,P,explicit,match,not_applicable
AIP,PTW,P,explicit,match,not_applicable
AIR,AIS,AI,explicit,match,not_applicable
AIR,AIT,AI,explicit,match,not_applicable
AIR,AIW,AI,explicit,match,not_applicable
AIR,AMP,A,explicit,match,not_applicable
AIR,AMR,AR,explicit,match,not_applicable
AIR,AMS,A,explicit,match,not_applicable
AIR,AMT,A,explicit,match,not_applicable
AIR,AMW,A,explicit,match,not_applicable
AIR,APR,AR,explicit,match,not_applicable
AIR,APS,A,explicit,match,not_applicable
AIR,APT,A,explicit,match,not_applicable
AIR,APW,A,explicit,match,not_applicable
AIR,ARS,AR,explicit,match,not_applicable
AIR,ART,AR,explicit,match,not_applicable
AIR,ARW,AR,explicit,match,not_applicable
AIR,AST,A,explicit,match,not_applicable
AIR,ASW,A,explicit,match,not_applicable
AIR,ATW,A,explicit,match,not_applicable
AIR,EFI,I,explicit,match,not_applicable
AIR,EFR,R,explicit,match,not_applicable
AIR,EHI,I,explicit,match,not_applicable
AIR,EHR,R,explicit,match,not_applicable
AIR,EIM,I,explicit,match,not_applicable
AIR,EIP,I,explicit,match,not_applicable
AIR,EIR,IR,explicit,match,not_applicable
AIR,EIS,I,explicit,match,not_applicable
AIR,EIT,I,explicit,match,not_applicable
AIR,EIW,I,explicit,match,not_applicable
AIR,EMR,R,explicit,match,not_applicable
AIR,EPR,R,explicit,match,not_applicable
AIR,ERS,R,explicit,match,not_applicable
AIR,ERT,R,explicit,match,not_applicable
AIR,ERW,R,explicit,match,not_applicable
AIR,FHI,I,explicit,match,not_applicable
AIR,FHR,R,explicit,match,not_applicable
AIR,FIM,I,explicit,match,not_applicable
AIR,FIP,I,explicit,match,not_applicable
AIR,FIR,IR,explicit,match,not_applicable
AIR,FIS,I,explicit,match,not_applicable
AIR,FIT,I,explicit,match,not_applicable
AIR,FIW,I,explicit,match,not_applicable
AIR,FMR,R,explicit,match,not_applicable
AIR,FPR,R,explicit,match,not_applicable
AIR,FRS,R,explicit,match,not_applicable
AIR,FRT,R,explicit,match,not_applicable
AIR,FRW,R,explicit,match,not_applicable
AIR,HIM,I,explicit,match,not_applicable
AIR,HIP,I,explicit,match,not_applicable
AIR,HIR,IR,explicit,match,not_applicable
AIR,HIS,I,explicit,match,not_applicable
AIR,HIT,I,explicit,match,not_applicable
AIR,HIW,I,explicit,match,not_applicable
AIR,HMR,R,explicit,match,not_applicable
AIR,HPR,R,explicit,match,not_applicable
AIR,HRS,R,explicit,match,not_applicable
AIR,HRT,R,explicit,match,not_applicable
AIR,HRW,R,explicit,match,not_applicable
AIR,IMP,I,explicit,match,not_applicable
AIR,IMR,IR,explicit,match,not_applicable
AIR,IMS,I,explicit,match,not_applicable
AIR,IMT,I,explicit,match,not_applicable
AIR,IMW,I,explicit,match,not_applicable
AIR,IPR,IR,explicit,match,not_applicable
AIR,IPS,I,explicit,match,not_applicable
AIR,IPT,I,explicit,match,not_applicable
AIR,IPW,I,explicit,match,not_applicable
AIR,IRS,IR,explicit,match,not_applicable
AIR,IRT,IR,explicit,match,not_applicable
AIR,IRW,IR,explicit,match,not_applicable
AIR,IST,I,explicit,match,not_applicable
AIR,ISW,I,explicit,match,not_applicable
AIR,ITW,I,explicit,match,not_applicable
AIR,MPR,R,explicit,match,not_applicable
AIR,MRS,R,explicit,match,not_applicable
AIR,MRT,R,explicit,match,not_applicable
AIR,MRW,R,explicit,match,not_applicable
AIR,PRS,R,explicit,match,not_applicable
AIR,PRT,R,explicit,match,not_applicable
AIR,PRW,R,explicit,match,not_applicable
AIR,RST,R,explicit,match,not_applicable
AIR,RSW,R,explicit,match,not_applicable
AIR,RTW,R,explicit,match,not_applicable
AIS,AIT,AI,explicit,match,not_applicable
AIS,AIW,AI,explicit,match,not_applicable
AIS,AMP,A,explicit,match,not_applicable
AIS,AMR,A,explicit,match,not_applicable
AIS,AMS,AS,current,match,not_defined_in_source
AIS,AMT,A,explicit,match,not_applicable
AIS,AMW,A,explicit,match,not_applicable
AIS,APR,A,explicit,match,not_applicable
AIS,APS,AS,current,match,not_defined_in_source
AIS,APT,A,explicit,match,not_applicable
AIS,APW,A,explicit,match,not_applicable
AIS,ARS,AS,current,match,not_defined_in_source
AIS,ART,A,explicit,match,not_applicable
AIS,ARW,A,explicit,match,not_applicable
AIS,AST,AS,current,match,not_defined_in_source
AIS,ASW,AS,current,match,not_defined_in_source
AIS,ATW,A,explicit,match,not_applicable
AIS,EFI,I,explicit,match,not_applicable
AIS,EFS,S,current,match,not_defined_in_source
AIS,EHI,I,explicit,match,not_applicable
AIS,EHS,S,current,match,not_defined_in_source
AIS,EIM,I,explicit,match,not_applicable
AIS,EIP,I,explicit,match,not_applicable
AIS,EIR,I,explicit,match,not_applicable
AIS,EIS,IS,current,match,not_defined_in_source
AIS,EIT,I,explicit,match,not_applicable
AIS,EIW,I,explicit,match,not_applicable
AIS,EMS,S,current,match,not_defined_in_source
AIS,EPS,S,current,match,not_defined_in_source
AIS,ERS,S,current,match,not_defined_in_source
AIS,EST,S,current,match,not_defined_in_source
AIS,ESW,S,current,match,not_defined_in_source
AIS,FHI,I,explicit,match,not_applicable
AIS,FHS,S,current,match,not_defined_in_source
AIS,FIM,I,explicit,match,not_applicable
AIS,FIP,I,explicit,match,not_applicable
AIS,FIR,I,explicit,match,not_applicable
AIS,FIS,IS,current,match,not_defined_in_source
AIS,FIT,I,explicit,match,not_applicable
AIS,FIW,I,explicit,match,not_applicable
AIS,FMS,S,current,match,not_defined_in_source
AIS,FPS,S,current,match,not_defined_in_source
AIS,FRS,S,current,match,not_defined_in_source
AIS,FST,S,current,match,not_defined_in_source
AIS,FSW,S,current,match,not_defined_in_source
AIS,HIM,I,explicit,match,not_applicable
AIS,HIP,I,explicit,match,not_applicable
AIS,HIR,I,explicit,match,not_applicable
AIS,HIS,IS,current,match,not_defined_in_source
AIS,HIT,I,explicit,match,not_applicable
AIS,HIW,I,explicit,match,not_applicable
AIS,HMS,S,current,match,not_defined_in_source
AIS,HPS,S,current,match,not_defined_in_source
AIS,HRS,S,current,match,not_defined_in_source
AIS,HST,S,current,match,not_defined_in_source
AIS,HSW,S,current,match,not_defined_in_source
AIS,IMP,I,explicit,match,not_applicable
AIS,IMR,I,explicit,match,not_applicable
AIS,IMS,IS,current,match,not_defined_in_source
AIS,IMT,I,explicit,match,not_applicable
AIS,IMW,I,explicit,match,not_applicable
AIS,IPR,I,explicit,match,not_applicable
AIS,IPS,IS,current,match,not_defined_in_source
AIS,IPT,I,explicit,match,not_applicable
AIS,IPW,I,explicit,match,not_applicable
AIS,IRS,IS,current,match,not_defined_in_source
AIS,IRT,I,explicit,match,not_applicable
AIS,IRW,I,explicit,match,not_applicable
AIS,IST,IS,current,match,not_defined_in_source
AIS,ISW,IS,current,match,not_defined_in_source
AIS,ITW,I,explicit,match,not_applicable
AIS,MPS,S,current,match,not_defined_in_source
AIS,MRS,S,current,match,not_defined_in_source
AIS,MST,S,current,match,not_defined_in_source
AIS,MSW,S,current,match,not_defined_in_source
AIS,PRS,S,current,match,not_defined_in_source
AIS,PST,S,current,match,not_defined_in_source
AIS,PSW,S,current,match,not_defined_in_source
AIS,RST,S,current,match,not_defined_in_source
AIS,RSW,S,current,match,not_defined_in_source
AIS,STW,S,current,match,not_defined_in_source
AIT,AIW,AI,explicit,match,not_applicable
AIT,AMP,A,explicit,match,not_applicable
AIT,AMR,A,explicit,match,not_applicable
AIT,AMS,A,explicit,match,not_applicable
AIT,AMT,AT,explicit,match,not_applicable
AIT,AMW,A,explicit,match,not_applicable
AIT,APR,A,explicit,match,not_applicable
AIT,APS,A,explicit,match,not_applicable
AIT,APT,AT,explicit,match,not_applicable
AIT,APW,A,explicit,match,not_applicable
AIT,ARS,A,explicit,match,not_applicable
AIT,ART,AT,explicit,match,not_applicable
AIT,ARW,A,explicit,match,not_applicable
AIT,AST,AT,explicit,match,not_applicable
AIT,ASW,A,explicit,match,not_applicable
AIT,ATW,AT,explicit,match,not_applicable
AIT,EFI,I,explicit,match,not_applicable
AIT,EFT,T,explicit,match,not_applicable
AIT,EHI,I,explicit,match,not_applicable
AIT,EHT,T,explicit,match,not_applicable
AIT,EIM,I,explicit,match,not_applicable
AIT,EIP,I,explicit,match,not_applicable
AIT,EIR,I,explicit,match,not_applicable
AIT,EIS,I,explicit,match,not_applicable
AIT,EIT,IT,explicit,match,not_applicable
AIT,EIW,I,explicit,match,not_applicable
AIT,EMT,T,explicit,match,not_applicable
AIT,EPT,T,explicit,match,not_applicable
AIT,ERT,T,explicit,match,not_applicable
AIT,EST,T,explicit,match,not_applicable
AIT,ETW,T,explicit,match,not_applicable
AIT,FHI,I,explicit,match,not_applicable
AIT,FHT,T,explicit,match,not_applicable
AIT,FIM,I,explicit,match,not_applicable
AIT,FIP,I,explicit,match,not_applicable
AIT,FIR,I,explicit,match,not_applicable
AIT,FIS,I,explicit,match,not_applicable
AIT,FIT,IT,explicit,match,not_applicable
AIT,FIW,I,explicit,match,not_applicable
AIT,FMT,T,explicit,match,not_applicable
AIT,FPT,T,explicit,match,not_applicable
AIT,FRT,T,explicit,match,not_applicable
AIT,FST,T,explicit,match,not_applicable
AIT,FTW,T,explicit,match,not_applicable
AIT,HIM,I,explicit,match,not_applicable
AIT,HIP,I,explicit,match,not_applicable
AIT,HIR,I,explicit,match,not_applicable
AIT,HIS,I,explicit,match,not_applicable
AIT,HIT,IT,explicit,match,not_applicable
AIT,HIW,I,explicit,match,not_applicable
AIT,HMT,T,explicit,match,not_applicable
AIT,HPT,T,explicit,match,not_applicable
AIT,HRT,T,explicit,match,not_applicable
AIT,HST,T,explicit,match,not_applicable
AIT,HTW,T,explicit,match,not_applicable
AIT,IMP,I,explicit,match,not_applicable
AIT,IMR,I,explicit,match,not_applicable
AIT,IMS,I,explicit,match,not_applicable
AIT,IMT,IT,explicit,match,not_applicable
AIT,IMW,I,explicit,match,not_applicable
AIT,IPR,I,explicit,match,not_applicable
AIT,IPS,I,explicit,match,not_applicable
AIT,IPT,IT,explicit,match,not_applicable
AIT,IPW,I,explicit,match,not_applicable
AIT,IRS,I,explicit,match,not_applicable
AIT,IRT,IT,explicit,match,not_applicable
AIT,IRW,I,explicit,match,not_applicable
AIT,IST,IT,explicit,match,not_applicable
AIT,ISW,I,explicit,match,not_applicable
AIT,ITW,IT,explicit,match,not_applicable
AIT,MPT,T,explicit,match,not_applicable
AIT,MRT,T,explicit,match,not_applicable
AIT,MST,T,explicit,match,not_applicable
AIT,MTW,T,explicit,match,not_applicable
AIT,PRT,T,explicit,match,not_applicable
AIT,PST,T,explicit,match,not_applicable
AIT,PTW,T,explicit,match,not_applicable
AIT,RST,T,explicit,match,not_applicable
AIT,RTW,T,explicit,match,not_applicable
AIT,STW,T,explicit,match,not_applicable
AIW,AMP,A,explicit,match,not_applicable
AIW,AMR,A,explicit,match,not_applicable
AIW,AMS,A,explicit,match,not_applicable
AIW,AMT,A,explicit,match,not_applicable
AIW,AMW,AW,explicit,match,not_applicable
AIW,APR,A,explicit,match,not_applicable
AIW,APS,A,explicit,match,not_applicable
AIW,APT,A,explicit,match,not_applicable
AIW,APW,AW,explicit,match,not_applicable
AIW,ARS,A,explicit,match,not_applicable
AIW,ART,A,explicit,match,not_applicable
AIW,ARW,AW,explicit,match,not_applicable
AIW,AST,A,explicit,match,not_applicable
AIW,ASW,AW,explicit,match,not_applicable
AIW,ATW,AW,explicit,match,not_applicable
AIW,EFI,I,explicit,match,not_applicable
AIW,EFW,W,explicit,match,not_applicable
AIW,EHI,I,explicit,match,not_applicable
AIW,EHW,W,explicit,match,not_applicable
AIW,EIM,I,explicit,match,not_applicable
AIW,EIP,I,explicit,match,not_applicable
AIW,EIR,I,explicit,match,not_applicable
AIW,EIS,I,explicit,match,not_applicable
AIW,EIT,I,explicit,match,not_applicable
AIW,EIW,IW,explicit,match,not_applicable
AIW,EMW,W,explicit,match,not_applicable
AIW,EPW,W,explicit,match,not_applicable
AIW,ERW,W,explicit,match,not_applicable
AIW,ESW,W,explicit,match,not_applicable
AIW,ETW,W,explicit,match,not_applicable
AIW,FHI,I,explicit,match,not_applicable
AIW,FHW,W,explicit,match,not_applicable
AIW,FIM,I,explicit,match,not_applicable
AIW,FIP,I,explicit,match,not_applicable
AIW,FIR,I,explicit,match,not_applicable
AIW,FIS,I,explicit,match,not_applicable
AIW,FIT,I,explicit,match,not_applicable
AIW,FIW,IW,explicit,match,not_applicable
AIW,FMW,W,explicit,match,not_applicable
AIW,FPW,W,explicit,match,not_applicable
AIW,FRW,W,explicit,match,not_applicable
AIW,FSW,W,explicit,match,not_applicable
AIW,FTW,W,explicit,match,not_applicable
AIW,HIM,I,explicit,match,not_applicable
AIW,HIP,I,explicit,match,not_applicable
AIW,HIR,I,explicit,match,not_applicable
AIW,HIS,I,explicit,match,not_applicable
AIW,HIT,I,explicit,match,not_applicable
AIW,HIW,IW,explicit,match,not_applicable
AIW,HMW,W,explicit,match,not_applicable
AIW,HPW,W,explicit,match,not_applicable
AIW,HRW,W,explicit,match,not_applicable
AIW,HSW,W,explicit,match,not_applicable
AIW,HTW,W,explicit,match,not_applicable
AIW,IMP,I,explicit,match,not_applicable
AIW,IMR,I,explicit,match,not_applicable
AIW,IMS,I,explicit,match,not_applicable
AIW,IMT,I,explicit,match,not_applicable
AIW,IMW,IW,explicit,match,not_applicable
AIW,IPR,I,explicit,match,not_applicable
AIW,IPS,I,explicit,match,not_applicable
AIW,IPT,I,explicit,match,not_applicable
AIW,IPW,IW,explicit,match,not_applicable
AIW,IRS,I,explicit,match,not_applicable
AIW,IRT,I,explicit,match,not_applicable
AIW,IRW,IW,explicit,match,not_applicable
AIW,IST,I,explicit,match,not_applicable
AIW,ISW,IW,explicit,match,not_applicable
AIW,ITW,IW,explicit,match,not_applicable
AIW,MPW,W,explicit,match,not_applicable
AIW,MRW,W,explicit,match,not_applicable
AIW,MSW,W,explicit,match,not_applicable
AIW,MTW,W,explicit,match,not_applicable
AIW,PRW,W,explicit,match,not_applicable
AIW,PSW,W,explicit,match,not_applicable
AIW,PTW,W,explicit,match,not_applicable
AIW,RSW,W,explicit,match,not_applicable
AIW,RTW,W,explicit,match,not_applicable
AIW,STW,W,explicit,match,not_applicable
AMP,AMR,AM,current,match,not_defined_in_source
AMP,AMS,AM,current,match,not_defined_in_source
AMP,AMT,AM,current,match,not_defined_in_source
AMP,AMW,AM,current,match,not_defined_in_source
AMP,APR,AP,explicit,match,not_applicable
AMP,APS,AP,explicit,match,not_applicable
AMP,APT,AP,explicit,match,not_applicable
AMP,APW,AP,explicit,match,not_applicable
AMP,ARS,A,explicit,match,not_applicable
AMP,ART,A,explicit,match,not_applicable
AMP,ARW,A,explicit,match,not_applicable
AMP,AST,A,explicit,match,not_applicable
AMP,ASW,A,explicit,match,not_applicable
AMP,ATW,A,explicit,match,not_applicable
AMP,EFM,M,current,match,not_defined_in_source
AMP,EFP,P,explicit,match,not_applicable
AMP,EHM,M,current,match,not_defined_in_source
AMP,EHP,P,explicit,match,not_applicable
AMP,EIM,M,current,match,not_defined_in_source
AMP,EIP,P,explicit,match,not_applicable
AMP,EMP,MP,current,match,not_defined_in_source
AMP,EMR,M,current,match,not_defined_in_source
AMP,EMS,M,current,match,not_defined_in_source
AMP,EMT,M,current,match,not_defined_in_source
AMP,EMW,M,current,match,not_defined_in_source
AMP,EPR,P,explicit,match,not_applicable
AMP,EPS,P,explicit,match,not_applicable
AMP,EPT,P,explicit,match,not_applicable
AMP,EPW,P,explicit,match,not_applicable
AMP,FHM,M,current,match,not_defined_in_source
AMP,FHP,P,explicit,match,not_applicable
AMP,FIM,M,current,match,not_defined_in_source
AMP,FIP,P,explicit,match,not_applicable
AMP,FMP,MP,current,match,not_defined_in_source
AMP,FMR,M,current,match,not_defined_in_source
AMP,FMS,M,current,match,not_defined_in_source
AMP,FMT,M,current,match,not_defined_in_source
AMP,FMW,M,current,match,not_defined_in_source
AMP,FPR,P,explicit,match,not_applicable
AMP,FPS,P,explicit,match,not_applicable
AMP,FPT,P,explicit,match,not_applicable
AMP,FPW,P,explicit,match,not_applicable
AMP,HIM,M,current,match,not_defined_in_source
AMP,HIP,P,explicit,match,not_applicable
AMP,HMP,MP,current,match,not_defined_in_source
AMP,HMR,M,current,match,not_defined_in_source
AMP,HMS,M,current,match,not_defined_in_source
AMP,HMT,M,current,match,not_defined_in_source
AMP,HMW,M,current,match,not_defined_in_source
AMP,HPR,P,explicit,match,not_applicable
AMP,HPS,P,explicit,match,not_applicable
AMP,HPT,P,explicit,match,not_applicable
AMP,HPW,P,explicit,match,not_applicable
AMP,IMP,MP,current,match,not_defined_in_source
AMP,IMR,M,current,match,not_defined_in_source
AMP,IMS,M,current,match,not_defined_in_source
AMP,IMT,M,current,match,not_defined_in_source
AMP,IMW,M,current,match,not_defined_in_source
AMP,IPR,P,explicit,match,not_applicable
AMP,IPS,P,explicit,match,not_applicable
AMP,IPT,P,explicit,match,not_applicable
AMP,IPW,P,explicit,match,not_applicable
AMP,MPR,MP,current,match,not_defined_in_source
AMP,MPS,MP,current,match,not_defined_in_source
AMP,MPT,MP,current,match,not_defined_in_source
AMP,MPW,MP,current,match,not_defined_in_source
AMP,MRS,M,current,match,not_defined_in_source
AMP,MRT,M,current,match,not_defined_in_source
AMP,MRW,M,current,match,not_defined_in_source
AMP,MST,M,current,match,not_defined_in_source
AMP,MSW,M,current,match,not_defined_in_source
AMP,MTW,M,current,match,not_defined_in_source
AMP,PRS,P,explicit,match,not_applicable
AMP,PRT,P,explicit,match,not_applicable
AMP,PRW,P,explicit,match,not_applicable
AMP,PST,P,explicit,match,not_applicable
AMP,PSW,P,explicit,match,not_applicable
AMP,PTW,P,explicit,match,not_applicable
AMR,AMS,AM,current,match,not_defined_in_source
AMR,AMT,AM,current,match,not_defined_in_source
AMR,AMW,AM,current,match,not_defined_in_source
AMR,APR,AR,explicit,match,not_applicable
AMR,APS,A,explicit,match,not_applicable
AMR,APT,A,explicit,match,not_applicable
AMR,APW,A,explicit,match,not_applicable
AMR,ARS,AR,explicit,match,not_applicable
AMR,ART,AR,explicit,match,not_applicable
AMR,ARW,AR,explicit,match,not_applicable
AMR,AST,A,explicit,match,not_applicable
AMR,ASW,A,explicit,match,not_applicable
AMR,ATW,A,explicit,match,not_applicable
AMR,EFM,M,current,match,not_defined_in_source
AMR,EFR,R,explicit,match,not_applicable
AMR,EHM,M,current,match,not_defined_in_source
AMR,EHR,R,explicit,match,not_applicable
AMR,EIM,M,current,match,not_defined_in_source
AMR,EIR,R,explicit,match,not_applicable
AMR,EMP,M,current,match,not_defined_in_source
AMR,EMR,MR,current,match,not_defined_in_source
AMR,EMS,M,current,match,not_defined_in_source
AMR,EMT,M,current,match,not_defined_in_source
AMR,EMW,M,current,match,not_defined_in_source
AMR,EPR,R,explicit,match,not_applicable
AMR,ERS,R,explicit,match,not_applicable
AMR,ERT,R,explicit,match,not_applicable
AMR,ERW,R,explicit,match,not_applicable
AMR,FHM,M,current,match,not_defined_in_source
AMR,FHR,R,explicit,match,not_applicable
AMR,FIM,M,current,match,not_defined_in_source
AMR,FIR,R,explicit,match,not_applicable
AMR,FMP,M,current,match,not_defined_in_source
AMR,FMR,MR,current,match,not_defined_in_source
AMR,FMS,M,current,match,not_defined_in_source
AMR,FMT,M,current,match,not_defined_in_source
AMR,FMW,M,current,match,not_defined_in_source
AMR,FPR,R,explicit,match,not_applicable
AMR,FRS,R,explicit,match,not_applicable
AMR,FRT,R,explicit,match,not_applicable
AMR,FRW,R,explicit,match,not_applicable
AMR,HIM,M,current,match,not_defined_in_source
AMR,HIR,R,explicit,match,not_applicable
AMR,HMP,M,current,match,not_defined_in_source
AMR,HMR,MR,current,match,not_defined_in_source
AMR,HMS,M,current,match,not_defined_in_source
AMR,HMT,M,current,match,not_defined_in_source
AMR,HMW,M,current,match,not_defined_in_source
AMR,HPR,R,explicit,match,not_applicable
AMR,HRS,R,explicit,match,not_applicable
AMR,HRT,R,explicit,match,not_applicable
AMR,HRW,R,explicit,match,not_applicable
AMR,IMP,M,current,match,not_defined_in_source
AMR,IMR,MR,current,match,not_defined_in_source
AMR,IMS,M,current,match,not_defined_in_source
AMR,IMT,M,current,match,not_defined_in_source
AMR,IMW,M,current,match,not_defined_in_source
AMR,IPR,R,explicit,match,not_applicable
AMR,IRS,R,explicit,match,not_applicable
AMR,IRT,R,explicit,match,not_applicable
AMR,IRW,R,explicit,match,not_applicable
AMR,MPR,MR,current,match,not_defined_in_source
AMR,MPS,M,current,match,not_defined_in_source
AMR,MPT,M,current,match,not_defined_in_source
AMR,MPW,M,current,match,not_defined_in_source
AMR,MRS,MR,current,match,not_defined_in_source
AMR,MRT,MR,current,match,not_defined_in_source
AMR,MRW,MR,current,match,not_defined_in_source
AMR,MST,M,current,match,not_defined_in_source
AMR,MSW,M,current,match,not_defined_in_source
AMR,MTW,M,current,match,not_defined_in_source
AMR,PRS,R,explicit,match,not_applicable
AMR,PRT,R,explicit,match,not_applicable
AMR,PRW,R,explicit,match,not_applicable
AMR,RST,R,explicit,match,not_applicable
AMR,RSW,R,explicit,match,not_applicable
AMR,RTW,R,explicit,match,not_applicable
AMS,AMT,AM,current,match,not_defined_in_source
AMS,AMW,AM,current,match,not_defined_in_source
AMS,APR,A,explicit,match,not_applicable
AMS,APS,AS,current,match,not_defined_in_source
AMS,APT,A,explicit,match,not_applicable
AMS,APW,A,explicit,match,not_applicable
AMS,ARS,AS,current,match,not_defined_in_source
AMS,ART,A,explicit,match,not_applicable
AMS,ARW,A,explicit,match,not_applicable
AMS,AST,AS,current,match,not_defined_in_source
AMS,ASW,AS,current,match,not_defined_in_source
AMS,ATW,A,explicit,match,not_applicable
AMS,EFM,M,current,match,not_defined_in_source
AMS,EFS,S,current,match,not_defined_in_source
AMS,EHM,M,current,match,not_defined_in_source
AMS,EHS,S,current,match,not_defined_in_source
AMS,EIM,M,current,match,not_defined_in_source
AMS,EIS,S,current,match,not_defined_in_source
AMS,EMP,M,current,match,not_defined_in_source
AMS,EMR,M,current,match,not_defined_in_source
AMS,EMS,MS,current,match,not_defined_in_source
AMS,EMT,M,current,match,not_defined_in_source
AMS,EMW,M,current,match,not_defined_in_source
AMS,EPS,S,current,match,not_defined_in_source
AMS,ERS,S,current,match,not_defined_in_source
AMS,EST,S,current,match,not_defined_in_source
AMS,ESW,S,current,match,not_defined_in_source
AMS,FHM,M,current,match,not_defined_in_source
AMS,FHS,S,current,match,not_defined_in_source
AMS,FIM,M,current,match,not_defined_in_source
AMS,FIS,S,current,match,not_defined_in_source
AMS,FMP,M,current,match,not_defined_in_source
AMS,FMR,M,current,match,not_defined_in_source
AMS,FMS,MS,current,match,not_defined_in_source
AMS,FMT,M,current,match,not_defined_in_source
AMS,FMW,M,current,match,not_defined_in_source
AMS,FPS,S,current,match,not_defined_in_source
AMS,FRS,S,current,match,not_defined_in_source
AMS,FST,S,current,match,not_defined_in_source
AMS,FSW,S,current,match,not_defined_in_source
AMS,HIM,M,current,match,not_defined_in_source
AMS,HIS,S,current,match,not_defined_in_source
AMS,HMP,M,current,match,not_defined_in_source
AMS,HMR,M,current,match,not_defined_in_source
AMS,HMS,MS,current,match,not_defined_in_source
AMS,HMT,M,current,match,not_defined_in_source
AMS,HMW,M,current,match,not_defined_in_source
AMS,HPS,S,current,match,not_defined_in_source
AMS,HRS,S,current,match,not_defined_in_source
AMS,HST,S,current,match,not_defined_in_source
AMS,HSW,S,current,match,not_defined_in_source
AMS,IMP,M,current,match,not_defined_in_source
AMS,IMR,M,current,match,not_defined_in_source
AMS,IMS,MS,current,match,not_defined_in_source
AMS,IMT,M,current,match,not_defined_in_source
AMS,IMW,M,current,match,not_defined_in_source
AMS,IPS,S,current,match,not_defined_in_source
AMS,IRS,S,current,match,not_defined_in_source
AMS,IST,S,current,match,not_defined_in_source
AMS,ISW,S,current,match,not_defined_in_source
AMS,MPR,M,current,match,not_defined_in_source
AMS,MPS,MS,current,match,not_defined_in_source
AMS,MPT,M,current,match,not_defined_in_source
AMS,MPW,M,current,match,not_defined_in_source
AMS,MRS,MS,current,match,not_defined_in_source
AMS,MRT,M,current,match,not_defined_in_source
AMS,MRW,M,current,match,not_defined_in_source
AMS,MST,MS,current,match,not_defined_in_source
AMS,MSW,MS,current,match,not_defined_in_source
AMS,MTW,M,current,match,not_defined_in_source
AMS,PRS,S,current,match,not_defined_in_source
AMS,PST,S,current,match,not_defined_in_source
AMS,PSW,S,current,match,not_defined_in_source
AMS,RST,S,current,match,not_defined_in_source
AMS,RSW,S,current,match,not_defined_in_source
AMS,STW,S,current,match,not_defined_in_source
AMT,AMW,AM,current,match,not_defined_in_source
AMT,APR,A,explicit,match,not_applicable
AMT,APS,A,explicit,match,not_applicable
AMT,APT,AT,explicit,match,not_applicable
AMT,APW,A,explicit,match,not_applicable
AMT,ARS,A,explicit,match,not_applicable
AMT,ART,AT,explicit,match,not_applicable
AMT,ARW,A,explicit,match,not_applicable
AMT,AST,AT,explicit,match,not_applicable
AMT,ASW,A,explicit,match,not_applicable
AMT,ATW,AT,explicit,match,not_applicable
AMT,EFM,M,current,match,not_defined_in_source
AMT,EFT,T,explicit,match,not_applicable
AMT,EHM,M,current,match,not_defined_in_source
AMT,EHT,T,explicit,match,not_applicable
AMT,EIM,M,current,match,not_defined_in_source
AMT,EIT,T,explicit,match,not_applicable
AMT,EMP,M,current,match,not_defined_in_source
AMT,EMR,M,current,match,not_defined_in_source
AMT,EMS,M,current,match,not_defined_in_source
AMT,EMT,MT,current,match,not_defined_in_source
AMT,EMW,M,current,match,not_defined_in_source
AMT,EPT,T,explicit,match,not_applicable
AMT,ERT,T,explicit,match,not_applicable
AMT,EST,T,explicit,match,not_applicable
AMT,ETW,T,explicit,match,not_applicable
AMT,FHM,M,current,match,not_defined_in_source
AMT,FHT,T,explicit,match,not_applicable
AMT,FIM,M,current,match,not_defined_in_source
AMT,FIT,T,explicit,match,not_applicable
AMT,FMP,M,current,match,not_defined_in_source
AMT,FMR,M,current,match,not_defined_in_source
AMT,FMS,M,current,match,not_defined_in_source
AMT,FMT,MT,current,match,not_defined_in_source
AMT,FMW,M,current,match,not_defined_in_source
AMT,FPT,T,explicit,match,not_applicable
AMT,FRT,T,explicit,match,not_applicable
AMT,FST,T,explicit,match,not_applicable
AMT,FTW,T,explicit,match,not_applicable
AMT,HIM,M,current,match,not_defined_in_source
AMT,HIT,T,explicit,match,not_applicable
AMT,HMP,M,current,match,not_defined_in_source
AMT,HMR,M,current,match,not_defined_in_source
AMT,HMS,M,current,match,not_defined_in_source
AMT,HMT,MT,current,match,not_defined_in_source
AMT,HMW,M,current,match,not_defined_in_source
AMT,HPT,T,explicit,match,not_applicable
AMT,HRT,T,explicit,match,not_applicable
AMT,HST,T,explicit,match,not_applicable
AMT,HTW,T,explicit,match,not_applicable
AMT,IMP,M,current,match,not_defined_in_source
AMT,IMR,M,current,match,not_defined_in_source
AMT,IMS,M,current,match,not_defined_in_source
AMT,IMT,MT,current,match,not_defined_in_source
AMT,IMW,M,current,match,not_defined_in_source
AMT,IPT,T,explicit,match,not_applicable
AMT,IRT,T,explicit,match,not_applicable
AMT,IST,T,explicit,match,not_applicable
AMT,ITW,T,explicit,match,not_applicable
AMT,MPR,M,current,match,not_defined_in_source
AMT,MPS,M,current,match,not_defined_in_source
AMT,MPT,MT,current,match,not_defined_in_source
AMT,MPW,M,current,match,not_defined_in_source
AMT,MRS,M,current,match,not_defined_in_source
AMT,MRT,MT,current,match,not_defined_in_source
AMT,MRW,M,current,match,not_defined_in_source
AMT,MST,MT,current,match,not_defined_in_source
AMT,MSW,M,current,match,not_defined_in_source
AMT,MTW,MT,current,match,not_defined_in_source
AMT,PRT,T,explicit,match,not_applicable
AMT,PST,T,explicit,match,not_applicable
AMT,PTW,T,explicit,match,not_applicable
AMT,RST,T,explicit,match,not_applicable
AMT,RTW,T,explicit,match,not_applicable
AMT,STW,T,explicit,match,not_applicable
AMW,APR,A,explicit,match,not_applicable
AMW,APS,A,explicit,match,not_applicable
AMW,APT,A,explicit,match,not_applicable
AMW,APW,AW,explicit,match,not_applicable
AMW,ARS,A,explicit,match,not_applicable
AMW,ART,A,explicit,match,not_applicable
AMW,ARW,AW,explicit,match,not_applicable
AMW,AST,A,explicit,match,not_applicable
AMW,ASW,AW,explicit,match,not_applicable
AMW,ATW,AW,explicit,match,not_applicable
AMW,EFM,M,current,match,not_defined_in_source
AMW,EFW,W,explicit,match,not_applicable
AMW,EHM,M,current,match,not_defined_in_source
AMW,EHW,W,explicit,match,not_applicable
AMW,EIM,M,current,match,not_defined_in_source
AMW,EIW,W,explicit,match,not_applicable
AMW,EMP,M,current,match,not_defined_in_source
AMW,EMR,M,current,match,not_defined_in_source
AMW,EMS,M,current,match,not_defined_in_source
AMW,EMT,M,current,match,not_defined_in_source
AMW,EMW,MW,current,match,not_defined_in_source
AMW,EPW,W,explicit,match,not_applicable
AMW,ERW,W,explicit,match,not_applicable
AMW,ESW,W,explicit,match,not_applicable
AMW,ETW,W,explicit,match,not_applicable
AMW,FHM,M,current,match,not_defined_in_source
AMW,FHW,W,explicit,match,not_applicable
AMW,FIM,M,current,match,not_defined_in_source
AMW,FIW,W,explicit,match,not_applicable
AMW,FMP,M,current,match,not_defined_in_source
AMW,FMR,M,current,match,not_defined_in_source
AMW,FMS,M,current,match,not_defined_in_source
AMW,FMT,M,current,match,not_defined_in_source
AMW,FMW,MW,current,match,not_defined_in_source
AMW,FPW,W,explicit,match,not_applicable
AMW,FRW,W,explicit,match,not_applicable
AMW,FSW,W,explicit,match,not_applicable
AMW,FTW,W,explicit,match,not_applicable
AMW,HIM,M,current,match,not_defined_in_source
AMW,HIW,W,explicit,match,not_applicable
AMW,HMP,M,current,match,not_defined_in_source
AMW,HMR,M,current,match,not_defined_in_source
AMW,HMS,M,current,match,not_defined_in_source
AMW,HMT,M,current,match,not_defined_in_source
AMW,HMW,MW,current,match,not_defined_in_source
AMW,HPW,W,explicit,match,not_applicable
AMW,HRW,W,explicit,match,not_applicable
AMW,HSW,W,explicit,match,not_applicable
AMW,HTW,W,explicit,match,not_applicable
AMW,IMP,M,current,match,not_defined_in_source
AMW,IMR,M,current,match,not_defined_in_source
AMW,IMS,M,current,match,not_defined_in_source
AMW,IMT,M,current,match,not_defined_in_source
AMW,IMW,MW,current,match,not_defined_in_source
AMW,IPW,W,explicit,match,not_applicable
AMW,IRW,W,explicit,match,not_applicable
AMW,ISW,W,explicit,match,not_applicable
AMW,ITW,W,explicit,match,not_applicable
AMW,MPR,M,current,match,not_defined_in_source
AMW,MPS,M,current,match,not_defined_in_source
AMW,MPT,M,current,match,not_defined_in_source
AMW,MPW,MW,current,match,not_defined_in_source
AMW,MRS,M,current,match,not_defined_in_source
AMW,MRT,M,current,match,not_defined_in_source
AMW,MRW,MW,current,match,not_defined_in_source
AMW,MST,M,current,match,not_defined_in_source
AMW,MSW,MW,current,match,not_defined_in_source
AMW,MTW,MW,current,match,not_defined_in_source
AMW,PRW,W,explicit,match,not_applicable
AMW,PSW,W,explicit,match,not_applicable
AMW,PTW,W,explicit,match,not_applicable
AMW,RSW,W,explicit,match,not_applicable
AMW,RTW,W,explicit,match,not_applicable
AMW,STW,W,explicit,match,not_applicable
APR,APS,AP,explicit,match,not_applicable
APR,APT,AP,explicit,match,not_applicable
APR,APW,AP,explicit,match,not_applicable
APR,ARS,AR,explicit,match,not_applicable
APR,ART,AR,explicit,match,not_applicable
APR,ARW,AR,explicit,match,not_applicable
APR,AST,A,explicit,match,not_applicable
APR,ASW,A,explicit,match,not_applicable
APR,ATW,A,explicit,match,not_applicable
APR,EFP,P,explicit,match,not_applicable
APR,EFR,R,explicit,match,not_applicable
APR,EHP,P,explicit,match,not_applicable
APR,EHR,R,explicit,match,not_applicable
APR,EIP,P,explicit,match,not_applicable
APR,EIR,R,explicit,match,not_applicable
APR,EMP,P,explicit,match,not_applicable
APR,EMR,R,explicit,match,not_applicable
APR,EPR,PR,explicit,match,not_applicable
APR,EPS,P,explicit,match,not_applicable
APR,EPT,P,explicit,match,not_applicable
APR,EPW,P,explicit,match,not_applicable
APR,ERS,R,explicit,match,not_applicable
APR,ERT,R,explicit,match,not_applicable
APR,ERW,R,explicit,match,not_applicable
APR,FHP,P,explicit,match,not_applicable
APR,FHR,R,explicit,match,not_applicable
APR,FIP,P,explicit,match,not_applicable
APR,FIR,R,explicit,match,not_applicable
APR,FMP,P,explicit,match,not_applicable
APR,FMR,R,explicit,match,not_applicable
APR,FPR,PR,explicit,match,not_applicable
APR,FPS,P,explicit,match,not_applicable
APR,FPT,P,explicit,match,not_applicable
APR,FPW,P,explicit,match,not_applicable
APR,FRS,R,explicit,match,not_applicable
APR,FRT,R,explicit,match,not_applicable
APR,FRW,R,explicit,match,not_applicable
APR,HIP,P,explicit,match,not_applicable
APR,HIR,R,explicit,match,not_applicable
APR,HMP,P,explicit,match,not_applicable
APR,HMR,R,explicit,match,not_applicable
APR,HPR,PR,explicit,match,not_applicable
APR,HPS,P,explicit,match,not_applicable
APR,HPT,P,explicit,match,not_applicable
APR,HPW,P,explicit,match,not_applicable
APR,HRS,R,explicit,match,not_applicable
APR,HRT,R,explicit,match,not_applicable
APR,HRW,R,explicit,match,not_applicable
APR,IMP,P,explicit,match,not_applicable
APR,IMR,R,explicit,match,not_applicable
APR,IPR,PR,explicit,match,not_applicable
APR,IPS,P,explicit,match,not_applicable
APR,IPT,P,explicit,match,not_applicable
APR,IPW,P,explicit,match,not_applicable
APR,IRS,R,explicit,match,not_applicable
APR,IRT,R,explicit,match,not_applicable
APR,IRW,R,explicit,match,not_applicable
APR,MPR,PR,explicit,match,not_applicable
APR,MPS,P,explicit,match,not_applicable
APR,MPT,P,explicit,match,not_applicable
APR,MPW,P,explicit,match,not_applicable
APR,MRS,R,explicit,match,not_applicable
APR,MRT,R,explicit,match,not_applicable
APR,MRW,R,explicit,match,not_applicable
APR,PRS,PR,explicit,match,not_applicable
APR,PRT,PR,explicit,match,not_applicable
APR,PRW,PR,explicit,match,not_applicable
APR,PST,P,explicit,match,not_applicable
APR,PSW,P,explicit,match,not_applicable
APR,PTW,P,explicit,match,not_applicable
APR,RST,R,explicit,match,not_applicable
APR,RSW,R,explicit,match,not_applicable
APR,RTW,R,explicit,match,not_applicable
APS,APT,AP,explicit,match,not_applicable
APS,APW,AP,explicit,match,not_applicable
APS,ARS,AS,current,match,not_defined_in_source
APS,ART,A,explicit,match,not_applicable
APS,ARW,A,explicit,match,not_applicable
APS,AST,AS,current,match,not_defined_in_source
APS,ASW,AS,current,match,not_defined_in_source
APS,ATW,A,explicit,match,not_applicable
APS,EFP,P,explicit,match,not_applicable
APS,EFS,S,current,match,not_defined_in_source
APS,EHP,P,explicit,match,not_applicable
APS,EHS,S,current,match,not_defined_in_source
APS,EIP,P,explicit,match,not_applicable
APS,EIS,S,current,match,not_defined_in_source
APS,EMP,P,explicit,match,not_applicable
APS,EMS,S,current,match,not_defined_in_source
APS,EPR,P,explicit,match,not_applicable
APS,EPS,PS,current,match,not_defined_in_source
APS,EPT,P,explicit,match,not_applicable
APS,EPW,P,explicit,match,not_applicable
APS,ERS,S,current,match,not_defined_in_source
APS,EST,S,current,match,not_defined_in_source
APS,ESW,S,current,match,not_defined_in_source
APS,FHP,P,explicit,match,not_applicable
APS,FHS,S,current,match,not_defined_in_source
APS,FIP,P,explicit,match,not_applicable
APS,FIS,S,current,match,not_defined_in_source
APS,FMP,P,explicit,match,not_applicable
APS,FMS,S,current,match,not_defined_in_source
APS,FPR,P,explicit,match,not_applicable
APS,FPS,PS,current,match,not_defined_in_source
APS,FPT,P,explicit,match,not_applicable
APS,FPW,P,explicit,match,not_applicable
APS,FRS,S,current,match,not_defined_in_source
APS,FST,S,current,match,not_defined_in_source
APS,FSW,S,current,match,not_defined_in_source
APS,HIP,P,explicit,match,not_applicable
APS,HIS,S,current,match,not_defined_in_source
APS,HMP,P,explicit,match,not_applicable
APS,HMS,S,current,match,not_defined_in_source
APS,HPR,P,explicit,match,not_applicable
APS,HPS,PS,current,match,not_defined_in_source
APS,HPT,P,explicit,match,not_applicable
APS,HPW,P,explicit,match,not_applicable
APS,HRS,S,current,match,not_defined_in_source
APS,HST,S,current,match,not_defined_in_source
APS,HSW,S,current,match,not_defined_in_source
APS,IMP,P,explicit,match,not_applicable
APS,IMS,S,current,match,not_defined_in_source
APS,IPR,P,explicit,match,not_applicable
APS,IPS,PS,current,match,not_defined_in_source
APS,IPT,P,explicit,match,not_applicable
APS,IPW,P,explicit,match,not_applicable
APS,IRS,S,current,match,not_defined_in_source
APS,IST,S,current,match,not_defined_in_source
APS,ISW,S,current,match,not_defined_in_source
APS,MPR,P,explicit,match,not_applicable
APS,MPS,PS,current,match,not_defined_in_source
APS,MPT,P,explicit,match,not_applicable
APS,MPW,P,explicit,match,not_applicable
APS,MRS,S,current,match,not_defined_in_source
APS,MST,S,current,match,not_defined_in_source
APS,MSW,S,current,match,not_defined_in_source
APS,PRS,PS,current,match,not_defined_in_source
APS,PRT,P,explicit,match,not_applicable
APS,PRW,P,explicit,match,not_applicable
APS,PST,PS,current,match,not_defined_in_source
APS,PSW,PS,current,match,not_defined_in_source
APS,PTW,P,explicit,match,not_applicable
APS,RST,S,current,match,not_defined_in_source
APS,RSW,S,current,match,not_defined_in_source
APS,STW,S,current,match,not_defined_in_source
APT,APW,AP,explicit,match,not_applicable
APT,ARS,A,explicit,match,not_applicable
APT,ART,AT,explicit,match,not_applicable
APT,ARW,A,explicit,match,not_applicable
APT,AST,AT,explicit,match,not_applicable
APT,ASW,A,explicit,match,not_applicable
APT,ATW,AT,explicit,match,not_applicable
APT,EFP,P,explicit,match,not_applicable
APT,EFT,T,explicit,match,not_applicable
APT,EHP,P,explicit,match,not_applicable
APT,EHT,T,explicit,match,not_applicable
APT,EIP,P,explicit,match,not_applicable
APT,EIT,T,explicit,match,not_applicable
APT,EMP,P,explicit,match,not_applicable
APT,EMT,T,explicit,match,not_applicable
APT,EPR,P,explicit,match,not_applicable
APT,EPS,P,explicit,match,not_applicable
APT,EPT,PT,explicit,match,not_applicable
APT,EPW,P,explicit,match,not_applicable
APT,ERT,T,explicit,match,not_applicable
APT,EST,T,explicit,match,not_applicable
APT,ETW,T,explicit,match,not_applicable
APT,FHP,P,explicit,match,not_applicable
APT,FHT,T,explicit,match,not_applicable
APT,FIP,P,explicit,match,not_applicable
APT,FIT,T,explicit,match,not_applicable
APT,FMP,P,explicit,match,not_applicable
APT,FMT,T,explicit,match,not_applicable
APT,FPR,P,explicit,match,not_applicable
APT,FPS,P,explicit,match,not_applicable
APT,FPT,PT,explicit,match,not_applicable
APT,FPW,P,explicit,match,not_applicable
APT,FRT,T,explicit,match,not_applicable
APT,FST,T,explicit,match,not_applicable
APT,FTW,T,explicit,match,not_applicable
APT,HIP,P,explicit,match,not_applicable
APT,HIT,T,explicit,match,not_applicable
APT,HMP,P,explicit,match,not_applicable
APT,HMT,T,explicit,match,not_applicable
APT,HPR,P,explicit,match,not_applicable
APT,HPS,P,explicit,match,not_applicable
APT,HPT,PT,explicit,match,not_applicable
APT,HPW,P,explicit,match,not_applicable
APT,HRT,T,explicit,match,not_applicable
APT,HST,T,explicit,match,not_applicable
APT,HTW,T,explicit,match,not_applicable
APT,IMP,P,explicit,match,not_applicable
APT,IMT,T,explicit,match,not_applicable
APT,IPR,P,explicit,match,not_applicable
APT,IPS,P,explicit,match,not_applicable
APT,IPT,PT,explicit,match,not_applicable
APT,IPW,P,explicit,match,not_applicable
APT,IRT,T,explicit,match,not_applicable
APT,IST,T,explicit,match,not_applicable
APT,ITW,T,explicit,match,not_applicable
APT,MPR,P,explicit,match,not_applicable
APT,MPS,P,explicit,match,not_applicable
APT,MPT,PT,explicit,match,not_applicable
APT,MPW,P,explicit,match,not_applicable
APT,MRT,T,explicit,match,not_applicable
APT,MST,T,explicit,match,not_applicable
APT,MTW,T,explicit,match,not_applicable
APT,PRS,P,explicit,match,not_applicable
APT,PRT,PT,explicit,match,not_applicable
APT,PRW,P,explicit,match,not_applicable
APT,PST,PT,explicit,match,not_applicable
APT,PSW,P,explicit,match,not_applicable
APT,PTW,PT,explicit,match,not_applicable
APT,RST,T,explicit,match,not_applicable
APT,RTW,T,explicit,match,not_applicable
APT,STW,T,explicit,match,not_applicable
APW,ARS,A,explicit,match,not_applicable
APW,ART,A,explicit,match,not_applicable
APW,ARW,AW,explicit,match,not_applicable
APW,AST,A,explicit,match,not_applicable
APW,ASW,AW,explicit,match,not_applicable
APW,ATW,AW,explicit,match,not_applicable
APW,EFP,P,explicit,match,not_applicable
APW,EFW,W,explicit,match,not_applicable
APW,EHP,P,explicit,match,not_applicable
APW,EHW,W,explicit,match,not_applicable
APW,EIP,P,explicit,match,not_applicable
APW,EIW,W,explicit,match,not_applicable
APW,EMP,P,explicit,match,not_applicable
APW,EMW,W,explicit,match,not_applicable
APW,EPR,P,explicit,match,not_applicable
APW,EPS,P,explicit,match,not_applicable
APW,EPT,P,explicit,match,not_applicable
APW,EPW,PW,explicit,match,not_applicable
APW,ERW,W,explicit,match,not_applicable
APW,ESW,W,explicit,match,not_applicable
APW,ETW,W,explicit,match,not_applicable
APW,FHP,P,explicit,match,not_applicable
APW,FHW,W,explicit,match,not_applicable
APW,FIP,P,explicit,match,not_applicable
APW,FIW,W,explicit,match,not_applicable
APW,FMP,P,explicit,match,not_applicable
APW,FMW,W,explicit,match,not_applicable
APW,FPR,P,explicit,match,not_applicable
APW,FPS,P,explicit,match,not_applicable
APW,FPT,P,explicit,match,not_applicable
APW,FPW,PW,explicit,match,not_applicable
APW,FRW,W,explicit,match,not_applicable
APW,FSW,W,explicit,match,not_applicable
APW,FTW,W,explicit,match,not_applicable
APW,HIP,P,explicit,match,not_applicable
APW,HIW,W,explicit,match,not_applicable
APW,HMP,P,explicit,match,not_applicable
APW,HMW,W,explicit,match,not_applicable
APW,HPR,P,explicit,match,not_applicable
APW,HPS,P,explicit,match,not_applicable
APW,HPT,P,explicit,match,not_applicable
APW,HPW,PW,explicit,match,not_applicable
APW,HRW,W,explicit,match,not_applicable
APW,HSW,W,explicit,match,not_applicable
APW,HTW,W,explicit,match,not_applicable
APW,IMP,P,explicit,match,not_applicable
APW,IMW,W,explicit,match,not_applicable
APW,IPR,P,explicit,match,not_applicable
APW,IPS,P,explicit,match,not_applicable
APW,IPT,P,explicit,match,not_applicable
APW,IPW,PW,explicit,match,not_applicable
APW,IRW,W,explicit,match,not_applicable
APW,ISW,W,explicit,match,not_applicable
APW,ITW,W,explicit,match,not_applicable
APW,MPR,P,explicit,match,not_applicable
APW,MPS,P,explicit,match,not_applicable
APW,MPT,P,explicit,match,not_applicable
APW,MPW,PW,explicit,match,not_applicable
APW,MRW,W,explicit,match,not_applicable
APW,MSW,W,explicit,match,not_applicable
APW,MTW,W,explicit,match,not_applicable
APW,PRS,P,explicit,match,not_applicable
APW,PRT,P,explicit,match,not_applicable
APW,PRW,PW,explicit,match,not_applicable
APW,PST,P,explicit,match,not_applicable
APW,PSW,PW,explicit,match,not_applicable
APW,PTW,PW,explicit,match,not_applicable
APW,RSW,W,explicit,match,not_applicable
APW,RTW,W,explicit,match,not_applicable
APW,STW,W,explicit,match,not_applicable
ARS,ART,AR,explicit,match,not_applicable
ARS,ARW,AR,explicit,match,not_applicable
ARS,AST,AS,current,match,not_defined_in_source
ARS,ASW,AS,current,match,not_defined_in_source
ARS,ATW,A,explicit,match,not_applicable
ARS,EFR,R,explicit,match,not_applicable
ARS,EFS,S,current,match,not_defined_in_source
ARS,EHR,R,explicit,match,not_applicable
ARS,EHS,S,current,match,not_defined_in_source
ARS,EIR,R,explicit,match,not_applicable
ARS,EIS,S,current,match,not_defined_in_source
ARS,EMR,R,explicit,match,not_applicable
ARS,EMS,S,current,match,not_defined_in_source
ARS,EPR,R,explicit,match,not_applicable
ARS,EPS,S,current,match,not_defined_in_source
ARS,ERS,RS,current,match,not_defined_in_source
ARS,ERT,R,explicit,match,not_applicable
ARS,ERW,R,explicit,match,not_applicable
ARS,EST,S,current,match,not_defined_in_source
ARS,ESW,S,current,match,not_defined_in_source
ARS,FHR,R,explicit,match,not_applicable
ARS,FHS,S,current,match,not_defined_in_source
ARS,FIR,R,explicit,match,not_applicable
ARS,FIS,S,current,match,not_defined_in_source
ARS,FMR,R,explicit,match,not_applicable
ARS,FMS,S,current,match,not_defined_in_source
ARS,FPR,R,explicit,match,not_applicable
ARS,FPS,S,current,match,not_defined_in_source
ARS,FRS,RS,current,match,not_defined_in_source
ARS,FRT,R,explicit,match,not_applicable
ARS,FRW,R,explicit,match,not_applicable
ARS,FST,S,current,match,not_defined_in_source
ARS,FSW,S,current,match,not_defined_in_source
ARS,HIR,R,explicit,match,not_applicable
ARS,HIS,S,current,match,not_defined_in_source
ARS,HMR,R,explicit,match,not_applicable
ARS,HMS,S,current,match,not_defined_in_source
ARS,HPR,R,explicit,match,not_applicable
ARS,HPS,S,current,match,not_defined_in_source
ARS,HRS,RS,current,match,not_defined_in_source
ARS,HRT,R,explicit,match,not_applicable
ARS,HRW,R,explicit,match,not_applicable
ARS,HST,S,current,match,not_defined_in_source
ARS,HSW,S,current,match,not_defined_in_source
ARS,IMR,R,explicit,match,not_applicable
ARS,IMS,S,current,match,not_defined_in_source
ARS,IPR,R,explicit,match,not_applicable
ARS,IPS,S,current,match,not_defined_in_source
ARS,IRS,RS,current,match,not_defined_in_source
ARS,IRT,R,explicit,match,not_applicable
ARS,IRW,R,explicit,match,not_applicable
ARS,IST,S,current,match,not_defined_in_source
ARS,ISW,S,current,match,not_defined_in_source
ARS,MPR,R,explicit,match,not_applicable
ARS,MPS,S,current,match,not_defined_in_source
ARS,MRS,RS,current,match,not_defined_in_source
ARS,MRT,R,explicit,match,not_applicable
ARS,MRW,R,explicit,match,not_applicable
ARS,MST,S,current,match,not_defined_in_source
ARS,MSW,S,current,match,not_defined_in_source
ARS,PRS,RS,current,match,not_defined_in_source
ARS,PRT,R,explicit,match,not_applicable
ARS,PRW,R,explicit,match,not_applicable
ARS,PST,S,current,match,not_defined_in_source
ARS,PSW,S,current,match,not_defined_in_source
ARS,RST,RS,current,match,not_defined_in_source
ARS,RSW,RS,current,match,not_defined_in_source
ARS,RTW,R,explicit,match,not_applicable
ARS,STW,S,current,match,not_defined_in_source
ART,ARW,AR,explicit,match,not_applicable
ART,AST,AT,explicit,match,not_applicable
ART,ASW,A,explicit,match,not_applicable
ART,ATW,AT,explicit,match,not_applicable
ART,EFR,R,explicit,match,not_applicable
ART,EFT,T,explicit,match,not_applicable
ART,EHR,R,explicit,match,not_applicable
ART,EHT,T,explicit,match,not_applicable
ART,EIR,R,explicit,match,not_applicable
ART,EIT,T,explicit,match,not_applicable
ART,EMR,R,explicit,match,not_applicable
ART,EMT,T,explicit,match,not_applicable
ART,EPR,R,explicit,match,not_applicable
ART,EPT,T,explicit,match,not_applicable
ART,ERS,R,explicit,match,not_applicable
ART,ERT,RT,explicit,match,not_applicable
ART,ERW,R,explicit,match,not_applicable
ART,EST,T,explicit,match,not_applicable
ART,ETW,T,explicit,match,not_applicable
ART,FHR,R,explicit,match,not_applicable
ART,FHT,T,explicit,match,not_applicable
ART,FIR,R,explicit,match,not_applicable
ART,FIT,T,explicit,match,not_applicable
ART,FMR,R,explicit,match,not_applicable
ART,FMT,T,explicit,match,not_applicable
ART,FPR,R,explicit,match,not_applicable
ART,FPT,T,explicit,match,not_applicable
ART,FRS,R,explicit,match,not_applicable
ART,FRT,RT,explicit,match,not_applicable
ART,FRW,R,explicit,match,not_applicable
ART,FST,T,explicit,match,not_applicable
ART,FTW,T,explicit,match,not_applicable
ART,HIR,R,explicit,match,not_applicable
ART,HIT,T,explicit,match,not_applicable
ART,HMR,R,explicit,match,not_applicable
ART,HMT,T,explicit,match,not_applicable
ART,HPR,R,explicit,match,not_applicable
ART,HPT,T,explicit,match,not_applicable
ART,HRS,R,explicit,match,not_applicable
ART,HRT,RT,explicit,match,not_applicable
ART,HRW,R,explicit,match,not_applicable
ART,HST,T,explicit,match,not_applicable
ART,HTW,T,explicit,match,not_applicable
ART,IMR,R,explicit,match,not_applicable
ART,IMT,T,explicit,match,not_applicable
ART,IPR,R,explicit,match,not_applicable
ART,IPT,T,explicit,match,not_applicable
ART,IRS,R,explicit,match,not_applicable
ART,IRT,RT,explicit,match,not_applicable
ART,IRW,R,explicit,match,not_applicable
ART,IST,T,explicit,match,not_applicable
ART,ITW,T,explicit,match,not_applicable
ART,MPR,R,explicit,match,not_applicable
ART,MPT,T,explicit,match,not_applicable
ART,MRS,R,explicit,match,not_applicable
ART,MRT,RT,explicit,match,not_applicable
ART,MRW,R,explicit,match,not_applicable
ART,MST,T,explicit,match,not_applicable
ART,MTW,T,explicit,match,not_applicable
ART,PRS,R,explicit,match,not_applicable
ART,PRT,RT,explicit,match,not_applicable
ART,PRW,R,explicit,match,not_applicable
ART,PST,T,explicit,match,not_applicable
ART,PTW,T,explicit,match,not_applicable
ART,RST,RT,explicit,match,not_applicable
ART,RSW,R,explicit,match,not_applicable
ART,RTW,RT,explicit,match,not_applicable
ART,STW,T,explicit,match,not_applicable
ARW,AST,A,explicit,match,not_applicable
ARW,ASW,AW,explicit,match,not_applicable
ARW,ATW,AW,explicit,match,not_applicable
ARW,EFR,R,explicit,match,not_applicable
ARW,EFW,W,explicit,match,not_applicable
ARW,EHR,R,explicit,match,not_applicable
ARW,EHW,W,explicit,match,not_applicable
ARW,EIR,R,explicit,match,not_applicable
ARW,EIW,W,explicit,match,not_applicable
ARW,EMR,R,explicit,match,not_applicable
ARW,EMW,W,explicit,match,not_applicable
ARW,EPR,R,explicit,match,not_applicable
ARW,EPW,W,explicit,match,not_applicable
ARW,ERS,R,explicit,match,not_applicable
ARW,ERT,R,explicit,match,not_applicable
ARW,ERW,RW,explicit,match,not_applicable
ARW,ESW,W,explicit,match,not_applicable
ARW,ETW,W,explicit,match,not_applicable
ARW,FHR,R,explicit,match,not_applicable
ARW,FHW,W,explicit,match,not_applicable
ARW,FIR,R,explicit,match,not_applicable
ARW,FIW,W,explicit,match,not_applicable
ARW,FMR,R,explicit,match,not_applicable
ARW,FMW,W,explicit,match,not_applicable
ARW,FPR,R,explicit,match,not_applicable
ARW,FPW,W,explicit,match,not_applicable
ARW,FRS,R,explicit,match,not_applicable
ARW,FRT,R,explicit,match,not_applicable
ARW,FRW,RW,explicit,match,not_applicable
ARW,FSW,W,explicit,match,not_applicable
ARW,FTW,W,explicit,match,not_applicable
ARW,HIR,R,explicit,match,not_applicable
ARW,HIW,W,explicit,match,not_applicable
ARW,HMR,R,explicit,match,not_applicable
ARW,HMW,W,explicit,match,not_applicable
ARW,HPR,R,explicit,match,not_applicable
ARW,HPW,W,explicit,match,not_applicable
ARW,HRS,R,explicit,match,not_applicable
ARW,HRT,R,explicit,match,not_applicable
ARW,HRW,RW,explicit,match,not_applicable
ARW,HSW,W,explicit,match,not_applicable
ARW,HTW,W,explicit,match,not_applicable
ARW,IMR,R,explicit,match,not_applicable
ARW,IMW,W,explicit,match,not_applicable
ARW,IPR,R,explicit,match,not_applicable
ARW,IPW,W,explicit,match,not_applicable
ARW,IRS,R,explicit,match,not_applicable
ARW,IRT,R,explicit,match,not_applicable
ARW,IRW,RW,explicit,match,not_applicable
ARW,ISW,W,explicit,match,not_applicable
ARW,ITW,W,explicit,match,not_applicable
ARW,MPR,R,explicit,match,not_applicable
ARW,MPW,W,explicit,match,not_applicable
ARW,MRS,R,explicit,match,not_applicable
ARW,MRT,R,explicit,match,not_applicable
ARW,MRW,RW,explicit,match,not_applicable
ARW,MSW,W,explicit,match,not_applicable
ARW,MTW,W,explicit,match,not_applicable
ARW,PRS,R,explicit,match,not_applicable
ARW,PRT,R,explicit,match,not_applicable
ARW,PRW,RW,explicit,match,not_applicable
ARW,PSW,W,explicit,match,not_applicable
ARW,PTW,W,explicit,match,not_applicable
ARW,RST,R,explicit,match,not_applicable
ARW,RSW,RW,explicit,match,not_applicable
ARW,RTW,RW,explicit,match,not_applicable
ARW,STW,W,explicit,match,not_applicable
AST,ASW,AS,current,match,not_defined_in_source
AST,ATW,AT,explicit,match,not_applicable
AST,EFS,S,current,match,not_defined_in_source
AST,EFT,T,explicit,match,not_applicable
AST,EHS,S,current,match,not_defined_in_source
AST,EHT,T,explicit,match,not_applicable
AST,EIS,S,current,match,not_defined_in_source
AST,EIT,T,explicit,match,not_applicable
AST,EMS,S,current,match,not_defined_in_source
AST,EMT,T,explicit,match,not_applicable
AST,EPS,S,current,match,not_defined_in_source
AST,EPT,T,explicit,match,not_applicable
AST,ERS,S,current,match,not_defined_in_source
AST,ERT,T,explicit,match,not_applicable
AST,EST,ST,current,match,not_defined_in_source
AST,ESW,S,current,match,not_defined_in_source
AST,ETW,T,explicit,match,not_applicable
AST,FHS,S,current,match,not_defined_in_source
AST,FHT,T,explicit,match,not_applicable
AST,FIS,S,current,match,not_defined_in_source
AST,FIT,T,explicit,match,not_applicable
AST,FMS,S,current,match,not_defined_in_source
AST,FMT,T,explicit,match,not_applicable
AST,FPS,S,current,match,not_defined_in_source
AST,FPT,T,explicit,match,not_applicable
AST,FRS,S,current,match,not_defined_in_source
AST,FRT,T,explicit,match,not_applicable
AST,FST,ST,current,match,not_defined_in_source
AST,FSW,S,current,match,not_defined_in_source
AST,FTW,T,explicit,match,not_applicable
AST,HIS,S,current,match,not_defined_in_source
AST,HIT,T,explicit,match,not_applicable
AST,HMS,S,current,match,not_defined_in_source
AST,HMT,T,explicit,match,not_applicable
AST,HPS,S,current,match,not_defined_in_source
AST,HPT,T,explicit,match,not_applicable
AST,HRS,S,current,match,not_defined_in_source
AST,HRT,T,explicit,match,not_applicable
AST,HST,ST,current,match,not_defined_in_source
AST,HSW,S,current,match,not_defined_in_source
AST,HTW,T,explicit,match,not_applicable
AST,IMS,S,current,match,not_defined_in_source
AST,IMT,T,explicit,match,not_applicable
AST,IPS,S,current,match,not_defined_in_source
AST,IPT,T,explicit,match,not_applicable
AST,IRS,S,current,match,not_defined_in_source
AST,IRT,T,explicit,match,not_applicable
AST,IST,ST,current,match,not_defined_in_source
AST,ISW,S,current,match,not_defined_in_source
AST,ITW,T,explicit,match,not_applicable
AST,MPS,S,current,match,not_defined_in_source
AST,MPT,T,explicit,match,not_applicable
AST,MRS,S,current,match,not_defined_in_source
AST,MRT,T,explicit,match,not_applicable
AST,MST,ST,current,match,not_defined_in_source
AST,MSW,S,current,match,not_defined_in_source
AST,MTW,T,explicit,match,not_applicable
AST,PRS,S,current,match,not_defined_in_source
AST,PRT,T,explicit,match,not_applicable
AST,PST,ST,current,match,not_defined_in_source
AST,PSW,S,current,match,not_defined_in_source
AST,PTW,T,explicit,match,not_applicable
AST,RST,ST,current,match,not_defined_in_source
AST,RSW,S,current,match,not_defined_in_source
AST,RTW,T,explicit,match,not_applicable
AST,STW,ST,current,match,not_defined_in_source
ASW,ATW,AW,explicit,match,not_applicable
ASW,EFS,S,current,match,not_defined_in_source
ASW,EFW,W,explicit,match,not_applicable
ASW,EHS,S,current,match,not_defined_in_source
ASW,EHW,W,explicit,match,not_applicable
ASW,EIS,S,current,match,not_defined_in_source
ASW,EIW,W,explicit,match,not_applicable
ASW,EMS,S,current,match,not_defined_in_source
ASW,EMW,W,explicit,match,not_applicable
ASW,EPS,S,current,match,not_defined_in_source
ASW,EPW,W,explicit,match,not_applicable
ASW,ERS,S,current,match,not_defined_in_source
ASW,ERW,W,explicit,match,not_applicable
ASW,EST,S,current,match,not_defined_in_source
ASW,ESW,SW,current,match,not_defined_in_source
ASW,ETW,W,explicit,match,not_applicable
ASW,FHS,S,current,match,not_defined_in_source
ASW,FHW,W,explicit,match,not_applicable
ASW,FIS,S,current,match,not_defined_in_source
ASW,FIW,W,explicit,match,not_applicable
ASW,FMS,S,current,match,not_defined_in_source
ASW,FMW,W,explicit,match,not_applicable
ASW,FPS,S,current,match,not_defined_in_source
ASW,FPW,W,explicit,match,not_applicable
ASW,FRS,S,current,match,not_defined_in_source
ASW,FRW,W,explicit,match,not_applicable
ASW,FST,S,current,match,not_defined_in_source
ASW,FSW,SW,current,match,not_defined_in_source
ASW,FTW,W,explicit,match,not_applicable
ASW,HIS,S,current,match,not_defined_in_source
ASW,HIW,W,explicit,match,not_applicable
ASW,HMS,S,current,match,not_defined_in_source
ASW,HMW,W,explicit,match,not_applicable
ASW,HPS,S,current,match,not_defined_in_source
ASW,HPW,W,explicit,match,not_applicable
ASW,HRS,S,current,match,not_defined_in_source
ASW,HRW,W,explicit,match,not_applicable
ASW,HST,S,current,match,not_defined_in_source
ASW,HSW,SW,current,match,not_defined_in_source
ASW,HTW,W,explicit,match,not_applicable
ASW,IMS,S,current,match,not_defined_in_source
ASW,IMW,W,explicit,match,not_applicable
ASW,IPS,S,current,match,not_defined_in_source
ASW,IPW,W,explicit,match,not_applicable
ASW,IRS,S,current,match,not_defined_in_source
ASW,IRW,W,explicit,match,not_applicable
ASW,IST,S,current,match,not_defined_in_source
ASW,ISW,SW,current,match,not_defined_in_source
ASW,ITW,W,explicit,match,not_applicable
ASW,MPS,S,current,match,not_defined_in_source
ASW,MPW,W,explicit,match,not_applicable
ASW,MRS,S,current,match,not_defined_in_source
ASW,MRW,W,explicit,match,not_applicable
ASW,MST,S,current,match,not_defined_in_source
ASW,MSW,SW,current,match,not_defined_in_source
ASW,MTW,W,explicit,match,not_applicable
ASW,PRS,S,current,match,not_defined_in_source
ASW,PRW,W,explicit,match,not_applicable
ASW,PST,S,current,match,not_defined_in_source
ASW,PSW,SW,current,match,not_defined_in_source
ASW,PTW,W,explicit,match,not_applicable
ASW,RST,S,current,match,not_defined_in_source
ASW,RSW,SW,current,match,not_defined_in_source
ASW,RTW,W,explicit,match,not_applicable
ASW,STW,SW,current,match,not_defined_in_source
ATW,EFT,T,explicit,match,not_applicable
ATW,EFW,W,explicit,match,not_applicable
ATW,EHT,T,explicit,match,not_applicable
ATW,EHW,W,explicit,match,not_applicable
ATW,EIT,T,explicit,match,not_applicable
ATW,EIW,W,explicit,match,not_applicable
ATW,EMT,T,explicit,match,not_applicable
ATW,EMW,W,explicit,match,not_applicable
ATW,EPT,T,explicit,match,not_applicable
ATW,EPW,W,explicit,match,not_applicable
ATW,ERT,T,explicit,match,not_applicable
ATW,ERW,W,explicit,match,not_applicable
ATW,EST,T,explicit,match,not_applicable
ATW,ESW,W,explicit,match,not_applicable
ATW,ETW,TW,explicit,match,not_applicable
ATW,FHT,T,explicit,match,not_applicable
ATW,FHW,W,explicit,match,not_applicable
ATW,FIT,T,explicit,match,not_applicable
ATW,FIW,W,explicit,match,not_applicable
ATW,FMT,T,explicit,match,not_applicable
ATW,FMW,W,explicit,match,not_applicable
ATW,FPT,T,explicit,match,not_applicable
ATW,FPW,W,explicit,match,not_applicable
ATW,FRT,T,explicit,match,not_applicable
ATW,FRW,W,explicit,match,not_applicable
ATW,FST,T,explicit,match,not_applicable
ATW,FSW,W,explicit,match,not_applicable
ATW,FTW,TW,explicit,match,not_applicable
ATW,HIT,T,explicit,match,not_applicable
ATW,HIW,W,explicit,match,not_applicable
ATW,HMT,T,explicit,match,not_applicable
ATW,HMW,W,explicit,match,not_applicable
ATW,HPT,T,explicit,match,not_applicable
ATW,HPW,W,explicit,match,not_applicable
ATW,HRT,T,explicit,match,not_applicable
ATW,HRW,W,explicit,match,not_applicable
ATW,HST,T,explicit,match,not_applicable
ATW,HSW,W,explicit,match,not_applicable
ATW,HTW,TW,explicit,match,not_applicable
ATW,IMT,T,explicit,match,not_applicable
ATW,IMW,W,explicit,match,not_applicable
ATW,IPT,T,explicit,match,not_applicable
ATW,IPW,W,explicit,match,not_applicable
ATW,IRT,T,explicit,match,not_applicable
ATW,IRW,W,explicit,match,not_applicable
ATW,IST,T,explicit,match,not_applicable
ATW,ISW,W,explicit,match,not_applicable
ATW,ITW,TW,explicit,match,not_applicable
ATW,MPT,T,explicit,match,not_applicable
ATW,MPW,W,explicit,match,not_applicable
ATW,MRT,T,explicit,match,not_applicable
ATW,MRW,W,explicit,match,not_applicable
ATW,MST,T,explicit,match,not_applicable
ATW,MSW,W,explicit,match,not_applicable
ATW,MTW,TW,explicit,match,not_applicable
ATW,PRT,T,explicit,match,not_applicable
ATW,PRW,W,explicit,match,not_applicable
ATW,PST,T,explicit,match,not_applicable
ATW,PSW,W,explicit,match,not_applicable
ATW,PTW,TW,explicit,match,not_applicable
ATW,RST,T,explicit,match,not_applicable
ATW,RSW,W,explicit,match,not_applicable
ATW,RTW,TW,explicit,match,not_applicable
ATW,STW,TW,explicit,match,not_applicable
EFH,EFI,EF,stress,match,not_defined_in_source
EFH,EFM,EF,stress,match,not_defined_in_source
EFH,EFP,EF,stress,match,not_defined_in_source
EFH,EFR,EF,stress,match,not_defined_in_source
EFH,EFS,EF,stress,match,not_defined_in_source
EFH,EFT,EF,stress,match,not_defined_in_source
EFH,EFW,EF,stress,match,not_defined_in_source
EFH,EHI,EH,stress,match,not_defined_in_source
EFH,EHM,EH,stress,match,not_defined_in_source
EFH,EHP,EH,stress,match,not_defined_in_source
EFH,EHR,EH,stress,match,not_defined_in_source
EFH,EHS,EH,stress,match,not_defined_in_source
EFH,EHT,EH,stress,match,not_defined_in_source
EFH,EHW,EH,stress,match,not_defined_in_source
EFH,EIM,E,stress,match,not_defined_in_source
EFH,EIP,E,stress,match,not_defined_in_source
EFH,EIR,E,stress,match,not_defined_in_source
EFH,EIS,E,stress,match,not_defined_in_source
EFH,EIT,E,stress,match,not_defined_in_source
EFH,EIW,E,stress,match,not_defined_in_source
EFH,EMP,E,stress,match,not_defined_in_source
EFH,EMR,E,stress,match,not_defined_in_source
EFH,EMS,E,stress,match,not_defined_in_source
EFH,EMT,E,stress,match,not_defined_in_source
EFH,EMW,E,stress,match,not_defined_in_source
EFH,EPR,E,stress,match,not_defined_in_source
EFH,EPS,E,stress,match,not_defined_in_source
EFH,EPT,E,stress,match,not_defined_in_source
EFH,EPW,E,stress,match,not_defined_in_source
EFH,ERS,E,stress,match,not_defined_in_source
EFH,ERT,E,stress,match,not_defined_in_source
EFH,ERW,E,stress,match,not_defined_in_source
EFH,EST,E,stress,match,not_defined_in_source
EFH,ESW,E,stress,match,not_defined_in_source
EFH,ETW,E,stress,match,not_defined_in_source
EFH,FHI,FH,explicit,match,not_applicable
EFH,FHM,FH,explicit,match,not_applicable
EFH,FHP,FH,explicit,match,not_applicable
EFH,FHR,FH,explicit,match,not_applicable
EFH,FHS,FH,explicit,match,not_applicable
EFH,FHT,FH,explicit,match,not_applicable
EFH,FHW,FH,explicit,match,not_applicable
EFH,FIM,F,explicit,match,not_applicable
EFH,FIP,F,explicit,match,not_applicable
EFH,FIR,F,explicit,match,not_applicable
EFH,FIS,F,explicit,match,not_applicable
EFH,FIT,F,explicit,match,not_applicable
EFH,FIW,F,explicit,match,not_applicable
EFH,FMP,F,explicit,match,not_applicable
EFH,FMR,F,explicit,match,not_applicable
EFH,FMS,F,explicit,match,not_applicable
EFH,FMT,F,explicit,match,not_applicable
EFH,FMW,F,explicit,match,not_applicable
EFH,FPR,F,explicit,match,not_applicable
EFH,FPS,F,explicit,match,not_applicable
EFH,FPT,F,explicit,match,not_applicable
EFH,FPW,F,explicit,match,not_applicable
EFH,FRS,F,explicit,match,not_applicable
EFH,FRT,F,explicit,match,not_applicable
EFH,FRW,F,explicit,match,not_applicable
EFH,FST,F,explicit,match,not_applicable
EFH,FSW,F,explicit,match,not_applicable
EFH,FTW,F,explicit,match,not_applicable
EFH,HIM,H,explicit,match,not_applicable
EFH,HIP,H,explicit,match,not_applicable
EFH,HIR,H,explicit,match,not_applicable
EFH,HIS,H,explicit,match,not_applicable
EFH,HIT,H,explicit,match,not_applicable
EFH,HIW,H,explicit,match,not_applicable
EFH,HMP,H,explicit,match,not_applicable
EFH,HMR,H,explicit,match,not_applicable
EFH,HMS,H,explicit,match,not_applicable
EFH,HMT,H,explicit,match,not_applicable
EFH,HMW,H,explicit,match,not_applicable
EFH,HPR,H,explicit,match,not_applicable
EFH,HPS,H,explicit,match,not_applicable
EFH,HPT,H,explicit,match,not_applicable
EFH,HPW,H,explicit,match,not_applicable
EFH,HRS,H,explicit,match,not_applicable
EFH,HRT,H,explicit,match,not_applicable
EFH,HRW,H,explicit,match,not_applicable
EFH,HST,H,explicit,match,not_applicable
EFH,HSW,H,explicit,match,not_applicable
EFH,HTW,H,explicit,match,not_applicable
EFI,EFM,EF,stress,match,not_defined_in_source
EFI,EFP,EF,stress,match,not_defined_in_source
EFI,EFR,EF,stress,match,not_defined_in_source
EFI,EFS,EF,stress,match,not_defined_in_source
EFI,EFT,EF,stress,match,not_defined_in_source
EFI,EFW,EF,stress,match,not_defined_in_source
EFI,EHI,EI,stress,match,not_defined_in_source
EFI,EHM,E,stress,match,not_defined_in_source
EFI,EHP,E,stress,match,not_defined_in_source
EFI,EHR,E,stress,match,not_defined_in_source
EFI,EHS,E,stress,match,not_defined_in_source
EFI,EHT,E,stress,match,not_defined_in_source
EFI,EHW,E,stress,match,not_defined_in_source
EFI,EIM,EI,stress,match,not_defined_in_source
EFI,EIP,EI,stress,match,not_defined_in_source
EFI,EIR,EI,stress,match,not_defined_in_source
EFI,EIS,EI,stress,match,not_defined_in_source
EFI,EIT,EI,stress,match,not_defined_in_source
EFI,EIW,EI,stress,match,not_defined_in_source
EFI,EMP,E,stress,match,not_defined_in_source
EFI,EMR,E,stress,match,not_defined_in_source
EFI,EMS,E,stress,match,not_defined_in_source
EFI,EMT,E,stress,match,not_defined_in_source
EFI,EMW,E,stress,match,not_defined_in_source
EFI,EPR,E,stress,match,not_defined_in_source
EFI,EPS,E,stress,match,not_defined_in_source
EFI,EPT,E,stress,match,not_defined_in_source
EFI,EPW,E,stress,match,not_defined_in_source
EFI,ERS,E,stress,match,not_defined_in_source
EFI,ERT,E,stress,match,not_defined_in_source
EFI,ERW,E,stress,match,not_defined_in_source
EFI,EST,E,stress,match,not_defined_in_source
EFI,ESW,E,stress,match,not_defined_in_source
EFI,ETW,E,stress,match,not_defined_in_source
EFI,FHI,FI,explicit,match,not_applicable
EFI,FHM,F,explicit,match,not_applicable
EFI,FHP,F,explicit,match,not_applicable
EFI,FHR,F,explicit,match,not_applicable
EFI,FHS,F,explicit,match,not_applicable
EFI,FHT,F,explicit,match,not_applicable
EFI,FHW,F,explicit,match,not_applicable
EFI,FIM,FI,explicit,match,not_applicable
EFI,FIP,FI,explicit,match,not_applicable
EFI,FIR,FI,explicit,match,not_applicable
EFI,FIS,FI,explicit,match,not_applicable
EFI,FIT,FI,explicit,match,not_applicable
EFI,FIW,FI,explicit,match,not_applicable
EFI,FMP,F,explicit,match,not_applicable
EFI,FMR,F,explicit,match,not_applicable
EFI,FMS,F,explicit,match,not_applicable
EFI,FMT,F,explicit,match,not_applicable
EFI,FMW,F,explicit,match,not_applicable
EFI,FPR,F,explicit,match,not_applicable
EFI,FPS,F,explicit,match,not_applicable
EFI,FPT,F,explicit,match,not_applicable
EFI,FPW,F,explicit,match,not_applicable
EFI,FRS,F,explicit,match,not_applicable
EFI,FRT,F,explicit,match,not_applicable
EFI,FRW,F,explicit,match,not_applicable
EFI,FST,F,explicit,match,not_applicable
EFI,FSW,F,explicit,match,not_applicable
EFI,FTW,F,explicit,match,not_applicable
EFI,HIM,I,explicit,match,not_applicable
EFI,HIP,I,explicit,match,not_applicable
EFI,HIR,I,explicit,match,not_applicable
EFI,HIS,I,explicit,match,not_applicable
EFI,HIT,I,explicit,match,not_applicable
EFI,HIW,I,explicit,match,not_applicable
EFI,IMP,I,explicit,match,not_applicable
EFI,IMR,I,explicit,match,not_applicable
EFI,IMS,I,explicit,match,not_applicable
EFI,IMT,I,explicit,match,not_applicable
EFI,IMW,I,explicit,match,not_applicable
EFI,IPR,I,explicit,match,not_applicable
EFI,IPS,I,explicit,match,not_applicable
EFI,IPT,I,explicit,match,not_applicable
EFI,IPW,I,explicit,match,not_applicable
EFI,IRS,I,explicit,match,not_applicable
EFI,IRT,I,explicit,match,not_applicable
EFI,IRW,I,explicit,match,not_applicable
EFI,IST,I,explicit,match,not_applicable
EFI,ISW,I,explicit,match,not_applicable
EFI,ITW,I,explicit,match,not_applicable
EFM,EFP,EF,stress,match,not_defined_in_source
EFM,EFR,EF,stress,match,not_defined_in_source
EFM,EFS,EF,stress,match,not_defined_in_source
EFM,EFT,EF,stress,match,not_defined_in_source
EFM,EFW,EF,stress,match,not_defined_in_source
EFM,EHI,E,stress,match,not_defined_in_source
EFM,EHM,EM,stress_and_current,match,not_defined_in_source
EFM,EHP,E,stress,match,not_defined_in_source
EFM,EHR,E,stress,match,not_defined_in_source
EFM,EHS,E,stress,match,not_defined_in_source
EFM,EHT,E,stress,match,not_defined_in_source
EFM,EHW,E,stress,match,not_defined_in_source
EFM,EIM,EM,stress_and_current,match,not_defined_in_source
EFM,EIP,E,stress,match,not_defined_in_source
EFM,EIR,E,stress,match,not_defined_in_source
EFM,EIS,E,stress,match,not_defined_in_source
EFM,EIT,E,stress,match,not_defined_in_source
EFM,EIW,E,stress,match,not_defined_in_source
EFM,EMP,EM,stress_and_current,match,not_defined_in_source
EFM,EMR,EM,stress_and_current,match,not_defined_in_source
EFM,EMS,EM,stress_and_current,match,not_defined_in_source
EFM,EMT,EM,stress_and_current,match,not_defined_in_source
EFM,EMW,EM,stress_and_current,match,not_defined_in_source
EFM,EPR,E,stress,match,not_defined_in_source
EFM,EPS,E,stress,match,not_defined_in_source
EFM,EPT,E,stress,match,not_defined_in_source
EFM,EPW,E,stress,match,not_defined_in_source
EFM,ERS,E,stress,match,not_defined_in_source
EFM,ERT,E,stress,match,not_defined_in_source
EFM,ERW,E,stress,match,not_defined_in_source
EFM,EST,E,stress,match,not_defined_in_source
EFM,ESW,E,stress,match,not_defined_in_source
EFM,ETW,E,stress,match,not_defined_in_source
EFM,FHI,F,explicit,match,not_applicable
EFM,FHM,FM,current,match,not_defined_in_source
EFM,FHP,F,explicit,match,not_applicable
EFM,FHR,F,explicit,match,not_applicable
EFM,FHS,F,explicit,match,not_applicable
EFM,FHT,F,explicit,match,not_applicable
EFM,FHW,F,explicit,match,not_applicable
EFM,FIM,FM,current,match,not_defined_in_source
EFM,FIP,F,explicit,match,not_applicable
EFM,FIR,F,explicit,match,not_applicable
EFM,FIS,F,explicit,match,not_applicable
EFM,FIT,F,explicit,match,not_applicable
EFM,FIW,F,explicit,match,not_applicable
EFM,FMP,FM,current,match,not_defined_in_source
EFM,FMR,FM,current,match,not_defined_in_source
EFM,FMS,FM,current,match,not_defined_in_source
EFM,FMT,FM,current,match,not_defined_in_source
EFM,FMW,FM,current,match,not_defined_in_source
EFM,FPR,F,explicit,match,not_applicable
EFM,FPS,F,explicit,match,not_applicable
EFM,FPT,F,explicit,match,not_applicable
EFM,FPW,F,explicit,match,not_applicable
EFM,FRS,F,explicit,match,not_applicable
EFM,FRT,F,explicit,match,not_applicable
EFM,FRW,F,explicit,match,not_applicable
EFM,FST,F,explicit,match,not_applicable
EFM,FSW,F,explicit,match,not_applicable
EFM,FTW,F,explicit,match,not_applicable
EFM,HIM,M,current,match,not_defined_in_source
EFM,HMP,M,current,match,not_defined_in_source
EFM,HMR,M,current,match,not_defined_in_source
EFM,HMS,M,current,match,not_defined_in_source
EFM,HMT,M,current,match,not_defined_in_source
EFM,HMW,M,current,match,not_defined_in_source
EFM,IMP,M,current,match,not_defined_in_source
EFM,IMR,M,current,match,not_defined_in_source
EFM,IMS,M,current,match,not_defined_in_source
EFM,IMT,M,current,match,not_defined_in_source
EFM,IMW,M,current,match,not_defined_in_source
EFM,MPR,M,current,match,not_defined_in_source
EFM,MPS,M,current,match,not_defined_in_source
EFM,MPT,M,current,match,not_defined_in_source
EFM,MPW,M,current,match,not_defined_in_source
EFM,MRS,M,current,match,not_defined_in_source
EFM,MRT,M,current,match,not_defined_in_source
EFM,MRW,M,current,match,not_defined_in_source
EFM,MST,M,current,match,not_defined_in_source
EFM,MSW,M,current,match,not_defined_in_source
EFM,MTW,M,current,match,not_defined_in_source
EFP,EFR,EF,stress,match,not_defined_in_source
EFP,EFS,EF,stress,match,not_defined_in_source
EFP,EFT,EF,stress,match,not_defined_in_source
EFP,EFW,EF,stress,match,not_defined_in_source
EFP,EHI,E,stress,match,not_defined_in_source
EFP,EHM,E,stress,match,not_defined_in_source
EFP,EHP,EP,stress,match,not_defined_in_source
EFP,EHR,E,stress,match,not_defined_in_source
EFP,EHS,E,stress,match,not_defined_in_source
EFP,EHT,E,stress,match,not_defined_in_source
EFP,EHW,E,stress,match,not_defined_in_source
EFP,EIM,E,stress,match,not_defined_in_source
EFP,EIP,EP,stress,match,not_defined_in_source
EFP,EIR,E,stress,match,not_defined_in_source
EFP,EIS,E,stress,match,not_defined_in_source
EFP,EIT,E,stress,match,not_defined_in_source
EFP,EIW,E,stress,match,not_defined_in_source
EFP,EMP,EP,stress,match,not_defined_in_source
EFP,EMR,E,stress,match,not_defined_in_source
EFP,EMS,E,stress,match,not_defined_in_source
EFP,EMT,E,stress,match,not_defined_in_source
EFP,EMW,E,stress,match,not_defined_in_source
EFP,EPR,EP,stress,match,not_defined_in_source
EFP,EPS,EP,stress,match,not_defined_in_source
EFP,EPT,EP,stress,match,not_defined_in_source
EFP,EPW,EP,stress,match,not_defined_in_source
EFP,ERS,E,stress,match,not_defined_in_source
EFP,ERT,E,stress,match,not_defined_in_source
EFP,ERW,E,stress,match,not_defined_in_source
EFP,EST,E,stress,match,not_defined_in_source
EFP,ESW,E,stress,match,not_defined_in_source
EFP,ETW,E,stress,match,not_defined_in_source
EFP,FHI,F,explicit,match,not_applicable
EFP,FHM,F,explicit,match,not_applicable
EFP,FHP,FP,explicit,match,not_applicable
EFP,FHR,F,explicit,match,not_applicable
EFP,FHS,F,explicit,match,not_applicable
EFP,FHT,F,explicit,match,not_applicable
EFP,FHW,F,explicit,match,not_applicable
EFP,FIM,F,explicit,match,not_applicable
EFP,FIP,FP,explicit,match,not_applicable
EFP,FIR,F,explicit,match,not_applicable
EFP,FIS,F,explicit,match,not_applicable
EFP,FIT,F,explicit,match,not_applicable
EFP,FIW,F,explicit,match,not_applicable
EFP,FMP,FP,explicit,match,not_applicable
EFP,FMR,F,explicit,match,not_applicable
EFP,FMS,F,explicit,match,not_applicable
EFP,FMT,F,explicit,match,not_applicable
EFP,FMW,F,explicit,match,not_applicable
EFP,FPR,FP,explicit,match,not_applicable
EFP,FPS,FP,explicit,match,not_applicable
EFP,FPT,FP,explicit,match,not_applicable
EFP,FPW,FP,explicit,match,not_applicable
EFP,FRS,F,explicit,match,not_applicable
EFP,FRT,F,explicit,match,not_applicable
EFP,FRW,F,explicit,match,not_applicable
EFP,FST,F,explicit,match,not_applicable
EFP,FSW,F,explicit,match,not_applicable
EFP,FTW,F,explicit,match,not_applicable
EFP,HIP,P,explicit,match,not_applicable
EFP,HMP,P,explicit,match,not_applicable
EFP,HPR,P,explicit,match,not_applicable
EFP,HPS,P,explicit,match,not_applicable
EFP,HPT,P,explicit,match,not_applicable
EFP,HPW,P,explicit,match,not_applicable
EFP,IMP,P,explicit,match,not_applicable
EFP,IPR,P,explicit,match,not_applicable
EFP,IPS,P,explicit,match,not_applicable
EFP,IPT,P,explicit,match,not_applicable
EFP,IPW,P,explicit,match,not_applicable
EFP,MPR,P,explicit,match,not_applicable
EFP,MPS,P,explicit,match,not_applicable
EFP,MPT,P,explicit,match,not_applicable
EFP,MPW,P,explicit,match,not_applicable
EFP,PRS,P,explicit,match,not_applicable
EFP,PRT,P,explicit,match,not_applicable
EFP,PRW,P,explicit,match,not_applicable
EFP,PST,P,explicit,match,not_applicable
EFP,PSW,P,explicit,match,not_applicable
EFP,PTW,P,explicit,match,not_applicable
EFR,EFS,EF,stress,match,not_defined_in_source
EFR,EFT,EF,stress,match,not_defined_in_source
EFR,EFW,EF,stress,match,not_defined_in_source
EFR,EHI,E,stress,match,not_defined_in_source
EFR,EHM,E,stress,match,not_defined_in_source
EFR,EHP,E,stress,match,not_defined_in_source
EFR,EHR,ER,stress,match,not_defined_in_source
EFR,EHS,E,stress,match,not_defined_in_source
EFR,EHT,E,stress,match,not_defined_in_source
EFR,EHW,E,stress,match,not_defined_in_source
EFR,EIM,E,stress,match,not_defined_in_source
EFR,EIP,E,stress,match,not_defined_in_source
EFR,EIR,ER,stress,match,not_defined_in_source
EFR,EIS,E,stress,match,not_defined_in_source
EFR,EIT,E,stress,match,not_defined_in_source
EFR,EIW,E,stress,match,not_defined_in_source
EFR,EMP,E,stress,match,not_defined_in_source
EFR,EMR,ER,stress,match,not_defined_in_source
EFR,EMS,E,stress,match,not_defined_in_source
EFR,EMT,E,stress,match,not_defined_in_source
EFR,EMW,E,stress,match,not_defined_in_source
EFR,EPR,ER,stress,match,not_defined_in_source
EFR,EPS,E,stress,match,not_defined_in_source
EFR,EPT,E,stress,match,not_defined_in_source
EFR,EPW,E,stress,match,not_defined_in_source
EFR,ERS,ER,stress,match,not_defined_in_source
EFR,ERT,ER,stress,match,not_defined_in_source
EFR,ERW,ER,stress,match,not_defined_in_source
EFR,EST,E,stress,match,not_defined_in_source
EFR,ESW,E,stress,match,not_defined_in_source
EFR,ETW,E,stress,match,not_defined_in_source
EFR,FHI,F,explicit,match,not_applicable
EFR,FHM,F,explicit,match,not_applicable
EFR,FHP,F,explicit,match,not_applicable
EFR,FHR,FR,explicit,match,not_applicable
EFR,FHS,F,explicit,match,not_applicable
EFR,FHT,F,explicit,match,not_applicable
EFR,FHW,F,explicit,match,not_applicable
EFR,FIM,F,explicit,match,not_applicable
EFR,FIP,F,explicit,match,not_applicable
EFR,FIR,FR,explicit,match,not_applicable
EFR,FIS,F,explicit,match,not_applicable
EFR,FIT,F,explicit,match,not_applicable
EFR,FIW,F,explicit,match,not_applicable
EFR,FMP,F,explicit,match,not_applicable
EFR,FMR,FR,explicit,match,not_applicable
EFR,FMS,F,explicit,match,not_applicable
EFR,FMT,F,explicit,match,not_applicable
EFR,FMW,F,explicit,match,not_applicable
EFR,FPR,FR,explicit,match,not_applicable
EFR,FPS,F,explicit,match,not_applicable
EFR,FPT,F,explicit,match,not_applicable
EFR,FPW,F,explicit,match,not_applicable
EFR,FRS,FR,explicit,match,not_applicable
EFR,FRT,FR,explicit,match,not_applicable
EFR,FRW,FR,explicit,match,not_applicable
EFR,FST,F,explicit,match,not_applicable
EFR,FSW,F,explicit,match,not_applicable
EFR,FTW,F,explicit,match,not_applicable
EFR,HIR,R,explicit,match,not_applicable
EFR,HMR,R,explicit,match,not_applicable
EFR,HPR,R,explicit,match,not_applicable
EFR,HRS,R,explicit,match,not_applicable
EFR,HRT,R,explicit,match,not_applicable
EFR,HRW,R,explicit,match,not_applicable
EFR,IMR,R,explicit,match,not_applicable
EFR,IPR,R,explicit,match,not_applicable
EFR,IRS,R,explicit,match,not_applicable
EFR,IRT,R,explicit,match,not_applicable
EFR,IRW,R,explicit,match,not_applicable
EFR,MPR,R,explicit,match,not_applicable
EFR,MRS,R,explicit,match,not_applicable
EFR,MRT,R,explicit,match,not_applicable
EFR,MRW,R,explicit,match,not_applicable
EFR,PRS,R,explicit,match,not_applicable
EFR,PRT,R,explicit,match,not_applicable
EFR,PRW,R,explicit,match,not_applicable
EFR,RST,R,explicit,match,not_applicable
EFR,RSW,R,explicit,match,not_applicable
EFR,RTW,R,explicit,match,not_applicable
EFS,EFT,EF,stress,match,not_defined_in_source
EFS,EFW,EF,stress,match,not_defined_in_source
EFS,EHI,E,stress,match,not_defined_in_source
EFS,EHM,E,stress,match,not_defined_in_source
EFS,EHP,E,stress,match,not_defined_in_source
EFS,EHR,E,stress,match,not_defined_in_source
EFS,EHS,ES,stress_and_current,match,not_defined_in_source
EFS,EHT,E,stress,match,not_defined_in_source
EFS,EHW,E,stress,match,not_defined_in_source
EFS,EIM,E,stress,match,not_defined_in_source
EFS,EIP,E,stress,match,not_defined_in_source
EFS,EIR,E,stress,match,not_defined_in_source
EFS,EIS,ES,stress_and_current,match,not_defined_in_source
EFS,EIT,E,stress,match,not_defined_in_source
EFS,EIW,E,stress,match,not_defined_in_source
EFS,EMP,E,stress,match,not_defined_in_source
EFS,EMR,E,stress,match,not_defined_in_source
EFS,EMS,ES,stress_and_current,match,not_defined_in_source
EFS,EMT,E,stress,match,not_defined_in_source
EFS,EMW,E,stress,match,not_defined_in_source
EFS,EPR,E,stress,match,not_defined_in_source
EFS,EPS,ES,stress_and_current,match,not_defined_in_source
EFS,EPT,E,stress,match,not_defined_in_source
EFS,EPW,E,stress,match,not_defined_in_source
EFS,ERS,ES,stress_and_current,match,not_defined_in_source
EFS,ERT,E,stress,match,not_defined_in_source
EFS,ERW,E,stress,match,not_defined_in_source
EFS,EST,ES,stress_and_current,match,not_defined_in_source
EFS,ESW,ES,stress_and_current,match,not_defined_in_source
EFS,ETW,E,stress,match,not_defined_in_source
EFS,FHI,F,explicit,match,not_applicable
EFS,FHM,F,explicit,match,not_applicable
EFS,FHP,F,explicit,match,not_applicable
EFS,FHR,F,explicit,match,not_applicable
EFS,FHS,FS,current,match,not_defined_in_source
EFS,FHT,F,explicit,match,not_applicable
EFS,FHW,F,explicit,match,not_applicable
EFS,FIM,F,explicit,match,not_applicable
EFS,FIP,F,explicit,match,not_applicable
EFS,FIR,F,explicit,match,not_applicable
EFS,FIS,FS,current,match,not_defined_in_source
EFS,FIT,F,explicit,match,not_applicable
EFS,FIW,F,explicit,match,not_applicable
EFS,FMP,F,explicit,match,not_applicable
EFS,FMR,F,explicit,match,not_applicable
EFS,FMS,FS,current,match,not_defined_in_source
EFS,FMT,F,explicit,match,not_applicable
EFS,FMW,F,explicit,match,not_applicable
EFS,FPR,F,explicit,match,not_applicable
EFS,FPS,FS,current,match,not_defined_in_source
EFS,FPT,F,explicit,match,not_applicable
EFS,FPW,F,explicit,match,not_applicable
EFS,FRS,FS,current,match,not_defined_in_source
EFS,FRT,F,explicit,match,not_applicable
EFS,FRW,F,explicit,match,not_applicable
EFS,FST,FS,current,match,not_defined_in_source
EFS,FSW,FS,current,match,not_defined_in_source
EFS,FTW,F,explicit,match,not_applicable
EFS,HIS,S,current,match,not_defined_in_source
EFS,HMS,S,current,match,not_defined_in_source
EFS,HPS,S,current,match,not_defined_in_source
EFS,HRS,S,current,match,not_defined_in_source
EFS,HST,S,current,match,not_defined_in_source
EFS,HSW,S,current,match,not_defined_in_source
EFS,IMS,S,current,match,not_defined_in_source
EFS,IPS,S,current,match,not_defined_in_source
EFS,IRS,S,current,match,not_defined_in_source
EFS,IST,S,current,match,not_defined_in_source
EFS,ISW,S,current,match,not_defined_in_source
EFS,MPS,S,current,match,not_defined_in_source
EFS,MRS,S,current,match,not_defined_in_source
EFS,MST,S,current,match,not_defined_in_source
EFS,MSW,S,current,match,not_defined_in_source
EFS,PRS,S,current,match,not_defined_in_source
EFS,PST,S,current,match,not_defined_in_source
EFS,PSW,S,current,match,not_defined_in_source
EFS,RST,S,current,match,not_defined_in_source
EFS,RSW,S,current,match,not_defined_in_source
EFS,STW,S,current,match,not_defined_in_source
EFT,EFW,EF,stress,match,not_defined_in_source
EFT,EHI,E,stress,match,not_defined_in_source
EFT,EHM,E,stress,match,not_defined_in_source
EFT,EHP,E,stress,match,not_defined_in_source
EFT,EHR,E,stress,match,not_defined_in_source
EFT,EHS,E,stress,match,not_defined_in_source
EFT,EHT,ET,stress,match,not_defined_in_source
EFT,EHW,E,stress,match,not_defined_in_source
EFT,EIM,E,stress,match,not_defined_in_source
EFT,EIP,E,stress,match,not_defined_in_source
EFT,EIR,E,stress,match,not_defined_in_source
EFT,EIS,E,stress,match,not_defined_in_source
EFT,EIT,ET,stress,match,not_defined_in_source
EFT,EIW,E,stress,match,not_defined_in_source
EFT,EMP,E,stress,match,not_defined_in_source
EFT,EMR,E,stress,match,not_defined_in_source
EFT,EMS,E,stress,match,not_defined_in_source
EFT,EMT,ET,stress,match,not_defined_in_source
EFT,EMW,E,stress,match,not_defined_in_source
EFT,EPR,E,stress,match,not_defined_in_source
EFT,EPS,E,stress,match,not_defined_in_source
EFT,EPT,ET,stress,match,not_defined_in_source
EFT,EPW,E,stress,match,not_defined_in_source
EFT,ERS,E,stress,match,not_defined_in_source
EFT,ERT,ET,stress,match,not_defined_in_source
EFT,ERW,E,stress,match,not_defined_in_source
EFT,EST,ET,stress,match,not_defined_in_source
EFT,ESW,E,stress,match,not_defined_in_source
EFT,ETW,ET,stress,match,not_defined_in_source
EFT,FHI,F,explicit,match,not_applicable
EFT,FHM,F,explicit,match,not_applicable
EFT,FHP,F,explicit,match,not_applicable
EFT,FHR,F,explicit,match,not_applicable
EFT,FHS,F,explicit,match,not_applicable
EFT,FHT,FT,explicit,match,not_applicable
EFT,FHW,F,explicit,match,not_applicable
EFT,FIM,F,explicit,match,not_applicable
EFT,FIP,F,explicit,match,not_applicable
EFT,FIR,F,explicit,match,not_applicable
EFT,FIS,F,explicit,match,not_applicable
EFT,FIT,FT,explicit,match,not_applicable
EFT,FIW,F,explicit,match,not_applicable
EFT,FMP,F,explicit,match,not_applicable
EFT,FMR,F,explicit,match,not_applicable
EFT,FMS,F,explicit,match,not_applicable
EFT,FMT,FT,explicit,match,not_applicable
EFT,FMW,F,explicit,match,not_applicable
EFT,FPR,F,explicit,match,not_applicable
EFT,FPS,F,explicit,match,not_applicable
EFT,FPT,FT,explicit,match,not_applicable
EFT,FPW,F,explicit,match,not_applicable
EFT,FRS,F,explicit,match,not_applicable
EFT,FRT,FT,explicit,match,not_applicable
EFT,FRW,F,explicit,match,not_applicable
EFT,FST,FT,explicit,match,not_applicable
EFT,FSW,F,explicit,match,not_applicable
EFT,FTW,FT,explicit,match,not_applicable
EFT,HIT,T,explicit,match,not_applicable
EFT,HMT,T,explicit,match,not_applicable
EFT,HPT,T,explicit,match,not_applicable
EFT,HRT,T,explicit,match,not_applicable
EFT,HST,T,explicit,match,not_applicable
EFT,HTW,T,explicit,match,not_applicable
EFT,IMT,T,explicit,match,not_applicable
EFT,IPT,T,explicit,match,not_applicable
EFT,IRT,T,explicit,match,not_applicable
EFT,IST,T,explicit,match,not_applicable
EFT,ITW,T,explicit,match,not_applicable
EFT,MPT,T,explicit,match,not_applicable
EFT,MRT,T,explicit,match,not_applicable
EFT,MST,T,explicit,match,not_applicable
EFT,MTW,T,explicit,match,not_applicable
EFT,PRT,T,explicit,match,not_applicable
EFT,PST,T,explicit,match,not_applicable
EFT,PTW,T,explicit,match,not_applicable
EFT,RST,T,explicit,match,not_applicable
EFT,RTW,T,explicit,match,not_applicable
EFT,STW,T,explicit,match,not_applicable
EFW,EHI,E,stress,match,not_defined_in_source
EFW,EHM,E,stress,match,not_defined_in_source
EFW,EHP,E,stress,match,not_defined_in_source
EFW,EHR,E,stress,match,not_defined_in_source
EFW,EHS,E,stress,match,not_defined_in_source
EFW,EHT,E,stress,match,not_defined_in_source
EFW,EHW,EW,stress,match,not_defined_in_source
EFW,EIM,E,stress,match,not_defined_in_source
EFW,EIP,E,stress,match,not_defined_in_source
EFW,EIR,E,stress,match,not_defined_in_source
EFW,EIS,E,stress,match,not_defined_in_source
EFW,EIT,E,stress,match,not_defined_in_source
EFW,EIW,EW,stress,match,not_defined_in_source
EFW,EMP,E,stress,match,not_defined_in_source
EFW,EMR,E,stress,match,not_defined_in_source
EFW,EMS,E,stress,match,not_defined_in_source
EFW,EMT,E,stress,match,not_defined_in_source
EFW,EMW,EW,stress,match,not_defined_in_source
EFW,EPR,E,stress,match,not_defined_in_source
EFW,EPS,E,stress,match,not_defined_in_source
EFW,EPT,E,stress,match,not_defined_in_source
EFW,EPW,EW,stress,match,not_defined_in_source
EFW,ERS,E,stress,match,not_defined_in_source
EFW,ERT,E,stress,match,not_defined_in_source
EFW,ERW,EW,stress,match,not_defined_in_source
EFW,EST,E,stress,match,not_defined_in_source
EFW,ESW,EW,stress,match,not_defined_in_source
EFW,ETW,EW,stress,match,not_defined_in_source
EFW,FHI,F,explicit,match,not_applicable
EFW,FHM,F,explicit,match,not_applicable
EFW,FHP,F,explicit,match,not_applicable
EFW,FHR,F,explicit,match,not_applicable
EFW,FHS,F,explicit,match,not_applicable
EFW,FHT,F,explicit,match,not_applicable
EFW,FHW,FW,explicit,match,not_applicable
EFW,FIM,F,explicit,match,not_applicable
EFW,FIP,F,explicit,match,not_applicable
EFW,FIR,F,explicit,match,not_applicable
EFW,FIS,F,explicit,match,not_applicable
EFW,FIT,F,explicit,match,not_applicable
EFW,FIW,FW,explicit,match,not_applicable
EFW,FMP,F,explicit,match,not_applicable
EFW,FMR,F,explicit,match,not_applicable
EFW,FMS,F,explicit,match,not_applicable
EFW,FMT,F,explicit,match,not_applicable
EFW,FMW,FW,explicit,match,not_applicable
EFW,FPR,F,explicit,match,not_applicable
EFW,FPS,F,explicit,match,not_applicable
EFW,FPT,F,explicit,match,not_applicable
EFW,FPW,FW,explicit,match,not_applicable
EFW,FRS,F,explicit,match,not_applicable
EFW,FRT,F,explicit,match,not_applicable
EFW,FRW,FW,explicit,match,not_applicable
EFW,FST,F,explicit,match,not_applicable
EFW,FSW,FW,explicit,match,not_applicable
EFW,FTW,FW,explicit,match,not_applicable
EFW,HIW,W,explicit,match,not_applicable
EFW,HMW,W,explicit,match,not_applicable
EFW,HPW,W,explicit,match,not_applicable
EFW,HRW,W,explicit,match,not_applicable
EFW,HSW,W,explicit,match,not_applicable
EFW,HTW,W,explicit,match,not_applicable
EFW,IMW,W,explicit,match,not_applicable
EFW,IPW,W,explicit,match,not_applicable
EFW,IRW,W,explicit,match,not_applicable
EFW,ISW,W,explicit,match,not_applicable
EFW,ITW,W,explicit,match,not_applicable
EFW,MPW,W,explicit,match,not_applicable
EFW,MRW,W,explicit,match,not_applicable
EFW,MSW,W,explicit,match,not_applicable
EFW,MTW,W,explicit,match,not_applicable
EFW,PRW,W,explicit,match,not_applicable
EFW,PSW,W,explicit,match,not_applicable
EFW,PTW,W,explicit,match,not_applicable
EFW,RSW,W,explicit,match,not_applicable
EFW,RTW,W,explicit,match,not_applicable
EFW,STW,W,explicit,match,not_applicable
EHI,EHM,EH,stress,match,not_defined_in_source
EHI,EHP,EH,stress,match,not_defined_in_source
EHI,EHR,EH,stress,match,not_defined_in_source
EHI,EHS,EH,stress,match,not_defined_in_source
EHI,EHT,EH,stress,match,not_defined_in_source
EHI,EHW,EH,stress,match,not_defined_in_source
EHI,EIM,EI,stress,match,not_defined_in_source
EHI,EIP,EI,stress,match,not_defined_in_source
EHI,EIR,EI,stress,match,not_defined_in_source
EHI,EIS,EI,stress,match,not_defined_in_source
EHI,EIT,EI,stress,match,not_defined_in_source
EHI,EIW,EI,stress,match,not_defined_in_source
EHI,EMP,E,stress,match,not_defined_in_source
EHI,EMR,E,stress,match,not_defined_in_source
EHI,EMS,E,stress,match,not_defined_in_source
EHI,EMT,E,stress,match,not_defined_in_source
EHI,EMW,E,stress,match,not_defined_in_source
EHI,EPR,E,stress,match,not_defined_in_source
EHI,EPS,E,stress,match,not_defined_in_source
EHI,EPT,E,stress,match,not_defined_in_source
EHI,EPW,E,stress,match,not_defined_in_source
EHI,ERS,E,stress,match,not_defined_in_source
EHI,ERT,E,stress,match,not_defined_in_source
EHI,ERW,E,stress,match,not_defined_in_source
EHI,EST,E,stress,match,not_defined_in_source
EHI,ESW,E,stress,match,not_defined_in_source
EHI,ETW,E,stress,match,not_defined_in_source
EHI,FHI,HI,explicit,match,not_applicable
EHI,FHM,H,explicit,match,not_applicable
EHI,FHP,H,explicit,match,not_applicable
EHI,FHR,H,explicit,match,not_applicable
EHI,FHS,H,explicit,match,not_applicable
EHI,FHT,H,explicit,match,not_applicable
EHI,FHW,H,explicit,match,not_applicable
EHI,FIM,I,explicit,match,not_applicable
EHI,FIP,I,explicit,match,not_applicable
EHI,FIR,I,explicit,match,not_applicable
EHI,FIS,I,explicit,match,not_applicable
EHI,FIT,I,explicit,match,not_applicable
EHI,FIW,I,explicit,match,not_applicable
EHI,HIM,HI,explicit,match,not_applicable
EHI,HIP,HI,explicit,match,not_applicable
EHI,HIR,HI,explicit,match,not_applicable
EHI,HIS,HI,explicit,match,not_applicable
EHI,HIT,HI,explicit,match,not_applicable
EHI,HIW,HI,explicit,match,not_applicable
EHI,HMP,H,explicit,match,not_applicable
EHI,HMR,H,explicit,match,not_applicable
EHI,HMS,H,explicit,match,not_applicable
EHI,HMT,H,explicit,match,not_applicable
EHI,HMW,H,explicit,match,not_applicable
EHI,HPR,H,explicit,match,not_applicable
EHI,HPS,H,explicit,match,not_applicable
EHI,HPT,H,explicit,match,not_applicable
EHI,HPW,H,explicit,match,not_applicable
EHI,HRS,H,explicit,match,not_applicable
EHI,HRT,H,explicit,match,not_applicable
EHI,HRW,H,explicit,match,not_applicable
EHI,HST,H,explicit,match,not_applicable
EHI,HSW,H,explicit,match,not_applicable
EHI,HTW,H,explicit,match,not_applicable
EHI,IMP,I,explicit,match,not_applicable
EHI,IMR,I,explicit,match,not_applicable
EHI,IMS,I,explicit,match,not_applicable
EHI,IMT,I,explicit,match,not_applicable
EHI,IMW,I,explicit,match,not_applicable
EHI,IPR,I,explicit,match,not_applicable
EHI,IPS,I,explicit,match,not_applicable
EHI,IPT,I,explicit,match,not_applicable
EHI,IPW,I,explicit,match,not_applicable
EHI,IRS,I,explicit,match,not_applicable
EHI,IRT,I,explicit,match,not_applicable
EHI,IRW,I,explicit,match,not_applicable
EHI,IST,I,explicit,match,not_applicable
EHI,ISW,I,explicit,match,not_applicable
EHI,ITW,I,explicit,match,not_applicable
EHM,EHP,EH,stress,match,not_defined_in_source
EHM,EHR,EH,stress,match,not_defined_in_source
EHM,EHS,EH,stress,match,not_defined_in_source
EHM,EHT,EH,stress,match,not_defined_in_source
EHM,EHW,EH,stress,match,not_defined_in_source
EHM,EIM,EM,stress_and_current,match,not_defined_in_source
EHM,EIP,E,stress,match,not_defined_in_source
EHM,EIR,E,stress,match,not_defined_in_source
EHM,EIS,E,stress,match,not_defined_in_source
EHM,EIT,E,stress,match,not_defined_in_source
EHM,EIW,E,stress,match,not_defined_in_source
EHM,EMP,EM,stress_and_current,match,not_defined_in_source
EHM,EMR,EM,stress_and_current,match,not_defined_in_source
EHM,EMS,EM,stress_and_current,match,not_defined_in_source
EHM,EMT,EM,stress_and_current,match,not_defined_in_source
EHM,EMW,EM,stress_and_current,match,not_defined_in_source
EHM,EPR,E,stress,match,not_defined_in_source
EHM,EPS,E,stress,match,not_defined_in_source
EHM,EPT,E,stress,match,not_defined_in_source
EHM,EPW,E,stress,match,not_defined_in_source
EHM,ERS,E,stress,match,not_defined_in_source
EHM,ERT,E,stress,match,not_defined_in_source
EHM,ERW,E,stress,match,not_defined_in_source
EHM,EST,E,stress,match,not_defined_in_source
EHM,ESW,E,stress,match,not_defined_in_source
EHM,ETW,E,stress,match,not_defined_in_source
EHM,FHI,H,explicit,match,not_applicable
EHM,FHM,HM,current,match,not_defined_in_source
EHM,FHP,H,explicit,match,not_applicable
EHM,FHR,H,explicit,match,not_applicable
EHM,FHS,H,explicit,match,not_applicable
EHM,FHT,H,explicit,match,not_applicable
EHM,FHW,H,explicit,match,not_applicable
EHM,FIM,M,current,match,not_defined_in_source
EHM,FMP,M,current,match,not_defined_in_source
EHM,FMR,M,current,match,not_defined_in_source
EHM,FMS,M,current,match,not_defined_in_source
EHM,FMT,M,current,match,not_defined_in_source
EHM,FMW,M,current,match,not_defined_in_source
EHM,HIM,HM,current,match,not_defined_in_source
EHM,HIP,H,explicit,match,not_applicable
EHM,HIR,H,explicit,match,not_applicable
EHM,HIS,H,explicit,match,not_applicable
EHM,HIT,H,explicit,match,not_applicable
EHM,HIW,H,explicit,match,not_applicable
EHM,HMP,HM,current,match,not_defined_in_source
EHM,HMR,HM,current,match,not_defined_in_source
EHM,HMS,HM,current,match,not_defined_in_source
EHM,HMT,HM,current,match,not_defined_in_source
EHM,HMW,HM,current,match,not_defined_in_source
EHM,HPR,H,explicit,match,not_applicable
EHM,HPS,H,explicit,match,not_applicable
EHM,HPT,H,explicit,match,not_applicable
EHM,HPW,H,explicit,match,not_applicable
EHM,HRS,H,explicit,match,not_applicable
EHM,HRT,H,explicit,match,not_applicable
EHM,HRW,H,explicit,match,not_applicable
EHM,HST,H,explicit,match,not_applicable
EHM,HSW,H,explicit,match,not_applicable
EHM,HTW,H,explicit,match,not_applicable
EHM,IMP,M,current,match,not_defined_in_source
EHM,IMR,M,current,match,not_defined_in_source
EHM,IMS,M,current,match,not_defined_in_source
EHM,IMT,M,current,match,not_defined_in_source
EHM,IMW,M,current,match,not_defined_in_source
EHM,MPR,M,current,match,not_defined_in_source
EHM,MPS,M,current,match,not_defined_in_source
EHM,MPT,M,current,match,not_defined_in_source
EHM,MPW,M,current,match,not_defined_in_source
EHM,MRS,M,current,match,not_defined_in_source
EHM,MRT,M,current,match,not_defined_in_source
EHM,MRW,M,current,match,not_defined_in_source
EHM,MST,M,current,match,not_defined_in_source
EHM,MSW,M,current,match,not_defined_in_source
EHM,MTW,M,current,match,not_defined_in_source
EHP,EHR,EH,stress,match,not_defined_in_source
EHP,EHS,EH,stress,match,not_defined_in_source
EHP,EHT,EH,stress,match,not_defined_in_source
EHP,EHW,EH,stress,match,not_defined_in_source
EHP,EIM,E,stress,match,not_defined_in_source
EHP,EIP,EP,stress,match,not_defined_in_source
EHP,EIR,E,stress,match,not_defined_in_source
EHP,EIS,E,stress,match,not_defined_in_source
EHP,EIT,E,stress,match,not_defined_in_source
EHP,EIW,E,stress,match,not_defined_in_source
EHP,EMP,EP,stress,match,not_defined_in_source
EHP,EMR,E,stress,match,not_defined_in_source
EHP,EMS,E,stress,match,not_defined_in_source
EHP,EMT,E,stress,match,not_defined_in_source
EHP,EMW,E,stress,match,not_defined_in_source
EHP,EPR,EP,stress,match,not_defined_in_source
EHP,EPS,EP,stress,match,not_defined_in_source
EHP,EPT,EP,stress,match,not_defined_in_source
EHP,EPW,EP,stress,match,not_defined_in_source
EHP,ERS,E,stress,match,not_defined_in_source
EHP,ERT,E,stress,match,not_defined_in_source
EHP,ERW,E,stress,match,not_defined_in_source
EHP,EST,E,stress,match,not_defined_in_source
EHP,ESW,E,stress,match,not_defined_in_source
EHP,ETW,E,stress,match,not_defined_in_source
EHP,FHI,H,explicit,match,not_applicable
EHP,FHM,H,explicit,match,not_applicable
EHP,FHP,HP,explicit,match,not_applicable
EHP,FHR,H,explicit,match,not_applicable
EHP,FHS,H,explicit,match,not_applicable
EHP,FHT,H,explicit,match,not_applicable
EHP,FHW,H,explicit,match,not_applicable
EHP,FIP,P,explicit,match,not_applicable
EHP,FMP,P,explicit,match,not_applicable
EHP,FPR,P,explicit,match,not_applicable
EHP,FPS,P,explicit,match,not_applicable
EHP,FPT,P,explicit,match,not_applicable
EHP,FPW,P,explicit,match,not_applicable
EHP,HIM,H,explicit,match,not_applicable
EHP,HIP,HP,explicit,match,not_applicable
EHP,HIR,H,explicit,match,not_applicable
EHP,HIS,H,explicit,match,not_applicable
EHP,HIT,H,explicit,match,not_applicable
EHP,HIW,H,explicit,match,not_applicable
EHP,HMP,HP,explicit,match,not_applicable
EHP,HMR,H,explicit,match,not_applicable
EHP,HMS,H,explicit,match,not_applicable
EHP,HMT,H,explicit,match,not_applicable
EHP,HMW,H,explicit,match,not_applicable
EHP,HPR,HP,explicit,match,not_applicable
EHP,HPS,HP,explicit,match,not_applicable
EHP,HPT,HP,explicit,match,not_applicable
EHP,HPW,HP,explicit,match,not_applicable
EHP,HRS,H,explicit,match,not_applicable
EHP,HRT,H,explicit,match,not_applicable
EHP,HRW,H,explicit,match,not_applicable
EHP,HST,H,explicit,match,not_applicable
EHP,HSW,H,explicit,match,not_applicable
EHP,HTW,H,explicit,match,not_applicable
EHP,IMP,P,explicit,match,not_applicable
EHP,IPR,P,explicit,match,not_applicable
EHP,IPS,P,explicit,match,not_applicable
EHP,IPT,P,explicit,match,not_applicable
EHP,IPW,P,explicit,match,not_applicable
EHP,MPR,P,explicit,match,not_applicable
EHP,MPS,P,explicit,match,not_applicable
EHP,MPT,P,explicit,match,not_applicable
EHP,MPW,P,explicit,match,not_applicable
EHP,PRS,P,explicit,match,not_applicable
EHP,PRT,P,explicit,match,not_applicable
EHP,PRW,P,explicit,match,not_applicable
EHP,PST,P,explicit,match,not_applicable
EHP,PSW,P,explicit,match,not_applicable
EHP,PTW,P,explicit,match,not_applicable
EHR,EHS,EH,stress,match,not_defined_in_source
EHR,EHT,EH,stress,match,not_defined_in_source
EHR,EHW,EH,stress,match,not_defined_in_source
EHR,EIM,E,stress,match,not_defined_in_source
EHR,EIP,E,stress,match,not_defined_in_source
EHR,EIR,ER,stress,match,not_defined_in_source
EHR,EIS,E,stress,match,not_defined_in_source
EHR,EIT,E,stress,match,not_defined_in_source
EHR,EIW,E,stress,match,not_defined_in_source
EHR,EMP,E,stress,match,not_defined_in_source
EHR,EMR,ER,stress,match,not_defined_in_source
EHR,EMS,E,stress,match,not_defined_in_source
EHR,EMT,E,stress,match,not_defined_in_source
EHR,EMW,E,stress,match,not_defined_in_source
EHR,EPR,ER,stress,match,not_defined_in_source
EHR,EPS,E,stress,match,not_defined_in_source
EHR,EPT,E,stress,match,not_defined_in_source
EHR,EPW,E,stress,match,not_defined_in_source
EHR,ERS,ER,stress,match,not_defined_in_source
EHR,ERT,ER,stress,match,not_defined_in_source
EHR,ERW,ER,stress,match,not_defined_in_source
EHR,EST,E,stress,match,not_defined_in_source
EHR,ESW,E,stress,match,not_defined_in_source
EHR,ETW,E,stress,match,not_defined_in_source
EHR,FHI,H,explicit,match,not_applicable
EHR,FHM,H,explicit,match,not_applicable
EHR,FHP,H,explicit,match,not_applicable
EHR,FHR,HR,explicit,match,not_applicable
EHR,FHS,H,explicit,match,not_applicable
EHR,FHT,H,explicit,match,not_applicable
EHR,FHW,H,explicit,match,not_applicable
EHR,FIR,R,explicit,match,not_applicable
EHR,FMR,R,explicit,match,not_applicable
EHR,FPR,R,explicit,match,not_applicable
EHR,FRS,R,explicit,match,not_applicable
EHR,FRT,R,explicit,match,not_applicable
EHR,FRW,R,explicit,match,not_applicable
EHR,HIM,H,explicit,match,not_applicable
EHR,HIP,H,explicit,match,not_applicable
EHR,HIR,HR,explicit,match,not_applicable
EHR,HIS,H,explicit,match,not_applicable
EHR,HIT,H,explicit,match,not_applicable
EHR,HIW,H,explicit,match,not_applicable
EHR,HMP,H,explicit,match,not_applicable
EHR,HMR,HR,explicit,match,not_applicable
EHR,HMS,H,explicit,match,not_applicable
EHR,HMT,H,explicit,match,not_applicable
EHR,HMW,H,explicit,match,not_applicable
EHR,HPR,HR,explicit,match,not_applicable
EHR,HPS,H,explicit,match,not_applicable
EHR,HPT,H,explicit,match,not_applicable
EHR,HPW,H,explicit,match,not_applicable
EHR,HRS,HR,explicit,match,not_applicable
EHR,HRT,HR,explicit,match,not_applicable
EHR,HRW,HR,explicit,match,not_applicable
EHR,HST,H,explicit,match,not_applicable
EHR,HSW,H,explicit,match,not_applicable
EHR,HTW,H,explicit,match,not_applicable
EHR,IMR,R,explicit,match,not_applicable
EHR,IPR,R,explicit,match,not_applicable
EHR,IRS,R,explicit,match,not_applicable
EHR,IRT,R,explicit,match,not_applicable
EHR,IRW,R,explicit,match,not_applicable
EHR,MPR,R,explicit,match,not_applicable
EHR,MRS,R,explicit,match,not_applicable
EHR,MRT,R,explicit,match,not_applicable
EHR,MRW,R,explicit,match,not_applicable
EHR,PRS,R,explicit,match,not_applicable
EHR,PRT,R,explicit,match,not_applicable
EHR,PRW,R,explicit,match,not_applicable
EHR,RST,R,explicit,match,not_applicable
EHR,RSW,R,explicit,match,not_applicable
EHR,RTW,R,explicit,match,not_applicable
EHS,EHT,EH,stress,match,not_defined_in_source
EHS,EHW,EH,stress,match,not_defined_in_source
EHS,EIM,E,stress,match,not_defined_in_source
EHS,EIP,E,stress,match,not_defined_in_source
EHS,EIR,E,stress,match,not_defined_in_source
EHS,EIS,ES,stress_and_current,match,not_defined_in_source
EHS,EIT,E,stress,match,not_defined_in_source
EHS,EIW,E,stress,match,not_defined_in_source
EHS,EMP,E,stress,match,not_defined_in_source
EHS,EMR,E,stress,match,not_defined_in_source
EHS,EMS,ES,stress_and_current,match,not_defined_in_source
EHS,EMT,E,stress,match,not_defined_in_source
EHS,EMW,E,stress,match,not_defined_in_source
EHS,EPR,E,stress,match,not_defined_in_source
EHS,EPS,ES,stress_and_current,match,not_defined_in_source
EHS,EPT,E,stress,match,not_defined_in_source
EHS,EPW,E,stress,match,not_defined_in_source
EHS,ERS,ES,stress_and_current,match,not_defined_in_source
EHS,ERT,E,stress,match,not_defined_in_source
EHS,ERW,E,stress,match,not_defined_in_source
EHS,EST,ES,stress_and_current,match,not_defined_in_source
EHS,ESW,ES,stress_and_current,match,not_defined_in_source
EHS,ETW,E,stress,match,not_defined_in_source
EHS,FHI,H,explicit,match,not_applicable
EHS,FHM,H,explicit,match,not_applicable
EHS,FHP,H,explicit,match,not_applicable
EHS,FHR,H,explicit,match,not_applicable
EHS,FHS,HS,current,match,not_defined_in_source
EHS,FHT,H,explicit,match,not_applicable
EHS,FHW,H,explicit,match,not_applicable
EHS,FIS,S,current,match,not_defined_in_source
EHS,FMS,S,current,match,not_defined_in_source
EHS,FPS,S,current,match,not_defined_in_source
EHS,FRS,S,current,match,not_defined_in_source
EHS,FST,S,current,match,not_defined_in_source
EHS,FSW,S,current,match,not_defined_in_source
EHS,HIM,H,explicit,match,not_applicable
EHS,HIP,H,explicit,match,not_applicable
EHS,HIR,H,explicit,match,not_applicable
EHS,HIS,HS,current,match,not_defined_in_source
EHS,HIT,H,explicit,match,not_applicable
EHS,HIW,H,explicit,match,not_applicable
EHS,HMP,H,explicit,match,not_applicable
EHS,HMR,H,explicit,match,not_applicable
EHS,HMS,HS,current,match,not_defined_in_source
EHS,HMT,H,explicit,match,not_applicable
EHS,HMW,H,explicit,match,not_applicable
EHS,HPR,H,explicit,match,not_applicable
EHS,HPS,HS,current,match,not_defined_in_source
EHS,HPT,H,explicit,match,not_applicable
EHS,HPW,H,explicit,match,not_applicable
EHS,HRS,HS,current,match,not_defined_in_source
EHS,HRT,H,explicit,match,not_applicable
EHS,HRW,H,explicit,match,not_applicable
EHS,HST,HS,current,match,not_defined_in_source
EHS,HSW,HS,current,match,not_defined_in_source
EHS,HTW,H,explicit,match,not_applicable
EHS,IMS,S,current,match,not_defined_in_source
EHS,IPS,S,current,match,not_defined_in_source
EHS,IRS,S,current,match,not_defined_in_source
EHS,IST,S,current,match,not_defined_in_source
EHS,ISW,S,current,match,not_defined_in_source
EHS,MPS,S,current,match,not_defined_in_source
EHS,MRS,S,current,match,not_defined_in_source
EHS,MST,S,current,match,not_defined_in_source
EHS,MSW,S,current,match,not_defined_in_source
EHS,PRS,S,current,match,not_defined_in_source
EHS,PST,S,current,match,not_defined_in_source
EHS,PSW,S,current,match,not_defined_in_source
EHS,RST,S,current,match,not_defined_in_source
EHS,RSW,S,current,match,not_defined_in_source
EHS,STW,S,current,match,not_defined_in_source
EHT,EHW,EH,stress,match,not_defined_in_source
EHT,EIM,E,stress,match,not_defined_in_source
EHT,EIP,E,stress,match,not_defined_in_source
EHT,EIR,E,stress,match,not_defined_in_source
EHT,EIS,E,stress,match,not_defined_in_source
EHT,EIT,ET,stress,match,not_defined_in_source
EHT,EIW,E,stress,match,not_defined_in_source
EHT,EMP,E,stress,match,not_defined_in_source
EHT,EMR,E,stress,match,not_defined_in_source
EHT,EMS,E,stress,match,not_defined_in_source
EHT,EMT,ET,stress,match,not_defined_in_source
EHT,EMW,E,stress,match,not_defined_in_source
EHT,EPR,E,stress,match,not_defined_in_source
EHT,EPS,E,stress,match,not_defined_in_source
EHT,EPT,ET,stress,match,not_defined_in_source
EHT,EPW,E,stress,match,not_defined_in_source
EHT,ERS,E,stress,match,not_defined_in_source
EHT,ERT,ET,stress,match,not_defined_in_source
EHT,ERW,E,stress,match,not_defined_in_source
EHT,EST,ET,stress,match,not_defined_in_source
EHT,ESW,E,stress,match,not_defined_in_source
EHT,ETW,ET,stress,match,not_defined_in_source
EHT,FHI,H,explicit,match,not_applicable
EHT,FHM,H,explicit,match,not_applicable
EHT,FHP,H,explicit,match,not_applicable
EHT,FHR,H,explicit,match,not_applicable
EHT,FHS,H,explicit,match,not_applicable
EHT,FHT,HT,explicit,match,not_applicable
EHT,FHW,H,explicit,match,not_applicable
EHT,FIT,T,explicit,match,not_applicable
EHT,FMT,T,explicit,match,not_applicable
EHT,FPT,T,explicit,match,not_applicable
EHT,FRT,T,explicit,match,not_applicable
EHT,FST,T,explicit,match,not_applicable
EHT,FTW,T,explicit,match,not_applicable
EHT,HIM,H,explicit,match,not_applicable
EHT,HIP,H,explicit,match,not_applicable
EHT,HIR,H,explicit,match,not_applicable
EHT,HIS,H,explicit,match,not_applicable
EHT,HIT,HT,explicit,match,not_applicable
EHT,HIW,H,explicit,match,not_applicable
EHT,HMP,H,explicit,match,not_applicable
EHT,HMR,H,explicit,match,not_applicable
EHT,HMS,H,explicit,match,not_applicable
EHT,HMT,HT,explicit,match,not_applicable
EHT,HMW,H,explicit,match,not_applicable
EHT,HPR,H,explicit,match,not_applicable
EHT,HPS,H,explicit,match,not_applicable
EHT,HPT,HT,explicit,match,not_applicable
EHT,HPW,H,explicit,match,not_applicable
EHT,HRS,H,explicit,match,not_applicable
EHT,HRT,HT,explicit,match,not_applicable
EHT,HRW,H,explicit,match,not_applicable
EHT,HST,HT,explicit,match,not_applicable
EHT,HSW,H,explicit,match,not_applicable
EHT,HTW,HT,explicit,match,not_applicable
EHT,IMT,T,explicit,match,not_applicable
EHT,IPT,T,explicit,match,not_applicable
EHT,IRT,T,explicit,match,not_applicable
EHT,IST,T,explicit,match,not_applicable
EHT,ITW,T,explicit,match,not_applicable
EHT,MPT,T,explicit,match,not_applicable
EHT,MRT,T,explicit,match,not_applicable
EHT,MST,T,explicit,match,not_applicable
EHT,MTW,T,explicit,match,not_applicable
EHT,PRT,T,explicit,match,not_applicable
EHT,PST,T,explicit,match,not_applicable
EHT,PTW,T,explicit,match,not_applicable
EHT,RST,T,explicit,match,not_applicable
EHT,RTW,T,explicit,match,not_applicable
EHT,STW,T,explicit,match,not_applicable
EHW,EIM,E,stress,match,not_defined_in_source
EHW,EIP,E,stress,match,not_defined_in_source
EHW,EIR,E,stress,match,not_defined_in_source
EHW,EIS,E,stress,match,not_defined_in_source
EHW,EIT,E,stress,match,not_defined_in_source
EHW,EIW,EW,stress,match,not_defined_in_source
EHW,EMP,E,stress,match,not_defined_in_source
EHW,EMR,E,stress,match,not_defined_in_source
EHW,EMS,E,stress,match,not_defined_in_source
EHW,EMT,E,stress,match,not_defined_in_source
EHW,EMW,EW,stress,match,not_defined_in_source
EHW,EPR,E,stress,match,not_defined_in_source
EHW,EPS,E,stress,match,not_defined_in_source
EHW,EPT,E,stress,match,not_defined_in_source
EHW,EPW,EW,stress,match,not_defined_in_source
EHW,ERS,E,stress,match,not_defined_in_source
EHW,ERT,E,stress,match,not_defined_in_source
EHW,ERW,EW,stress,match,not_defined_in_source
EHW,EST,E,stress,match,not_defined_in_source
EHW,ESW,EW,stress,match,not_defined_in_source
EHW,ETW,EW,stress,match,not_defined_in_source
EHW,FHI,H,explicit,match,not_applicable
EHW,FHM,H,explicit,match,not_applicable
EHW,FHP,H,explicit,match,not_applicable
EHW,FHR,H,explicit,match,not_applicable
EHW,FHS,H,explicit,match,not_applicable
EHW,FHT,H,explicit,match,not_applicable
EHW,FHW,HW,explicit,match,not_applicable
EHW,FIW,W,explicit,match,not_applicable
EHW,FMW,W,explicit,match,not_applicable
EHW,FPW,W,explicit,match,not_applicable
EHW,FRW,W,explicit,match,not_applicable
EHW,FSW,W,explicit,match,not_applicable
EHW,FTW,W,explicit,match,not_applicable
EHW,HIM,H,explicit,match,not_applicable
EHW,HIP,H,explicit,match,not_applicable
EHW,HIR,H,explicit,match,not_applicable
EHW,HIS,H,explicit,match,not_applicable
EHW,HIT,H,explicit,match,not_applicable
EHW,HIW,HW,explicit,match,not_applicable
EHW,HMP,H,explicit,match,not_applicable
EHW,HMR,H,explicit,match,not_applicable
EHW,HMS,H,explicit,match,not_applicable
EHW,HMT,H,explicit,match,not_applicable
EHW,HMW,HW,explicit,match,not_applicable
EHW,HPR,H,explicit,match,not_applicable
EHW,HPS,H,explicit,match,not_applicable
EHW,HPT,H,explicit,match,not_applicable
EHW,HPW,HW,explicit,match,not_applicable
EHW,HRS,H,explicit,match,not_applicable
EHW,HRT,H,explicit,match,not_applicable
EHW,HRW,HW,explicit,match,not_applicable
EHW,HST,H,explicit,match,not_applicable
EHW,HSW,HW,explicit,match,not_applicable
EHW,HTW,HW,explicit,match,not_applicable
EHW,IMW,W,explicit,match,not_applicable
EHW,IPW,W,explicit,match,not_applicable
EHW,IRW,W,explicit,match,not_applicable
EHW,ISW,W,explicit,match,not_applicable
EHW,ITW,W,explicit,match,not_applicable
EHW,MPW,W,explicit,match,not_applicable
EHW,MRW,W,explicit,match,not_applicable
EHW,MSW,W,explicit,match,not_applicable
EHW,MTW,W,explicit,match,not_applicable
EHW,PRW,W,explicit,match,not_applicable
EHW,PSW,W,explicit,match,not_applicable
EHW,PTW,W,explicit,match,not_applicable
EHW,RSW,W,explicit,match,not_applicable
EHW,RTW,W,explicit,match,not_applicable
EHW,STW,W,explicit,match,not_applicable
EIM,EIP,EI,stress,match,not_defined_in_source
EIM,EIR,EI,stress,match,not_defined_in_source
EIM,EIS,EI,stress,match,not_defined_in_source
EIM,EIT,EI,stress,match,not_defined_in_source
EIM,EIW,EI,stress,match,not_defined_in_source
EIM,EMP,EM,stress_and_current,match,not_defined_in_source
EIM,EMR,EM,stress_and_current,match,not_defined_in_source
EIM,EMS,EM,stress_and_current,match,not_defined_in_source
EIM,EMT,EM,stress_and_current,match,not_defined_in_source
EIM,EMW,EM,stress_and_current,match,not_defined_in_source
EIM,EPR,E,stress,match,not_defined_in_source
EIM,EPS,E,stress,match,not_defined_in_source
EIM,EPT,E,stress,match,not_defined_in_source
EIM,EPW,E,stress,match,not_defined_in_source
EIM,ERS,E,stress,match,not_defined_in_source
EIM,ERT,E,stress,match,not_defined_in_source
EIM,ERW,E,stress,match,not_defined_in_source
EIM,EST,E,stress,match,not_defined_in_source
EIM,ESW,E,stress,match,not_defined_in_source
EIM,ETW,E,stress,match,not_defined_in_source
EIM,FHI,I,explicit,match,not_applicable
EIM,FHM,M,current,match,not_defined_in_source
EIM,FIM,IM,current,match,not_defined_in_source
EIM,FIP,I,explicit,match,not_applicable
EIM,FIR,I,explicit,match,not_applicable
EIM,FIS,I,explicit,match,not_applicable
EIM,FIT,I,explicit,match,not_applicable
EIM,FIW,I,explicit,match,not_applicable
EIM,FMP,M,current,match,not_defined_in_source
EIM,FMR,M,current,match,not_defined_in_source
EIM,FMS,M,current,match,not_defined_in_source
EIM,FMT,M,current,match,not_defined_in_source
EIM,FMW,M,current,match,not_defined_in_source
EIM,HIM,IM,current,match,not_defined_in_source
EIM,HIP,I,explicit,match,not_applicable
EIM,HIR,I,explicit,match,not_applicable
EIM,HIS,I,explicit,match,not_applicable
EIM,HIT,I,explicit,match,not_applicable
EIM,HIW,I,explicit,match,not_applicable
EIM,HMP,M,current,match,not_defined_in_source
EIM,HMR,M,current,match,not_defined_in_source
EIM,HMS,M,current,match,not_defined_in_source
EIM,HMT,M,current,match,not_defined_in_source
EIM,HMW,M,current,match,not_defined_in_source
EIM,IMP,IM,current,match,not_defined_in_source
EIM,IMR,IM,current,match,not_defined_in_source
EIM,IMS,IM,current,match,not_defined_in_source
EIM,IMT,IM,current,match,not_defined_in_source
EIM,IMW,IM,current,match,not_defined_in_source
EIM,IPR,I,explicit,match,not_applicable
EIM,IPS,I,explicit,match,not_applicable
EIM,IPT,I,explicit,match,not_applicable
EIM,IPW,I,explicit,match,not_applicable
EIM,IRS,I,explicit,match,not_applicable
EIM,IRT,I,explicit,match,not_applicable
EIM,IRW,I,explicit,match,not_applicable
EIM,IST,I,explicit,match,not_applicable
EIM,ISW,I,explicit,match,not_applicable
EIM,ITW,I,explicit,match,not_applicable
EIM,MPR,M,current,match,not_defined_in_source
EIM,MPS,M,current,match,not_defined_in_source
EIM,MPT,M,current,match,not_defined_in_source
EIM,MPW,M,current,match,not_defined_in_source
EIM,MRS,M,current,match,not_defined_in_source
EIM,MRT,M,current,match,not_defined_in_source
EIM,MRW,M,current,match,not_defined_in_source
EIM,MST,M,current,match,not_defined_in_source
EIM,MSW,M,current,match,not_defined_in_source
EIM,MTW,M,current,match,not_defined_in_source
EIP,EIR,EI,stress,match,not_defined_in_source
EIP,EIS,EI,stress,match,not_defined_in_source
EIP,EIT,EI,stress,match,not_defined_in_source
EIP,EIW,EI,stress,match,not_defined_in_source
EIP,EMP,EP,stress,match,not_defined_in_source
EIP,EMR,E,stress,match,not_defined_in_source
EIP,EMS,E,stress,match,not_defined_in_source
EIP,EMT,E,stress,match,not_defined_in_source
EIP,EMW,E,stress,match,not_defined_in_source
EIP,EPR,EP,stress,match,not_defined_in_source
EIP,EPS,EP,stress,match,not_defined_in_source
EIP,EPT,EP,stress,match,not_defined_in_source
EIP,EPW,EP,stress,match,not_defined_in_source
EIP,ERS,E,stress,match,not_defined_in_source
EIP,ERT,E,stress,match,not_defined_in_source
EIP,ERW,E,stress,match,not_defined_in_source
EIP,EST,E,stress,match,not_defined_in_source
EIP,ESW,E,stress,match,not_defined_in_source
EIP,ETW,E,stress,match,not_defined_in_source
EIP,FHI,I,explicit,match,not_applicable
EIP,FHP,P,explicit,match,not_applicable
EIP,FIM,I,explicit,match,not_applicable
EIP,FIP,IP,explicit,match,not_applicable
EIP,FIR,I,explicit,match,not_applicable
EIP,FIS,I,explicit,match,not_applicable
EIP,FIT,I,explicit,match,not_applicable
EIP,FIW,I,explicit,match,not_applicable
EIP,FMP,P,explicit,match,not_applicable
EIP,FPR,P,explicit,match,not_applicable
EIP,FPS,P,explicit,match,not_applicable
EIP,FPT,P,explicit,match,not_applicable
EIP,FPW,P,explicit,match,not_applicable
EIP,HIM,I,explicit,match,not_applicable
EIP,HIP,IP,explicit,match,not_applicable
EIP,HIR,I,explicit,match,not_applicable
EIP,HIS,I,explicit,match,not_applicable
EIP,HIT,I,explicit,match,not_applicable
EIP,HIW,I,explicit,match,not_applicable
EIP,HMP,P,explicit,match,not_applicable
EIP,HPR,P,explicit,match,not_applicable
EIP,HPS,P,explicit,match,not_applicable
EIP,HPT,P,explicit,match,not_applicable
EIP,HPW,P,explicit,match,not_applicable
EIP,IMP,IP,explicit,match,not_applicable
EIP,IMR,I,explicit,match,not_applicable
EIP,IMS,I,explicit,match,not_applicable
EIP,IMT,I,explicit,match,not_applicable
EIP,IMW,I,explicit,match,not_applicable
EIP,IPR,IP,explicit,match,not_applicable
EIP,IPS,IP,explicit,match,not_applicable
EIP,IPT,IP,explicit,match,not_applicable
EIP,IPW,IP,explicit,match,not_applicable
EIP,IRS,I,explicit,match,not_applicable
EIP,IRT,I,explicit,match,not_applicable
EIP,IRW,I,explicit,match,not_applicable
EIP,IST,I,explicit,match,not_applicable
EIP,ISW,I,explicit,match,not_applicable
EIP,ITW,I,explicit,match,not_applicable
EIP,MPR,P,explicit,match,not_applicable
EIP,MPS,P,explicit,match,not_applicable
EIP,MPT,P,explicit,match,not_applicable
EIP,MPW,P,explicit,match,not_applicable
EIP,PRS,P,explicit,match,not_applicable
EIP,PRT,P,explicit,match,not_applicable
EIP,PRW,P,explicit,match,not_applicable
EIP,PST,P,explicit,match,not_applicable
EIP,PSW,P,explicit,match,not_applicable
EIP,PTW,P,explicit,match,not_applicable
EIR,EIS,EI,stress,match,not_defined_in_source
EIR,EIT,EI,stress,match,not_defined_in_source
EIR,EIW,EI,stress,match,not_defined_in_source
EIR,EMP,E,stress,match,not_defined_in_source
EIR,EMR,ER,stress,match,not_defined_in_source
EIR,EMS,E,stress,match,not_defined_in_source
EIR,EMT,E,stress,match,not_defined_in_source
EIR,EMW,E,stress,match,not_defined_in_source
EIR,EPR,ER,stress,match,not_defined_in_source
EIR,EPS,E,stress,match,not_defined_in_source
EIR,EPT,E,stress,match,not_defined_in_source
EIR,EPW,E,stress,match,not_defined_in_source
EIR,ERS,ER,stress,match,not_defined_in_source
EIR,ERT,ER,stress,match,not_defined_in_source
EIR,ERW,ER,stress,match,not_defined_in_source
EIR,EST,E,stress,match,not_defined_in_source
EIR,ESW,E,stress,match,not_defined_in_source
EIR,ETW,E,stress,match,not_defined_in_source
EIR,FHI,I,explicit,match,not_applicable
EIR,FHR,R,explicit,match,not_applicable
EIR,FIM,I,explicit,match,not_applicable
EIR,FIP,I,explicit,match,not_applicable
EIR,FIR,IR,explicit,match,not_applicable
EIR,FIS,I,explicit,match,not_applicable
EIR,FIT,I,explicit,match,not_applicable
EIR,FIW,I,explicit,match,not_applicable
EIR,FMR,R,explicit,match,not_applicable
EIR,FPR,R,explicit,match,not_applicable
EIR,FRS,R,explicit,match,not_applicable
EIR,FRT,R,explicit,match,not_applicable
EIR,FRW,R,explicit,match,not_applicable
EIR,HIM,I,explicit,match,not_applicable
EIR,HIP,I,explicit,match,not_applicable
EIR,HIR,IR,explicit,match,not_applicable
EIR,HIS,I,explicit,match,not_applicable
EIR,HIT,I,explicit,match,not_applicable
EIR,HIW,I,explicit,match,not_applicable
EIR,HMR,R,explicit,match,not_applicable
EIR,HPR,R,explicit,match,not_applicable
EIR,HRS,R,explicit,match,not_applicable
EIR,HRT,R,explicit,match,not_applicable
EIR,HRW,R,explicit,match,not_applicable
EIR,IMP,I,explicit,match,not_applicable
EIR,IMR,IR,explicit,match,not_applicable
EIR,IMS,I,explicit,match,not_applicable
EIR,IMT,I,explicit,match,not_applicable
EIR,IMW,I,explicit,match,not_applicable
EIR,IPR,IR,explicit,match,not_applicable
EIR,IPS,I,explicit,match,not_applicable
EIR,IPT,I,explicit,match,not_applicable
EIR,IPW,I,explicit,match,not_applicable
EIR,IRS,IR,explicit,match,not_applicable
EIR,IRT,IR,explicit,match,not_applicable
EIR,IRW,IR,explicit,match,not_applicable
EIR,IST,I,explicit,match,not_applicable
EIR,ISW,I,explicit,match,not_applicable
EIR,ITW,I,explicit,match,not_applicable
EIR,MPR,R,explicit,match,not_applicable
EIR,MRS,R,explicit,match,not_applicable
EIR,MRT,R,explicit,match,not_applicable
EIR,MRW,R,explicit,match,not_applicable
EIR,PRS,R,explicit,match,not_applicable
EIR,PRT,R,explicit,match,not_applicable
EIR,PRW,R,explicit,match,not_applicable
EIR,RST,R,explicit,match,not_applicable
EIR,RSW,R,explicit,match,not_applicable
EIR,RTW,R,explicit,match,not_applicable
EIS,EIT,EI,stress,match,not_defined_in_source
EIS,EIW,EI,stress,match,not_defined_in_source
EIS,EMP,E,stress,match,not_defined_in_source
EIS,EMR,E,stress,match,not_defined_in_source
EIS,EMS,ES,stress_and_current,match,not_defined_in_source
EIS,EMT,E,stress,match,not_defined_in_source
EIS,EMW,E,stress,match,not_defined_in_source
EIS,EPR,E,stress,match,not_defined_in_source
EIS,EPS,ES,stress_and_current,match,not_defined_in_source
EIS,EPT,E,stress,match,not_defined_in_source
EIS,EPW,E,stress,match,not_defined_in_source
EIS,ERS,ES,stress_and_current,match,not_defined_in_source
EIS,ERT,E,stress,match,not_defined_in_source
EIS,ERW,E,stress,match,not_defined_in_source
EIS,EST,ES,stress_and_current,match,not_defined_in_source
EIS,ESW,ES,stress_and_current,match,not_defined_in_source
EIS,ETW,E,stress,match,not_defined_in_source
EIS,FHI,I,explicit,match,not_applicable
EIS,FHS,S,current,match,not_defined_in_source
EIS,FIM,I,explicit,match,not_applicable
EIS,FIP,I,explicit,match,not_applicable
EIS,FIR,I,explicit,match,not_applicable
EIS,FIS,IS,current,match,not_defined_in_source
EIS,FIT,I,explicit,match,not_applicable
EIS,FIW,I,explicit,match,not_applicable
EIS,FMS,S,current,match,not_defined_in_source
EIS,FPS,S,current,match,not_defined_in_source
EIS,FRS,S,current,match,not_defined_in_source
EIS,FST,S,current,match,not_defined_in_source
EIS,FSW,S,current,match,not_defined_in_source
EIS,HIM,I,explicit,match,not_applicable
EIS,HIP,I,explicit,match,not_applicable
EIS,HIR,I,explicit,match,not_applicable
EIS,HIS,IS,current,match,not_defined_in_source
EIS,HIT,I,explicit,match,not_applicable
EIS,HIW,I,explicit,match,not_applicable
EIS,HMS,S,current,match,not_defined_in_source
EIS,HPS,S,current,match,not_defined_in_source
EIS,HRS,S,current,match,not_defined_in_source
EIS,HST,S,current,match,not_defined_in_source
EIS,HSW,S,current,match,not_defined_in_source
EIS,IMP,I,explicit,match,not_applicable
EIS,IMR,I,explicit,match,not_applicable
EIS,IMS,IS,current,match,not_defined_in_source
EIS,IMT,I,explicit,match,not_applicable
EIS,IMW,I,explicit,match,not_applicable
EIS,IPR,I,explicit,match,not_applicable
EIS,IPS,IS,current,match,not_defined_in_source
EIS,IPT,I,explicit,match,not_applicable
EIS,IPW,I,explicit,match,not_applicable
EIS,IRS,IS,current,match,not_defined_in_source
EIS,IRT,I,explicit,match,not_applicable
EIS,IRW,I,explicit,match,not_applicable
EIS,IST,IS,current,match,not_defined_in_source
EIS,ISW,IS,current,match,not_defined_in_source
EIS,ITW,I,explicit,match,not_applicable
EIS,MPS,S,current,match,not_defined_in_source
EIS,MRS,S,current,match,not_defined_in_source
EIS,MST,S,current,match,not_defined_in_source
EIS,MSW,S,current,match,not_defined_in_source
EIS,PRS,S,current,match,not_defined_in_source
EIS,PST,S,current,match,not_defined_in_source
EIS,PSW,S,current,match,not_defined_in_source
EIS,RST,S,current,match,not_defined_in_source
EIS,RSW,S,current,match,not_defined_in_source
EIS,STW,S,current,match,not_defined_in_source
EIT,EIW,EI,stress,match,not_defined_in_source
EIT,EMP,E,stress,match,not_defined_in_source
EIT,EMR,E,stress,match,not_defined_in_source
EIT,EMS,E,stress,match,not_defined_in_source
EIT,EMT,ET,stress,match,not_defined_in_source
EIT,EMW,E,stress,match,not_defined_in_source
EIT,EPR,E,stress,match,not_defined_in_source
EIT,EPS,E,stress,match,not_defined_in_source
EIT,EPT,ET,stress,match,not_defined_in_source
EIT,EPW,E,stress,match,not_defined_in_source
EIT,ERS,E,stress,match,not_defined_in_source
EIT,ERT,ET,stress,match,not_defined_in_source
EIT,ERW,E,stress,match,not_defined_in_source
EIT,EST,ET,stress,match,not_defined_in_source
EIT,ESW,E,stress,match,not_defined_in_source
EIT,ETW,ET,stress,match,not_defined_in_source
EIT,FHI,I,explicit,match,not_applicable
EIT,FHT,T,explicit,match,not_applicable
EIT,FIM,I,explicit,match,not_applicable
EIT,FIP,I,explicit,match,not_applicable
EIT,FIR,I,explicit,match,not_applicable
EIT,FIS,I,explicit,match,not_applicable
EIT,FIT,IT,explicit,match,not_applicable
EIT,FIW,I,explicit,match,not_applicable
EIT,FMT,T,explicit,match,not_applicable
EIT,FPT,T,explicit,match,not_applicable
EIT,FRT,T,explicit,match,not_applicable
EIT,FST,T,explicit,match,not_applicable
EIT,FTW,T,explicit,match,not_applicable
EIT,HIM,I,explicit,match,not_applicable
EIT,HIP,I,explicit,match,not_applicable
EIT,HIR,I,explicit,match,not_applicable
EIT,HIS,I,explicit,match,not_applicable
EIT,HIT,IT,explicit,match,not_applicable
EIT,HIW,I,explicit,match,not_applicable
EIT,HMT,T,explicit,match,not_applicable
EIT,HPT,T,explicit,match,not_applicable
EIT,HRT,T,explicit,match,not_applicable
EIT,HST,T,explicit,match,not_applicable
EIT,HTW,T,explicit,match,not_applicable
EIT,IMP,I,explicit,match,not_applicable
EIT,IMR,I,explicit,match,not_applicable
EIT,IMS,I,explicit,match,not_applicable
EIT,IMT,IT,explicit,match,not_applicable
EIT,IMW,I,explicit,match,not_applicable
EIT,IPR,I,explicit,match,not_applicable
EIT,IPS,I,explicit,match,not_applicable
EIT,IPT,IT,explicit,match,not_applicable
EIT,IPW,I,explicit,match,not_applicable
EIT,IRS,I,explicit,match,not_applicable
EIT,IRT,IT,explicit,match,not_applicable
EIT,IRW,I,explicit,match,not_applicable
EIT,IST,IT,explicit,match,not_applicable
EIT,ISW,I,explicit,match,not_applicable
EIT,ITW,IT,explicit,match,not_applicable
EIT,MPT,T,explicit,match,not_applicable
EIT,MRT,T,explicit,match,not_applicable
EIT,MST,T,explicit,match,not_applicable
EIT,MTW,T,explicit,match,not_applicable
EIT,PRT,T,explicit,match,not_applicable
EIT,PST,T,explicit,match,not_applicable
EIT,PTW,T,explicit,match,not_applicable
EIT,RST,T,explicit,match,not_applicable
EIT,RTW,T,explicit,match,not_applicable
EIT,STW,T,explicit,match,not_applicable
EIW,EMP,E,stress,match,not_defined_in_source
EIW,EMR,E,stress,match,not_defined_in_source
EIW,EMS,E,stress,match,not_defined_in_source
EIW,EMT,E,stress,match,not_defined_in_source
EIW,EMW,EW,stress,match,not_defined_in_source
EIW,EPR,E,stress,match,not_defined_in_source
EIW,EPS,E,stress,match,not_defined_in_source
EIW,EPT,E,stress,match,not_defined_in_source
EIW,EPW,EW,stress,match,not_defined_in_source
EIW,ERS,E,stress,match,not_defined_in_source
EIW,ERT,E,stress,match,not_defined_in_source
EIW,ERW,EW,stress,match,not_defined_in_source
EIW,EST,E,stress,match,not_defined_in_source
EIW,ESW,EW,stress,match,not_defined_in_source
EIW,ETW,EW,stress,match,not_defined_in_source
EIW,FHI,I,explicit,match,not_applicable
EIW,FHW,W,explicit,match,not_applicable
EIW,FIM,I,explicit,match,not_applicable
EIW,FIP,I,explicit,match,not_applicable
EIW,FIR,I,explicit,match,not_applicable
EIW,FIS,I,explicit,match,not_applicable
EIW,FIT,I,explicit,match,not_applicable
EIW,FIW,IW,explicit,match,not_applicable
EIW,FMW,W,explicit,match,not_applicable
EIW,FPW,W,explicit,match,not_applicable
EIW,FRW,W,explicit,match,not_applicable
EIW,FSW,W,explicit,match,not_applicable
EIW,FTW,W,explicit,match,not_applicable
EIW,HIM,I,explicit,match,not_applicable
EIW,HIP,I,explicit,match,not_applicable
EIW,HIR,I,explicit,match,not_applicable
EIW,HIS,I,explicit,match,not_applicable
EIW,HIT,I,explicit,match,not_applicable
EIW,HIW,IW,explicit,match,not_applicable
EIW,HMW,W,explicit,match,not_applicable
EIW,HPW,W,explicit,match,not_applicable
EIW,HRW,W,explicit,match,not_applicable
EIW,HSW,W,explicit,match,not_applicable
EIW,HTW,W,explicit,match,not_applicable
EIW,IMP,I,explicit,match,not_applicable
EIW,IMR,I,explicit,match,not_applicable
EIW,IMS,I,explicit,match,not_applicable
EIW,IMT,I,explicit,match,not_applicable
EIW,IMW,IW,explicit,match,not_applicable
EIW,IPR,I,explicit,match,not_applicable
EIW,IPS,I,explicit,match,not_applicable
EIW,IPT,I,explicit,match,not_applicable
EIW,IPW,IW,explicit,match,not_applicable
EIW,IRS,I,explicit,match,not_applicable
EIW,IRT,I,explicit,match,not_applicable
EIW,IRW,IW,explicit,match,not_applicable
EIW,IST,I,explicit,match,not_applicable
EIW,ISW,IW,explicit,match,not_applicable
EIW,ITW,IW,explicit,match,not_applicable
EIW,MPW,W,explicit,match,not_applicable
EIW,MRW,W,explicit,match,not_applicable
EIW,MSW,W,explicit,match,not_applicable
EIW,MTW,W,explicit,match,not_applicable
EIW,PRW,W,explicit,match,not_applicable
EIW,PSW,W,explicit,match,not_applicable
EIW,PTW,W,explicit,match,not_applicable
EIW,RSW,W,explicit,match,not_applicable
EIW,RTW,W,explicit,match,not_applicable
EIW,STW,W,explicit,match,not_applicable
EMP,EMR,EM,stress_and_current,match,not_defined_in_source
EMP,EMS,EM,stress_and_current,match,not_defined_in_source
EMP,EMT,EM,stress_and_current,match,not_defined_in_source
EMP,EMW,EM,stress_and_current,match,not_defined_in_source
EMP,EPR,EP,stress,match,not_defined_in_source
EMP,EPS,EP,stress,match,not_defined_in_source
EMP,EPT,EP,stress,match,not_defined_in_source
EMP,EPW,EP,stress,match,not_defined_in_source
EMP,ERS,E,stress,match,not_defined_in_source
EMP,ERT,E,stress,match,not_defined_in_source
EMP,ERW,E,stress,match,not_defined_in_source
EMP,EST,E,stress,match,not_defined_in_source
EMP,ESW,E,stress,match,not_defined_in_source
EMP,ETW,E,stress,match,not_defined_in_source
EMP,FHM,M,current,match,not_defined_in_source
EMP,FHP,P,explicit,match,not_applicable
EMP,FIM,M,current,match,not_defined_in_source
EMP,FIP,P,explicit,match,not_applicable
EMP,FMP,MP,current,match,not_defined_in_source
EMP,FMR,M,current,match,not_defined_in_source
EMP,FMS,M,current,match,not_defined_in_source
EMP,FMT,M,current,match,not_defined_in_source
EMP,FMW,M,current,match,not_defined_in_source
EMP,FPR,P,explicit,match,not_applicable
EMP,FPS,P,explicit,match,not_applicable
EMP,FPT,P,explicit,match,not_applicable
EMP,FPW,P,explicit,match,not_applicable
EMP,HIM,M,current,match,not_defined_in_source
EMP,HIP,P,explicit,match,not_applicable
EMP,HMP,MP,current,match,not_defined_in_source
EMP,HMR,M,current,match,not_defined_in_source
EMP,HMS,M,current,match,not_defined_in_source
EMP,HMT,M,current,match,not_defined_in_source
EMP,HMW,M,current,match,not_defined_in_source
EMP,HPR,P,explicit,match,not_applicable
EMP,HPS,P,explicit,match,not_applicable
EMP,HPT,P,explicit,match,not_applicable
EMP,HPW,P,explicit,match,not_applicable
EMP,IMP,MP,current,match,not_defined_in_source
EMP,IMR,M,current,match,not_defined_in_source
EMP,IMS,M,current,match,not_defined_in_source
EMP,IMT,M,current,match,not_defined_in_source
EMP,IMW,M,current,match,not_defined_in_source
EMP,IPR,P,explicit,match,not_applicable
EMP,IPS,P,explicit,match,not_applicable
EMP,IPT,P,explicit,match,not_applicable
EMP,IPW,P,explicit,match,not_applicable
EMP,MPR,MP,current,match,not_defined_in_source
EMP,MPS,MP,current,match,not_defined_in_source
EMP,MPT,MP,current,match,not_defined_in_source
EMP,MPW,MP,current,match,not_defined_in_source
EMP,MRS,M,current,match,not_defined_in_source
EMP,MRT,M,current,match,not_defined_in_source
EMP,MRW,M,current,match,not_defined_in_source
EMP,MST,M,current,match,not_defined_in_source
EMP,MSW,M,current,match,not_defined_in_source
EMP,MTW,M,current,match,not_defined_in_source
EMP,PRS,P,explicit,match,not_applicable
EMP,PRT,P,explicit,match,not_applicable
EMP,PRW,P,explicit,match,not_applicable
EMP,PST,P,explicit,match,not_applicable
EMP,PSW,P,explicit,match,not_applicable
EMP,PTW,P,explicit,match,not_applicable
EMR,EMS,EM,stress_and_current,match,not_defined_in_source
EMR,EMT,EM,stress_and_current,match,not_defined_in_source
EMR,EMW,EM,stress_and_current,match,not_defined_in_source
EMR,EPR,ER,stress,match,not_defined_in_source
EMR,EPS,E,stress,match,not_defined_in_source
EMR,EPT,E,stress,match,not_defined_in_source
EMR,EPW,E,stress,match,not_defined_in_source
EMR,ERS,ER,stress,match,not_defined_in_source
EMR,ERT,ER,stress,match,not_defined_in_source
EMR,ERW,ER,stress,match,not_defined_in_source
EMR,EST,E,stress,match,not_defined_in_source
EMR,ESW,E,stress,match,not_defined_in_source
EMR,ETW,E,stress,match,not_defined_in_source
EMR,FHM,M,current,match,not_defined_in_source
EMR,FHR,R,explicit,match,not_applicable
EMR,FIM,M,current,match,not_defined_in_source
EMR,FIR,R,explicit,match,not_applicable
EMR,FMP,M,current,match,not_defined_in_source
EMR,FMR,MR,current,match,not_defined_in_source
EMR,FMS,M,current,match,not_defined_in_source
EMR,FMT,M,current,match,not_defined_in_source
EMR,FMW,M,current,match,not_defined_in_source
EMR,FPR,R,explicit,match,not_applicable
EMR,FRS,R,explicit,match,not_applicable
EMR,FRT,R,explicit,match,not_applicable
EMR,FRW,R,explicit,match,not_applicable
EMR,HIM,M,current,match,not_defined_in_source
EMR,HIR,R,explicit,match,not_applicable
EMR,HMP,M,current,match,not_defined_in_source
EMR,HMR,MR,current,match,not_defined_in_source
EMR,HMS,M,current,match,not_defined_in_source
EMR,HMT,M,current,match,not_defined_in_source
EMR,HMW,M,current,match,not_defined_in_source
EMR,HPR,R,explicit,match,not_applicable
EMR,HRS,R,explicit,match,not_applicable
EMR,HRT,R,explicit,match,not_applicable
EMR,HRW,R,explicit,match,not_applicable
EMR,IMP,M,current,match,not_defined_in_source
EMR,IMR,MR,current,match,not_defined_in_source
EMR,IMS,M,current,match,not_defined_in_source
EMR,IMT,M,current,match,not_defined_in_source
EMR,IMW,M,current,match,not_defined_in_source
EMR,IPR,R,explicit,match,not_applicable
EMR,IRS,R,explicit,match,not_applicable
EMR,IRT,R,explicit,match,not_applicable
EMR,IRW,R,explicit,match,not_applicable
EMR,MPR,MR,current,match,not_defined_in_source
EMR,MPS,M,current,match,not_defined_in_source
EMR,MPT,M,current,match,not_defined_in_source
EMR,MPW,M,current,match,not_defined_in_source
EMR,MRS,MR,current,match,not_defined_in_source
EMR,MRT,MR,current,match,not_defined_in_source
EMR,MRW,MR,current,match,not_defined_in_source
EMR,MST,M,current,match,not_defined_in_source
EMR,MSW,M,current,match,not_defined_in_source
EMR,MTW,M,current,match,not_defined_in_source
EMR,PRS,R,explicit,match,not_applicable
EMR,PRT,R,explicit,match,not_applicable
EMR,PRW,R,explicit,match,not_applicable
EMR,RST,R,explicit,match,not_applicable
EMR,RSW,R,explicit,match,not_applicable
EMR,RTW,R,explicit,match,not_applicable
EMS,EMT,EM,stress_and_current,match,not_defined_in_source
EMS,EMW,EM,stress_and_current,match,not_defined_in_source
EMS,EPR,E,stress,match,not_defined_in_source
EMS,EPS,ES,stress_and_current,match,not_defined_in_source
EMS,EPT,E,stress,match,not_defined_in_source
EMS,EPW,E,stress,match,not_defined_in_source
EMS,ERS,ES,stress_and_current,match,not_defined_in_source
EMS,ERT,E,stress,match,not_defined_in_source
EMS,ERW,E,stress,match,not_defined_in_source
EMS,EST,ES,stress_and_current,match,not_defined_in_source
EMS,ESW,ES,stress_and_current,match,not_defined_in_source
EMS,ETW,E,stress,match,not_defined_in_source
EMS,FHM,M,current,match,not_defined_in_source
EMS,FHS,S,current,match,not_defined_in_source
EMS,FIM,M,current,match,not_defined_in_source
EMS,FIS,S,current,match,not_defined_in_source
EMS,FMP,M,current,match,not_defined_in_source
EMS,FMR,M,current,match,not_defined_in_source
EMS,FMS,MS,current,match,not_defined_in_source
EMS,FMT,M,current,match,not_defined_in_source
EMS,FMW,M,current,match,not_defined_in_source
EMS,FPS,S,current,match,not_defined_in_source
EMS,FRS,S,current,match,not_defined_in_source
EMS,FST,S,current,match,not_defined_in_source
EMS,FSW,S,current,match,not_defined_in_source
EMS,HIM,M,current,match,not_defined_in_source
EMS,HIS,S,current,match,not_defined_in_source
EMS,HMP,M,current,match,not_defined_in_source
EMS,HMR,M,current,match,not_defined_in_source
EMS,HMS,MS,current,match,not_defined_in_source
EMS,HMT,M,current,match,not_defined_in_source
EMS,HMW,M,current,match,not_defined_in_source
EMS,HPS,S,current,match,not_defined_in_source
EMS,HRS,S,current,match,not_defined_in_source
EMS,HST,S,current,match,not_defined_in_source
EMS,HSW,S,current,match,not_defined_in_source
EMS,IMP,M,current,match,not_defined_in_source
EMS,IMR,M,current,match,not_defined_in_source
EMS,IMS,MS,current,match,not_defined_in_source
EMS,IMT,M,current,match,not_defined_in_source
EMS,IMW,M,current,match,not_defined_in_source
EMS,IPS,S,current,match,not_defined_in_source
EMS,IRS,S,current,match,not_defined_in_source
EMS,IST,S,current,match,not_defined_in_source
EMS,ISW,S,current,match,not_defined_in_source
EMS,MPR,M,current,match,not_defined_in_source
EMS,MPS,MS,current,match,not_defined_in_source
EMS,MPT,M,current,match,not_defined_in_source
EMS,MPW,M,current,match,not_defined_in_source
EMS,MRS,MS,current,match,not_defined_in_source
EMS,MRT,M,current,match,not_defined_in_source
EMS,MRW,M,current,match,not_defined_in_source
EMS,MST,MS,current,match,not_defined_in_source
EMS,MSW,MS,current,match,not_defined_in_source
EMS,MTW,M,current,match,not_defined_in_source
EMS,PRS,S,current,match,not_defined_in_source
EMS,PST,S,current,match,not_defined_in_source
EMS,PSW,S,current,match,not_defined_in_source
EMS,RST,S,current,match,not_defined_in_source
EMS,RSW,S,current,match,not_defined_in_source
EMS,STW,S,current,match,not_defined_in_source
EMT,EMW,EM,stress_and_current,match,not_defined_in_source
EMT,EPR,E,stress,match,not_defined_in_source
EMT,EPS,E,stress,match,not_defined_in_source
EMT,EPT,ET,stress,match,not_defined_in_source
EMT,EPW,E,stress,match,not_defined_in_source
EMT,ERS,E,stress,match,not_defined_in_source
EMT,ERT,ET,stress,match,not_defined_in_source
EMT,ERW,E,stress,match,not_defined_in_source
EMT,EST,ET,stress,match,not_defined_in_source
EMT,ESW,E,stress,match,not_defined_in_source
EMT,ETW,ET,stress,match,not_defined_in_source
EMT,FHM,M,current,match,not_defined_in_source
EMT,FHT,T,explicit,match,not_applicable
EMT,FIM,M,current,match,not_defined_in_source
EMT,FIT,T,explicit,match,not_applicable
EMT,FMP,M,current,match,not_defined_in_source
EMT,FMR,M,current,match,not_defined_in_source
EMT,FMS,M,current,match,not_defined_in_source
EMT,FMT,MT,current,match,not_defined_in_source
EMT,FMW,M,current,match,not_defined_in_source
EMT,FPT,T,explicit,match,not_applicable
EMT,FRT,T,explicit,match,not_applicable
EMT,FST,T,explicit,match,not_applicable
EMT,FTW,T,explicit,match,not_applicable
EMT,HIM,M,current,match,not_defined_in_source
EMT,HIT,T,explicit,match,not_applicable
EMT,HMP,M,current,match,not_defined_in_source
EMT,HMR,M,current,match,not_defined_in_source
EMT,HMS,M,current,match,not_defined_in_source
EMT,HMT,MT,current,match,not_defined_in_source
EMT,HMW,M,current,match,not_defined_in_source
EMT,HPT,T,explicit,match,not_applicable
EMT,HRT,T,explicit,match,not_applicable
EMT,HST,T,explicit,match,not_applicable
EMT,HTW,T,explicit,match,not_applicable
EMT,IMP,M,current,match,not_defined_in_source
EMT,IMR,M,current,match,not_defined_in_source
EMT,IMS,M,current,match,not_defined_in_source
EMT,IMT,MT,current,match,not_defined_in_source
EMT,IMW,M,current,match,not_defined_in_source
EMT,IPT,T,explicit,match,not_applicable
EMT,IRT,T,explicit,match,not_applicable
EMT,IST,T,explicit,match,not_applicable
EMT,ITW,T,explicit,match,not_applicable
EMT,MPR,M,current,match,not_defined_in_source
EMT,MPS,M,current,match,not_defined_in_source
EMT,MPT,MT,current,match,not_defined_in_source
EMT,MPW,M,current,match,not_defined_in_source
EMT,MRS,M,current,match,not_defined_in_source
EMT,MRT,MT,current,match,not_defined_in_source
EMT,MRW,M,current,match,not_defined_in_source
EMT,MST,MT,current,match,not_defined_in_source
EMT,MSW,M,current,match,not_defined_in_source
EMT,MTW,MT,current,match,not_defined_in_source
EMT,PRT,T,explicit,match,not_applicable
EMT,PST,T,explicit,match,not_applicable
EMT,PTW,T,explicit,match,not_applicable
EMT,RST,T,explicit,match,not_applicable
EMT,RTW,T,explicit,match,not_applicable
EMT,STW,T,explicit,match,not_applicable
EMW,EPR,E,stress,match,not_defined_in_source
EMW,EPS,E,stress,match,not_defined_in_source
EMW,EPT,E,stress,match,not_defined_in_source
EMW,EPW,EW,stress,match,not_defined_in_source
EMW,ERS,E,stress,match,not_defined_in_source
EMW,ERT,E,stress,match,not_defined_in_source
EMW,ERW,EW,stress,match,not_defined_in_source
EMW,EST,E,stress,match,not_defined_in_source
EMW,ESW,EW,stress,match,not_defined_in_source
EMW,ETW,EW,stress,match,not_defined_in_source
EMW,FHM,M,current,match,not_defined_in_source
EMW,FHW,W,explicit,match,not_applicable
EMW,FIM,M,current,match,not_defined_in_source
EMW,FIW,W,explicit,match,not_applicable
EMW,FMP,M,current,match,not_defined_in_source
EMW,FMR,M,current,match,not_defined_in_source
EMW,FMS,M,current,match,not_defined_in_source
EMW,FMT,M,current,match,not_defined_in_source
EMW,FMW,MW,current,match,not_defined_in_source
EMW,FPW,W,explicit,match,not_applicable
EMW,FRW,W,explicit,match,not_applicable
EMW,FSW,W,explicit,match,not_applicable
EMW,FTW,W,explicit,match,not_applicable
EMW,HIM,M,current,match,not_defined_in_source
EMW,HIW,W,explicit,match,not_applicable
EMW,HMP,M,current,match,not_defined_in_source
EMW,HMR,M,current,match,not_defined_in_source
EMW,HMS,M,current,match,not_defined_in_source
EMW,HMT,M,current,match,not_defined_in_source
EMW,HMW,MW,current,match,not_defined_in_source
EMW,HPW,W,explicit,match,not_applicable
EMW,HRW,W,explicit,match,not_applicable
EMW,HSW,W,explicit,match,not_applicable
EMW,HTW,W,explicit,match,not_applicable
EMW,IMP,M,current,match,not_defined_in_source
EMW,IMR,M,current,match,not_defined_in_source
EMW,IMS,M,current,match,not_defined_in_source
EMW,IMT,M,current,match,not_defined_in_source
EMW,IMW,MW,current,match,not_defined_in_source
EMW,IPW,W,explicit,match,not_applicable
EMW,IRW,W,explicit,match,not_applicable
EMW,ISW,W,explicit,match,not_applicable
EMW,ITW,W,explicit,match,not_applicable
EMW,MPR,M,current,match,not_defined_in_source
EMW,MPS,M,current,match,not_defined_in_source
EMW,MPT,M,current,match,not_defined_in_source
EMW,MPW,MW,current,match,not_defined_in_source
EMW,MRS,M,current,match,not_defined_in_source
EMW,MRT,M,current,match,not_defined_in_source
EMW,MRW,MW,current,match,not_defined_in_source
EMW,MST,M,current,match,not_defined_in_source
EMW,MSW,MW,current,match,not_defined_in_source
EMW,MTW,MW,current,match,not_defined_in_source
EMW,PRW,W,explicit,match,not_applicable
EMW,PSW,W,explicit,match,not_applicable
EMW,PTW,W,explicit,match,not_applicable
EMW,RSW,W,explicit,match,not_applicable
EMW,RTW,W,explicit,match,not_applicable
EMW,STW,W,explicit,match,not_applicable
EPR,EPS,EP,stress,match,not_defined_in_source
EPR,EPT,EP,stress,match,not_defined_in_source
EPR,EPW,EP,stress,match,not_defined_in_source
EPR,ERS,ER,stress,match,not_defined_in_source
EPR,ERT,ER,stress,match,not_defined_in_source
EPR,ERW,ER,stress,match,not_defined_in_source
EPR,EST,E,stress,match,not_defined_in_source
EPR,ESW,E,stress,match,not_defined_in_source
EPR,ETW,E,stress,match,not_defined_in_source
EPR,FHP,P,explicit,match,not_applicable
EPR,FHR,R,explicit,match,not_applicable
EPR,FIP,P,explicit,match,not_applicable
EPR,FIR,R,explicit,match,not_applicable
EPR,FMP,P,explicit,match,not_applicable
EPR,FMR,R,explicit,match,not_applicable
EPR,FPR,PR,explicit,match,not_applicable
EPR,FPS,P,explicit,match,not_applicable
EPR,FPT,P,explicit,match,not_applicable
EPR,FPW,P,explicit,match,not_applicable
EPR,FRS,R,explicit,match,not_applicable
EPR,FRT,R,explicit,match,not_applicable
EPR,FRW,R,explicit,match,not_applicable
EPR,HIP,P,explicit,match,not_applicable
EPR,HIR,R,explicit,match,not_applicable
EPR,HMP,P,explicit,match,not_applicable
EPR,HMR,R,explicit,match,not_applicable
EPR,HPR,PR,explicit,match,not_applicable
EPR,HPS,P,explicit,match,not_applicable
EPR,HPT,P,explicit,match,not_applicable
EPR,HPW,P,explicit,match,not_applicable
EPR,HRS,R,explicit,match,not_applicable
EPR,HRT,R,explicit,match,not_applicable
EPR,HRW,R,explicit,match,not_applicable
EPR,IMP,P,explicit,match,not_applicable
EPR,IMR,R,explicit,match,not_applicable
EPR,IPR,PR,explicit,match,not_applicable
EPR,IPS,P,explicit,match,not_applicable
EPR,IPT,P,explicit,match,not_applicable
EPR,IPW,P,explicit,match,not_applicable
EPR,IRS,R,explicit,match,not_applicable
EPR,IRT,R,explicit,match,not_applicable
EPR,IRW,R,explicit,match,not_applicable
EPR,MPR,PR,explicit,match,not_applicable
EPR,MPS,P,explicit,match,not_applicable
EPR,MPT,P,explicit,match,not_applicable
EPR,MPW,P,explicit,match,not_applicable
EPR,MRS,R,explicit,match,not_applicable
EPR,MRT,R,explicit,match,not_applicable
EPR,MRW,R,explicit,match,not_applicable
EPR,PRS,PR,explicit,match,not_applicable
EPR,PRT,PR,explicit,match,not_applicable
EPR,PRW,PR,explicit,match,not_applicable
EPR,PST,P,explicit,match,not_applicable
EPR,PSW,P,explicit,match,not_applicable
EPR,PTW,P,explicit,match,not_applicable
EPR,RST,R,explicit,match,not_applicable
EPR,RSW,R,explicit,match,not_applicable
EPR,RTW,R,explicit,match,not_applicable
EPS,EPT,EP,stress,match,not_defined_in_source
EPS,EPW,EP,stress,match,not_defined_in_source
EPS,ERS,ES,stress_and_current,match,not_defined_in_source
EPS,ERT,E,stress,match,not_defined_in_source
EPS,ERW,E,stress,match,not_defined_in_source
EPS,EST,ES,stress_and_current,match,not_defined_in_source
EPS,ESW,ES,stress_and_current,match,not_defined_in_source
EPS,ETW,E,stress,match,not_defined_in_source
EPS,FHP,P,explicit,match,not_applicable
EPS,FHS,S,current,match,not_defined_in_source
EPS,FIP,P,explicit,match,not_applicable
EPS,FIS,S,current,match,not_defined_in_source
EPS,FMP,P,explicit,match,not_applicable
EPS,FMS,S,current,match,not_defined_in_source
EPS,FPR,P,explicit,match,not_applicable
EPS,FPS,PS,current,match,not_defined_in_source
EPS,FPT,P,explicit,match,not_applicable
EPS,FPW,P,explicit,match,not_applicable
EPS,FRS,S,current,match,not_defined_in_source
EPS,FST,S,current,match,not_defined_in_source
EPS,FSW,S,current,match,not_defined_in_source
EPS,HIP,P,explicit,match,not_applicable
EPS,HIS,S,current,match,not_defined_in_source
EPS,HMP,P,explicit,match,not_applicable
EPS,HMS,S,current,match,not_defined_in_source
EPS,HPR,P,explicit,match,not_applicable
EPS,HPS,PS,current,match,not_defined_in_source
EPS,HPT,P,explicit,match,not_applicable
EPS,HPW,P,explicit,match,not_applicable
EPS,HRS,S,current,match,not_defined_in_source
EPS,HST,S,current,match,not_defined_in_source
EPS,HSW,S,current,match,not_defined_in_source
EPS,IMP,P,explicit,match,not_applicable
EPS,IMS,S,current,match,not_defined_in_source
EPS,IPR,P,explicit,match,not_applicable
EPS,IPS,PS,current,match,not_defined_in_source
EPS,IPT,P,explicit,match,not_applicable
EPS,IPW,P,explicit,match,not_applicable
EPS,IRS,S,current,match,not_defined_in_source
EPS,IST,S,current,match,not_defined_in_source
EPS,ISW,S,current,match,not_defined_in_source
EPS,MPR,P,explicit,match,not_applicable
EPS,MPS,PS,current,match,not_defined_in_source
EPS,MPT,P,explicit,match,not_applicable
EPS,MPW,P,explicit,match,not_applicable
EPS,MRS,S,current,match,not_defined_in_source
EPS,MST,S,current,match,not_defined_in_source
EPS,MSW,S,current,match,not_defined_in_source
EPS,PRS,PS,current,match,not_defined_in_source
EPS,PRT,P,explicit,match,not_applicable
EPS,PRW,P,explicit,match,not_applicable
EPS,PST,PS,current,match,not_defined_in_source
EPS,PSW,PS,current,match,not_defined_in_source
EPS,PTW,P,explicit,match,not_applicable
EPS,RST,S,current,match,not_defined_in_source
EPS,RSW,S,current,match,not_defined_in_source
EPS,STW,S,current,match,not_defined_in_source
EPT,EPW,EP,stress,match,not_defined_in_source
EPT,ERS,E,stress,match,not_defined_in_source
EPT,ERT,ET,stress,match,not_defined_in_source
EPT,ERW,E,stress,match,not_defined_in_source
EPT,EST,ET,stress,match,not_defined_in_source
EPT,ESW,E,stress,match,not_defined_in_source
EPT,ETW,ET,stress,match,not_defined_in_source
EPT,FHP,P,explicit,match,not_applicable
EPT,FHT,T,explicit,match,not_applicable
EPT,FIP,P,explicit,match,not_applicable
EPT,FIT,T,explicit,match,not_applicable
EPT,FMP,P,explicit,match,not_applicable
EPT,FMT,T,explicit,match,not_applicable
EPT,FPR,P,explicit,match,not_applicable
EPT,FPS,P,explicit,match,not_applicable
EPT,FPT,PT,explicit,match,not_applicable
EPT,FPW,P,explicit,match,not_applicable
EPT,FRT,T,explicit,match,not_applicable
EPT,FST,T,explicit,match,not_applicable
EPT,FTW,T,explicit,match,not_applicable
EPT,HIP,P,explicit,match,not_applicable
EPT,HIT,T,explicit,match,not_applicable
EPT,HMP,P,explicit,match,not_applicable
EPT,HMT,T,explicit,match,not_applicable
EPT,HPR,P,explicit,match,not_applicable
EPT,HPS,P,explicit,match,not_applicable
EPT,HPT,PT,explicit,match,not_applicable
EPT,HPW,P,explicit,match,not_applicable
EPT,HRT,T,explicit,match,not_applicable
EPT,HST,T,explicit,match,not_applicable
EPT,HTW,T,explicit,match,not_applicable
EPT,IMP,P,explicit,match,not_applicable
EPT,IMT,T,explicit,match,not_applicable
EPT,IPR,P,explicit,match,not_applicable
EPT,IPS,P,explicit,match,not_applicable
EPT,IPT,PT,explicit,match,not_applicable
EPT,IPW,P,explicit,match,not_applicable
EPT,IRT,T,explicit,match,not_applicable
EPT,IST,T,explicit,match,not_applicable
EPT,ITW,T,explicit,match,not_applicable
EPT,MPR,P,explicit,match,not_applicable
EPT,MPS,P,explicit,match,not_applicable
EPT,MPT,PT,explicit,match,not_applicable
EPT,MPW,P,explicit,match,not_applicable
EPT,MRT,T,explicit,match,not_applicable
EPT,MST,T,explicit,match,not_applicable
EPT,MTW,T,explicit,match,not_applicable
EPT,PRS,P,explicit,match,not_applicable
EPT,PRT,PT,explicit,match,not_applicable
EPT,PRW,P,explicit,match,not_applicable
EPT,PST,PT,explicit,match,not_applicable
EPT,PSW,P,explicit,match,not_applicable
EPT,PTW,PT,explicit,match,not_applicable
EPT,RST,T,explicit,match,not_applicable
EPT,RTW,T,explicit,match,not_applicable
EPT,STW,T,explicit,match,not_applicable
EPW,ERS,E,stress,match,not_defined_in_source
EPW,ERT,E,stress,match,not_defined_in_source
EPW,ERW,EW,stress,match,not_defined_in_source
EPW,EST,E,stress,match,not_defined_in_source
EPW,ESW,EW,stress,match,not_defined_in_source
EPW,ETW,EW,stress,match,not_defined_in_source
EPW,FHP,P,explicit,match,not_applicable
EPW,FHW,W,explicit,match,not_applicable
EPW,FIP,P,explicit,match,not_applicable
EPW,FIW,W,explicit,match,not_applicable
EPW,FMP,P,explicit,match,not_applicable
EPW,FMW,W,explicit,match,not_applicable
EPW,FPR,P,explicit,match,not_applicable
EPW,FPS,P,explicit,match,not_applicable
EPW,FPT,P,explicit,match,not_applicable
EPW,FPW,PW,explicit,match,not_applicable
EPW,FRW,W,explicit,match,not_applicable
EPW,FSW,W,explicit,match,not_applicable
EPW,FTW,W,explicit,match,not_applicable
EPW,HIP,P,explicit,match,not_applicable
EPW,HIW,W,explicit,match,not_applicable
EPW,HMP,P,explicit,match,not_applicable
EPW,HMW,W,explicit,match,not_applicable
EPW,HPR,P,explicit,match,not_applicable
EPW,HPS,P,explicit,match,not_applicable
EPW,HPT,P,explicit,match,not_applicable
EPW,HPW,PW,explicit,match,not_applicable
EPW,HRW,W,explicit,match,not_applicable
EPW,HSW,W,explicit,match,not_applicable
EPW,HTW,W,explicit,match,not_applicable
EPW,IMP,P,explicit,match,not_applicable
EPW,IMW,W,explicit,match,not_applicable
EPW,IPR,P,explicit,match,not_applicable
EPW,IPS,P,explicit,match,not_applicable
EPW,IPT,P,explicit,match,not_applicable
EPW,IPW,PW,explicit,match,not_applicable
EPW,IRW,W,explicit,match,not_applicable
EPW,ISW,W,explicit,match,not_applicable
EPW,ITW,W,explicit,match,not_applicable
EPW,MPR,P,explicit,match,not_applicable
EPW,MPS,P,explicit,match,not_applicable
EPW,MPT,P,explicit,match,not_applicable
EPW,MPW,PW,explicit,match,not_applicable
EPW,MRW,W,explicit,match,not_applicable
EPW,MSW,W,explicit,match,not_applicable
EPW,MTW,W,explicit,match,not_applicable
EPW,PRS,P,explicit,match,not_applicable
EPW,PRT,P,explicit,match,not_applicable
EPW,PRW,PW,explicit,match,not_applicable
EPW,PST,P,explicit,match,not_applicable
EPW,PSW,PW,explicit,match,not_applicable
EPW,PTW,PW,explicit,match,not_applicable
EPW,RSW,W,explicit,match,not_applicable
EPW,RTW,W,explicit,match,not_applicable
EPW,STW,W,explicit,match,not_applicable
ERS,ERT,ER,stress,match,not_defined_in_source
ERS,ERW,ER,stress,match,not_defined_in_source
ERS,EST,ES,stress_and_current,match,not_defined_in_source
ERS,ESW,ES,stress_and_current,match,not_defined_in_source
ERS,ETW,E,stress,match,not_defined_in_source
ERS,FHR,R,explicit,match,not_applicable
ERS,FHS,S,current,match,not_defined_in_source
ERS,FIR,R,explicit,match,not_applicable
ERS,FIS,S,current,match,not_defined_in_source
ERS,FMR,R,explicit,match,not_applicable
ERS,FMS,S,current,match,not_defined_in_source
ERS,FPR,R,explicit,match,not_applicable
ERS,FPS,S,current,match,not_defined_in_source
ERS,FRS,RS,current,match,not_defined_in_source
ERS,FRT,R,explicit,match,not_applicable
ERS,FRW,R,explicit,match,not_applicable
ERS,FST,S,current,match,not_defined_in_source
ERS,FSW,S,current,match,not_defined_in_source
ERS,HIR,R,explicit,match,not_applicable
ERS,HIS,S,current,match,not_defined_in_source
ERS,HMR,R,explicit,match,not_applicable
ERS,HMS,S,current,match,not_defined_in_source
ERS,HPR,R,explicit,match,not_applicable
ERS,HPS,S,current,match,not_defined_in_source
ERS,HRS,RS,current,match,not_defined_in_source
ERS,HRT,R,explicit,match,not_applicable
ERS,HRW,R,explicit,match,not_applicable
ERS,HST,S,current,match,not_defined_in_source
ERS,HSW,S,current,match,not_defined_in_source
ERS,IMR,R,explicit,match,not_applicable
ERS,IMS,S,current,match,not_defined_in_source
ERS,IPR,R,explicit,match,not_applicable
ERS,IPS,S,current,match,not_defined_in_source
ERS,IRS,RS,current,match,not_defined_in_source
ERS,IRT,R,explicit,match,not_applicable
ERS,IRW,R,explicit,match,not_applicable
ERS,IST,S,current,match,not_defined_in_source
ERS,ISW,S,current,match,not_defined_in_source
ERS,MPR,R,explicit,match,not_applicable
ERS,MPS,S,current,match,not_defined_in_source
ERS,MRS,RS,current,match,not_defined_in_source
ERS,MRT,R,explicit,match,not_applicable
ERS,MRW,R,explicit,match,not_applicable
ERS,MST,S,current,match,not_defined_in_source
ERS,MSW,S,current,match,not_defined_in_source
ERS,PRS,RS,current,match,not_defined_in_source
ERS,PRT,R,explicit,match,not_applicable
ERS,PRW,R,explicit,match,not_applicable
ERS,PST,S,current,match,not_defined_in_source
ERS,PSW,S,current,match,not_defined_in_source
ERS,RST,RS,current,match,not_defined_in_source
ERS,RSW,RS,current,match,not_defined_in_source
ERS,RTW,R,explicit,match,not_applicable
ERS,STW,S,current,match,not_defined_in_source
ERT,ERW,ER,stress,match,not_defined_in_source
ERT,EST,ET,stress,match,not_defined_in_source
ERT,ESW,E,stress,match,not_defined_in_source
ERT,ETW,ET,stress,match,not_defined_in_source
ERT,FHR,R,explicit,match,not_applicable
ERT,FHT,T,explicit,match,not_applicable
ERT,FIR,R,explicit,match,not_applicable
ERT,FIT,T,explicit,match,not_applicable
ERT,FMR,R,explicit,match,not_applicable
ERT,FMT,T,explicit,match,not_applicable
ERT,FPR,R,explicit,match,not_applicable
ERT,FPT,T,explicit,match,not_applicable
ERT,FRS,R,explicit,match,not_applicable
ERT,FRT,RT,explicit,match,not_applicable
ERT,FRW,R,explicit,match,not_applicable
ERT,FST,T,explicit,match,not_applicable
ERT,FTW,T,explicit,match,not_applicable
ERT,HIR,R,explicit,match,not_applicable
ERT,HIT,T,explicit,match,not_applicable
ERT,HMR,R,explicit,match,not_applicable
ERT,HMT,T,explicit,match,not_applicable
ERT,HPR,R,explicit,match,not_applicable
ERT,HPT,T,explicit,match,not_applicable
ERT,HRS,R,explicit,match,not_applicable
ERT,HRT,RT,explicit,match,not_applicable
ERT,HRW,R,explicit,match,not_applicable
ERT,HST,T,explicit,match,not_applicable
ERT,HTW,T,explicit,match,not_applicable
ERT,IMR,R,explicit,match,not_applicable
ERT,IMT,T,explicit,match,not_applicable
ERT,IPR,R,explicit,match,not_applicable
ERT,IPT,T,explicit,match,not_applicable
ERT,IRS,R,explicit,match,not_applicable
ERT,IRT,RT,explicit,match,not_applicable
ERT,IRW,R,explicit,match,not_applicable
ERT,IST,T,explicit,match,not_applicable
ERT,ITW,T,explicit,match,not_applicable
ERT,MPR,R,explicit,match,not_applicable
ERT,MPT,T,explicit,match,not_applicable
ERT,MRS,R,explicit,match,not_applicable
ERT,MRT,RT,explicit,match,not_applicable
ERT,MRW,R,explicit,match,not_applicable
ERT,MST,T,explicit,match,not_applicable
ERT,MTW,T,explicit,match,not_applicable
ERT,PRS,R,explicit,match,not_applicable
ERT,PRT,RT,explicit,match,not_applicable
ERT,PRW,R,explicit,match,not_applicable
ERT,PST,T,explicit,match,not_applicable
ERT,PTW,T,explicit,match,not_applicable
ERT,RST,RT,explicit,match,not_applicable
ERT,RSW,R,explicit,match,not_applicable
ERT,RTW,RT,explicit,match,not_applicable
ERT,STW,T,explicit,match,not_applicable
ERW,EST,E,stress,match,not_defined_in_source
ERW,ESW,EW,stress,match,not_defined_in_source
ERW,ETW,EW,stress,match,not_defined_in_source
ERW,FHR,R,explicit,match,not_applicable
ERW,FHW,W,explicit,match,not_applicable
ERW,FIR,R,explicit,match,not_applicable
ERW,FIW,W,explicit,match,not_applicable
ERW,FMR,R,explicit,match,not_applicable
ERW,FMW,W,explicit,match,not_applicable
ERW,FPR,R,explicit,match,not_applicable
ERW,FPW,W,explicit,match,not_applicable
ERW,FRS,R,explicit,match,not_applicable
ERW,FRT,R,explicit,match,not_applicable
ERW,FRW,RW,explicit,match,not_applicable
ERW,FSW,W,explicit,match,not_applicable
ERW,FTW,W,explicit,match,not_applicable
ERW,HIR,R,explicit,match,not_applicable
ERW,HIW,W,explicit,match,not_applicable
ERW,HMR,R,explicit,match,not_applicable
ERW,HMW,W,explicit,match,not_applicable
ERW,HPR,R,explicit,match,not_applicable
ERW,HPW,W,explicit,match,not_applicable
ERW,HRS,R,explicit,match,not_applicable
ERW,HRT,R,explicit,match,not_applicable
ERW,HRW,RW,explicit,match,not_applicable
ERW,HSW,W,explicit,match,not_applicable
ERW,HTW,W,explicit,match,not_applicable
ERW,IMR,R,explicit,match,not_applicable
ERW,IMW,W,explicit,match,not_applicable
ERW,IPR,R,explicit,match,not_applicable
ERW,IPW,W,explicit,match,not_applicable
ERW,IRS,R,explicit,match,not_applicable
ERW,IRT,R,explicit,match,not_applicable
ERW,IRW,RW,explicit,match,not_applicable
ERW,ISW,W,explicit,match,not_applicable
ERW,ITW,W,explicit,match,not_applicable
ERW,MPR,R,explicit,match,not_applicable
ERW,MPW,W,explicit,match,not_applicable
ERW,MRS,R,explicit,match,not_applicable
ERW,MRT,R,explicit,match,not_applicable
ERW,MRW,RW,explicit,match,not_applicable
ERW,MSW,W,explicit,match,not_applicable
ERW,MTW,W,explicit,match,not_applicable
ERW,PRS,R,explicit,match,not_applicable
ERW,PRT,R,explicit,match,not_applicable
ERW,PRW,RW,explicit,match,not_applicable
ERW,PSW,W,explicit,match,not_applicable
ERW,PTW,W,explicit,match,not_applicable
ERW,RST,R,explicit,match,not_applicable
ERW,RSW,RW,explicit,match,not_applicable
ERW,RTW,RW,explicit,match,not_applicable
ERW,STW,W,explicit,match,not_applicable
EST,ESW,ES,stress_and_current,match,not_defined_in_source
EST,ETW,ET,stress,match,not_defined_in_source
EST,FHS,S,current,match,not_defined_in_source
EST,FHT,T,explicit,match,not_applicable
EST,FIS,S,current,match,not_defined_in_source
EST,FIT,T,explicit,match,not_applicable
EST,FMS,S,current,match,not_defined_in_source
EST,FMT,T,explicit,match,not_applicable
EST,FPS,S,current,match,not_defined_in_source
EST,FPT,T,explicit,match,not_applicable
EST,FRS,S,current,match,not_defined_in_source
EST,FRT,T,explicit,match,not_applicable
EST,FST,ST,current,match,not_defined_in_source
EST,FSW,S,current,match,not_defined_in_source
EST,FTW,T,explicit,match,not_applicable
EST,HIS,S,current,match,not_defined_in_source
EST,HIT,T,explicit,match,not_applicable
EST,HMS,S,current,match,not_defined_in_source
EST,HMT,T,explicit,match,not_applicable
EST,HPS,S,current,match,not_defined_in_source
EST,HPT,T,explicit,match,not_applicable
EST,HRS,S,current,match,not_defined_in_source
EST,HRT,T,explicit,match,not_applicable
EST,HST,ST,current,match,not_defined_in_source
EST,HSW,S,current,match,not_defined_in_source
EST,HTW,T,explicit,match,not_applicable
EST,IMS,S,current,match,not_defined_in_source
EST,IMT,T,explicit,match,not_applicable
EST,IPS,S,current,match,not_defined_in_source
EST,IPT,T,explicit,match,not_applicable
EST,IRS,S,current,match,not_defined_in_source
EST,IRT,T,explicit,match,not_applicable
EST,IST,ST,current,match,not_defined_in_source
EST,ISW,S,current,match,not_defined_in_source
EST,ITW,T,explicit,match,not_applicable
EST,MPS,S,current,match,not_defined_in_source
EST,MPT,T,explicit,match,not_applicable
EST,MRS,S,current,match,not_defined_in_source
EST,MRT,T,explicit,match,not_applicable
EST,MST,ST,current,match,not_defined_in_source
EST,MSW,S,current,match,not_defined_in_source
EST,MTW,T,explicit,match,not_applicable
EST,PRS,S,current,match,not_defined_in_source
EST,PRT,T,explicit,match,not_applicable
EST,PST,ST,current,match,not_defined_in_source
EST,PSW,S,current,match,not_defined_in_source
EST,PTW,T,explicit,match,not_applicable
EST,RST,ST,current,match,not_defined_in_source
EST,RSW,S,current,match,not_defined_in_source
EST,RTW,T,explicit,match,not_applicable
EST,STW,ST,current,match,not_defined_in_source
ESW,ETW,EW,stress,match,not_defined_in_source
ESW,FHS,S,current,match,not_defined_in_source
ESW,FHW,W,explicit,match,not_applicable
ESW,FIS,S,current,match,not_defined_in_source
ESW,FIW,W,explicit,match,not_applicable
ESW,FMS,S,current,match,not_defined_in_source
ESW,FMW,W,explicit,match,not_applicable
ESW,FPS,S,current,match,not_defined_in_source
ESW,FPW,W,explicit,match,not_applicable
ESW,FRS,S,current,match,not_defined_in_source
ESW,FRW,W,explicit,match,not_applicable
ESW,FST,S,current,match,not_defined_in_source
ESW,FSW,SW,current,match,not_defined_in_source
ESW,FTW,W,explicit,match,not_applicable
ESW,HIS,S,current,match,not_defined_in_source
ESW,HIW,W,explicit,match,not_applicable
ESW,HMS,S,current,match,not_defined_in_source
ESW,HMW,W,explicit,match,not_applicable
ESW,HPS,S,current,match,not_defined_in_source
ESW,HPW,W,explicit,match,not_applicable
ESW,HRS,S,current,match,not_defined_in_source
ESW,HRW,W,explicit,match,not_applicable
ESW,HST,S,current,match,not_defined_in_source
ESW,HSW,SW,current,match,not_defined_in_source
ESW,HTW,W,explicit,match,not_applicable
ESW,IMS,S,current,match,not_defined_in_source
ESW,IMW,W,explicit,match,not_applicable
ESW,IPS,S,current,match,not_defined_in_source
ESW,IPW,W,explicit,match,not_applicable
ESW,IRS,S,current,match,not_defined_in_source
ESW,IRW,W,explicit,match,not_applicable
ESW,IST,S,current,match,not_defined_in_source
ESW,ISW,SW,current,match,not_defined_in_source
ESW,ITW,W,explicit,match,not_applicable
ESW,MPS,S,current,match,not_defined_in_source
ESW,MPW,W,explicit,match,not_applicable
ESW,MRS,S,current,match,not_defined_in_source
ESW,MRW,W,explicit,match,not_applicable
ESW,MST,S,current,match,not_defined_in_source
ESW,MSW,SW,current,match,not_defined_in_source
ESW,MTW,W,explicit,match,not_applicable
ESW,PRS,S,current,match,not_defined_in_source
ESW,PRW,W,explicit,match,not_applicable
ESW,PST,S,current,match,not_defined_in_source
ESW,PSW,SW,current,match,not_defined_in_source
ESW,PTW,W,explicit,match,not_applicable
ESW,RST,S,current,match,not_defined_in_source
ESW,RSW,SW,current,match,not_defined_in_source
ESW,RTW,W,explicit,match,not_applicable
ESW,STW,SW,current,match,not_defined_in_source
ETW,FHT,T,explicit,match,not_applicable
ETW,FHW,W,explicit,match,not_applicable
ETW,FIT,T,explicit,match,not_applicable
ETW,FIW,W,explicit,match,not_applicable
ETW,FMT,T,explicit,match,not_applicable
ETW,FMW,W,explicit,match,not_applicable
ETW,FPT,T,explicit,match,not_applicable
ETW,FPW,W,explicit,match,not_applicable
ETW,FRT,T,explicit,match,not_applicable
ETW,FRW,W,explicit,match,not_applicable
ETW,FST,T,explicit,match,not_applicable
ETW,FSW,W,explicit,match,not_applicable
ETW,FTW,TW,explicit,match,not_applicable
ETW,HIT,T,explicit,match,not_applicable
ETW,HIW,W,explicit,match,not_applicable
ETW,HMT,T,explicit,match,not_applicable
ETW,HMW,W,explicit,match,not_applicable
ETW,HPT,T,explicit,match,not_applicable
ETW,HPW,W,explicit,match,not_applicable
ETW,HRT,T,explicit,match,not_applicable
ETW,HRW,W,explicit,match,not_applicable
ETW,HST,T,explicit,match,not_applicable
ETW,HSW,W,explicit,match,not_applicable
ETW,HTW,TW,explicit,match,not_applicable
ETW,IMT,T,explicit,match,not_applicable
ETW,IMW,W,explicit,match,not_applicable
ETW,IPT,T,explicit,match,not_applicable
ETW,IPW,W,explicit,match,not_applicable
ETW,IRT,T,explicit,match,not_applicable
ETW,IRW,W,explicit,match,not_applicable
ETW,IST,T,explicit,match,not_applicable
ETW,ISW,W,explicit,match,not_applicable
ETW,ITW,TW,explicit,match,not_applicable
ETW,MPT,T,explicit,match,not_applicable
ETW,MPW,W,explicit,match,not_applicable
ETW,MRT,T,explicit,match,not_applicable
ETW,MRW,W,explicit,match,not_applicable
ETW,MST,T,explicit,match,not_applicable
ETW,MSW,W,explicit,match,not_applicable
ETW,MTW,TW,explicit,match,not_applicable
ETW,PRT,T,explicit,match,not_applicable
ETW,PRW,W,explicit,match,not_applicable
ETW,PST,T,explicit,match,not_applicable
ETW,PSW,W,explicit,match,not_applicable
ETW,PTW,TW,explicit,match,not_applicable
ETW,RST,T,explicit,match,not_applicable
ETW,RSW,W,explicit,match,not_applicable
ETW,RTW,TW,explicit,match,not_applicable
ETW,STW,TW,explicit,match,not_applicable
FHI,FHM,FH,explicit,match,not_applicable
FHI,FHP,FH,explicit,match,not_applicable
FHI,FHR,FH,explicit,match,not_applicable
FHI,FHS,FH,explicit,match,not_applicable
FHI,FHT,FH,explicit,match,not_applicable
FHI,FHW,FH,explicit,match,not_applicable
FHI,FIM,FI,explicit,match,not_applicable
FHI,FIP,FI,explicit,match,not_applicable
FHI,FIR,FI,explicit,match,not_applicable
FHI,FIS,FI,explicit,match,not_applicable
FHI,FIT,FI,explicit,match,not_applicable
FHI,FIW,FI,explicit,match,not_applicable
FHI,FMP,F,explicit,match,not_applicable
FHI,FMR,F,explicit,match,not_applicable
FHI,FMS,F,explicit,match,not_applicable
FHI,FMT,F,explicit,match,not_applicable
FHI,FMW,F,explicit,match,not_applicable
FHI,FPR,F,explicit,match,not_applicable
FHI,FPS,F,explicit,match,not_applicable
FHI,FPT,F,explicit,match,not_applicable
FHI,FPW,F,explicit,match,not_applicable
FHI,FRS,F,explicit,match,not_applicable
FHI,FRT,F,explicit,match,not_applicable
FHI,FRW,F,explicit,match,not_applicable
FHI,FST,F,explicit,match,not_applicable
FHI,FSW,F,explicit,match,not_applicable
FHI,FTW,F,explicit,match,not_applicable
FHI,HIM,HI,explicit,match,not_applicable
FHI,HIP,HI,explicit,match,not_applicable
FHI,HIR,HI,explicit,match,not_applicable
FHI,HIS,HI,explicit,match,not_applicable
FHI,HIT,HI,explicit,match,not_applicable
FHI,HIW,HI,explicit,match,not_applicable
FHI,HMP,H,explicit,match,not_applicable
FHI,HMR,H,explicit,match,not_applicable
FHI,HMS,H,explicit,match,not_applicable
FHI,HMT,H,explicit,match,not_applicable
FHI,HMW,H,explicit,match,not_applicable
FHI,HPR,H,explicit,match,not_applicable
FHI,HPS,H,explicit,match,not_applicable
FHI,HPT,H,explicit,match,not_applicable
FHI,HPW,H,explicit,match,not_applicable
FHI,HRS,H,explicit,match,not_applicable
FHI,HRT,H,explicit,match,not_applicable
FHI,HRW,H,explicit,match,not_applicable
FHI,HST,H,explicit,match,not_applicable
FHI,HSW,H,explicit,match,not_applicable
FHI,HTW,H,explicit,match,not_applicable
FHI,IMP,I,explicit,match,not_applicable
FHI,IMR,I,explicit,match,not_applicable
FHI,IMS,I,explicit,match,not_applicable
FHI,IMT,I,explicit,match,not_applicable
FHI,IMW,I,explicit,match,not_applicable
FHI,IPR,I,explicit,match,not_applicable
FHI,IPS,I,explicit,match,not_applicable
FHI,IPT,I,explicit,match,not_applicable
FHI,IPW,I,explicit,match,not_applicable
FHI,IRS,I,explicit,match,not_applicable
FHI,IRT,I,explicit,match,not_applicable
FHI,IRW,I,explicit,match,not_applicable
FHI,IST,I,explicit,match,not_applicable
FHI,ISW,I,explicit,match,not_applicable
FHI,ITW,I,explicit,match,not_applicable
FHM,FHP,FH,explicit,match,not_applicable
FHM,FHR,FH,explicit,match,not_applicable
FHM,FHS,FH,explicit,match,not_applicable
FHM,FHT,FH,explicit,match,not_applicable
FHM,FHW,FH,explicit,match,not_applicable
FHM,FIM,FM,current,match,not_defined_in_source
FHM,FIP,F,explicit,match,not_applicable
FHM,FIR,F,explicit,match,not_applicable
FHM,FIS,F,explicit,match,not_applicable
FHM,FIT,F,explicit,match,not_applicable
FHM,FIW,F,explicit,match,not_applicable
FHM,FMP,FM,current,match,not_defined_in_source
FHM,FMR,FM,current,match,not_defined_in_source
FHM,FMS,FM,current,match,not_defined_in_source
FHM,FMT,FM,current,match,not_defined_in_source
FHM,FMW,FM,current,match,not_defined_in_source
FHM,FPR,F,explicit,match,not_applicable
FHM,FPS,F,explicit,match,not_applicable
FHM,FPT,F,explicit,match,not_applicable
FHM,FPW,F,explicit,match,not_applicable
FHM,FRS,F,explicit,match,not_applicable
FHM,FRT,F,explicit,match,not_applicable
FHM,FRW,F,explicit,match,not_applicable
FHM,FST,F,explicit,match,not_applicable
FHM,FSW,F,explicit,match,not_applicable
FHM,FTW,F,explicit,match,not_applicable
FHM,HIM,HM,current,match,not_defined_in_source
FHM,HIP,H,explicit,match,not_applicable
FHM,HIR,H,explicit,match,not_applicable
FHM,HIS,H,explicit,match,not_applicable
FHM,HIT,H,explicit,match,not_applicable
FHM,HIW,H,explicit,match,not_applicable
FHM,HMP,HM,current,match,not_defined_in_source
FHM,HMR,HM,current,match,not_defined_in_source
FHM,HMS,HM,current,match,not_defined_in_source
FHM,HMT,HM,current,match,not_defined_in_source
FHM,HMW,HM,current,match,not_defined_in_source
FHM,HPR,H,explicit,match,not_applicable
FHM,HPS,H,explicit,match,not_applicable
FHM,HPT,H,explicit,match,not_applicable
FHM,HPW,H,explicit,match,not_applicable
FHM,HRS,H,explicit,match,not_applicable
FHM,HRT,H,explicit,match,not_applicable
FHM,HRW,H,explicit,match,not_applicable
FHM,HST,H,explicit,match,not_applicable
FHM,HSW,H,explicit,match,not_applicable
FHM,HTW,H,explicit,match,not_applicable
FHM,IMP,M,current,match,not_defined_in_source
FHM,IMR,M,current,match,not_defined_in_source
FHM,IMS,M,current,match,not_defined_in_source
FHM,IMT,M,current,match,not_defined_in_source
FHM,IMW,M,current,match,not_defined_in_source
FHM,MPR,M,current,match,not_defined_in_source
FHM,MPS,M,current,match,not_defined_in_source
FHM,MPT,M,current,match,not_defined_in_source
FHM,MPW,M,current,match,not_defined_in_source
FHM,MRS,M,current,match,not_defined_in_source
FHM,MRT,M,current,match,not_defined_in_source
FHM,MRW,M,current,match,not_defined_in_source
FHM,MST,M,current,match,not_defined_in_source
FHM,MSW,M,current,match,not_defined_in_source
FHM,MTW,M,current,match,not_defined_in_source
FHP,FHR,FH,explicit,match,not_applicable
FHP,FHS,FH,explicit,match,not_applicable
FHP,FHT,FH,explicit,match,not_applicable
FHP,FHW,FH,explicit,match,not_applicable
FHP,FIM,F,explicit,match,not_applicable
FHP,FIP,FP,explicit,match,not_applicable
FHP,FIR,F,explicit,match,not_applicable
FHP,FIS,F,explicit,match,not_applicable
FHP,FIT,F,explicit,match,not_applicable
FHP,FIW,F,explicit,match,not_applicable
FHP,FMP,FP,explicit,match,not_applicable
FHP,FMR,F,explicit,match,not_applicable
FHP,FMS,F,explicit,match,not_applicable
FHP,FMT,F,explicit,match,not_applicable
FHP,FMW,F,explicit,match,not_applicable
FHP,FPR,FP,explicit,match,not_applicable
FHP,FPS,FP,explicit,match,not_applicable
FHP,FPT,FP,explicit,match,not_applicable
FHP,FPW,FP,explicit,match,not_applicable
FHP,FRS,F,explicit,match,not_applicable
FHP,FRT,F,explicit,match,not_applicable
FHP,FRW,F,explicit,match,not_applicable
FHP,FST,F,explicit,match,not_applicable
FHP,FSW,F,explicit,match,not_applicable
FHP,FTW,F,explicit,match,not_applicable
FHP,HIM,H,explicit,match,not_applicable
FHP,HIP,HP,explicit,match,not_applicable
FHP,HIR,H,explicit,match,not_applicable
FHP,HIS,H,explicit,match,not_applicable
FHP,HIT,H,explicit,match,not_applicable
FHP,HIW,H,explicit,match,not_applicable
FHP,HMP,HP,explicit,match,not_applicable
FHP,HMR,H,explicit,match,not_applicable
FHP,HMS,H,explicit,match,not_applicable
FHP,HMT,H,explicit,match,not_applicable
FHP,HMW,H,explicit,match,not_applicable
FHP,HPR,HP,explicit,match,not_applicable
FHP,HPS,HP,explicit,match,not_applicable
FHP,HPT,HP,explicit,match,not_applicable
FHP,HPW,HP,explicit,match,not_applicable
FHP,HRS,H,explicit,match,not_applicable
FHP,HRT,H,explicit,match,not_applicable
FHP,HRW,H,explicit,match,not_applicable
FHP,HST,H,explicit,match,not_applicable
FHP,HSW,H,explicit,match,not_applicable
FHP,HTW,H,explicit,match,not_applicable
FHP,IMP,P,explicit,match,not_applicable
FHP,IPR,P,explicit,match,not_applicable
FHP,IPS,P,explicit,match,not_applicable
FHP,IPT,P,explicit,match,not_applicable
FHP,IPW,P,explicit,match,not_applicable
FHP,MPR,P,explicit,match,not_applicable
FHP,MPS,P,explicit,match,not_applicable
FHP,MPT,P,explicit,match,not_applicable
FHP,MPW,P,explicit,match,not_applicable
FHP,PRS,P,explicit,match,not_applicable
FHP,PRT,P,explicit,match,not_applicable
FHP,PRW,P,explicit,match,not_applicable
FHP,PST,P,explicit,match,not_applicable
FHP,PSW,P,explicit,match,not_applicable
FHP,PTW,P,explicit,match,not_applicable
FHR,FHS,FH,explicit,match,not_applicable
FHR,FHT,FH,explicit,match,not_applicable
FHR,FHW,FH,explicit,match,not_applicable
FHR,FIM,F,explicit,match,not_applicable
FHR,FIP,F,explicit,match,not_applicable
FHR,FIR,FR,explicit,match,not_applicable
FHR,FIS,F,explicit,match,not_applicable
FHR,FIT,F,explicit,match,not_applicable
FHR,FIW,F,explicit,match,not_applicable
FHR,FMP,F,explicit,match,not_applicable
FHR,FMR,FR,explicit,match,not_applicable
FHR,FMS,F,explicit,match,not_applicable
FHR,FMT,F,explicit,match,not_applicable
FHR,FMW,F,explicit,match,not_applicable
FHR,FPR,FR,explicit,match,not_applicable
FHR,FPS,F,explicit,match,not_applicable
FHR,FPT,F,explicit,match,not_applicable
FHR,FPW,F,explicit,match,not_applicable
FHR,FRS,FR,explicit,match,not_applicable
FHR,FRT,FR,explicit,match,not_applicable
FHR,FRW,FR,explicit,match,not_applicable
FHR,FST,F,explicit,match,not_applicable
FHR,FSW,F,explicit,match,not_applicable
FHR,FTW,F,explicit,match,not_applicable
FHR,HIM,H,explicit,match,not_applicable
FHR,HIP,H,explicit,match,not_applicable
FHR,HIR,HR,explicit,match,not_applicable
FHR,HIS,H,explicit,match,not_applicable
FHR,HIT,H,explicit,match,not_applicable
FHR,HIW,H,explicit,match,not_applicable
FHR,HMP,H,explicit,match,not_applicable
FHR,HMR,HR,explicit,match,not_applicable
FHR,HMS,H,explicit,match,not_applicable
FHR,HMT,H,explicit,match,not_applicable
FHR,HMW,H,explicit,match,not_applicable
FHR,HPR,HR,explicit,match,not_applicable
FHR,HPS,H,explicit,match,not_applicable
FHR,HPT,H,explicit,match,not_applicable
FHR,HPW,H,explicit,match,not_applicable
FHR,HRS,HR,explicit,match,not_applicable
FHR,HRT,HR,explicit,match,not_applicable
FHR,HRW,HR,explicit,match,not_applicable
FHR,HST,H,explicit,match,not_applicable
FHR,HSW,H,explicit,match,not_applicable
FHR,HTW,H,explicit,match,not_applicable
FHR,IMR,R,explicit,match,not_applicable
FHR,IPR,R,explicit,match,not_applicable
FHR,IRS,R,explicit,match,not_applicable
FHR,IRT,R,explicit,match,not_applicable
FHR,IRW,R,explicit,match,not_applicable
FHR,MPR,R,explicit,match,not_applicable
FHR,MRS,R,explicit,match,not_applicable
FHR,MRT,R,explicit,match,not_applicable
FHR,MRW,R,explicit,match,not_applicable
FHR,PRS,R,explicit,match,not_applicable
FHR,PRT,R,explicit,match,not_applicable
FHR,PRW,R,explicit,match,not_applicable
FHR,RST,R,explicit,match,not_applicable
FHR,RSW,R,explicit,match,not_applicable
FHR,RTW,R,explicit,match,not_applicable
FHS,FHT,FH,explicit,match,not_applicable
FHS,FHW,FH,explicit,match,not_applicable
FHS,FIM,F,explicit,match,not_applicable
FHS,FIP,F,explicit,match,not_applicable
FHS,FIR,F,explicit,match,not_applicable
FHS,FIS,FS,current,match,not_defined_in_source
FHS,FIT,F,explicit,match,not_applicable
FHS,FIW,F,explicit,match,not_applicable
FHS,FMP,F,explicit,match,not_applicable
FHS,FMR,F,explicit,match,not_applicable
FHS,FMS,FS,current,match,not_defined_in_source
FHS,FMT,F,explicit,match,not_applicable
FHS,FMW,F,explicit,match,not_applicable
FHS,FPR,F,explicit,match,not_applicable
FHS,FPS,FS,current,match,not_defined_in_source
FHS,FPT,F,explicit,match,not_applicable
FHS,FPW,F,explicit,match,not_applicable
FHS,FRS,FS,current,match,not_defined_in_source
FHS,FRT,F,explicit,match,not_applicable
FHS,FRW,F,explicit,match,not_applicable
FHS,FST,FS,current,match,not_defined_in_source
FHS,FSW,FS,current,match,not_defined_in_source
FHS,FTW,F,explicit,match,not_applicable
FHS,HIM,H,explicit,match,not_applicable
FHS,HIP,H,explicit,match,not_applicable
FHS,HIR,H,explicit,match,not_applicable
FHS,HIS,HS,current,match,not_defined_in_source
FHS,HIT,H,explicit,match,not_applicable
FHS,HIW,H,explicit,match,not_applicable
FHS,HMP,H,explicit,match,not_applicable
FHS,HMR,H,explicit,match,not_applicable
FHS,HMS,HS,current,match,not_defined_in_source
FHS,HMT,H,explicit,match,not_applicable
FHS,HMW,H,explicit,match,not_applicable
FHS,HPR,H,explicit,match,not_applicable
FHS,HPS,HS,current,match,not_defined_in_source
FHS,HPT,H,explicit,match,not_applicable
FHS,HPW,H,explicit,match,not_applicable
FHS,HRS,HS,current,match,not_defined_in_source
FHS,HRT,H,explicit,match,not_applicable
FHS,HRW,H,explicit,match,not_applicable
FHS,HST,HS,current,match,not_defined_in_source
FHS,HSW,HS,current,match,not_defined_in_source
FHS,HTW,H,explicit,match,not_applicable
FHS,IMS,S,current,match,not_defined_in_source
FHS,IPS,S,current,match,not_defined_in_source
FHS,IRS,S,current,match,not_defined_in_source
FHS,IST,S,current,match,not_defined_in_source
FHS,ISW,S,current,match,not_defined_in_source
FHS,MPS,S,current,match,not_defined_in_source
FHS,MRS,S,current,match,not_defined_in_source
FHS,MST,S,current,match,not_defined_in_source
FHS,MSW,S,current,match,not_defined_in_source
FHS,PRS,S,current,match,not_defined_in_source
FHS,PST,S,current,match,not_defined_in_source
FHS,PSW,S,current,match,not_defined_in_source
FHS,RST,S,current,match,not_defined_in_source
FHS,RSW,S,current,match,not_defined_in_source
FHS,STW,S,current,match,not_defined_in_source
FHT,FHW,FH,explicit,match,not_applicable
FHT,FIM,F,explicit,match,not_applicable
FHT,FIP,F,explicit,match,not_applicable
FHT,FIR,F,explicit,match,not_applicable
FHT,FIS,F,explicit,match,not_applicable
FHT,FIT,FT,explicit,match,not_applicable
FHT,FIW,F,explicit,match,not_applicable
FHT,FMP,F,explicit,match,not_applicable
FHT,FMR,F,explicit,match,not_applicable
FHT,FMS,F,explicit,match,not_applicable
FHT,FMT,FT,explicit,match,not_applicable
FHT,FMW,F,explicit,match,not_applicable
FHT,FPR,F,explicit,match,not_applicable
FHT,FPS,F,explicit,match,not_applicable
FHT,FPT,FT,explicit,match,not_applicable
FHT,FPW,F,explicit,match,not_applicable
FHT,FRS,F,explicit,match,not_applicable
FHT,FRT,FT,explicit,match,not_applicable
FHT,FRW,F,explicit,match,not_applicable
FHT,FST,FT,explicit,match,not_applicable
FHT,FSW,F,explicit,match,not_applicable
FHT,FTW,FT,explicit,match,not_applicable
FHT,HIM,H,explicit,match,not_applicable
FHT,HIP,H,explicit,match,not_applicable
FHT,HIR,H,explicit,match,not_applicable
FHT,HIS,H,explicit,match,not_applicable
FHT,HIT,HT,explicit,match,not_applicable
FHT,HIW,H,explicit,match,not_applicable
FHT,HMP,H,explicit,match,not_applicable
FHT,HMR,H,explicit,match,not_applicable
FHT,HMS,H,explicit,match,not_applicable
FHT,HMT,HT,explicit,match,not_applicable
FHT,HMW,H,explicit,match,not_applicable
FHT,HPR,H,explicit,match,not_applicable
FHT,HPS,H,explicit,match,not_applicable
FHT,HPT,HT,explicit,match,not_applicable
FHT,HPW,H,explicit,match,not_applicable
FHT,HRS,H,explicit,match,not_applicable
FHT,HRT,HT,explicit,match,not_applicable
FHT,HRW,H,explicit,match,not_applicable
FHT,HST,HT,explicit,match,not_applicable
FHT,HSW,H,explicit,match,not_applicable
FHT,HTW,HT,explicit,match,not_applicable
FHT,IMT,T,explicit,match,not_applicable
FHT,IPT,T,explicit,match,not_applicable
FHT,IRT,T,explicit,match,not_applicable
FHT,IST,T,explicit,match,not_applicable
FHT,ITW,T,explicit,match,not_applicable
FHT,MPT,T,explicit,match,not_applicable
FHT,MRT,T,explicit,match,not_applicable
FHT,MST,T,explicit,match,not_applicable
FHT,MTW,T,explicit,match,not_applicable
FHT,PRT,T,explicit,match,not_applicable
FHT,PST,T,explicit,match,not_applicable
FHT,PTW,T,explicit,match,not_applicable
FHT,RST,T,explicit,match,not_applicable
FHT,RTW,T,explicit,match,not_applicable
FHT,STW,T,explicit,match,not_applicable
FHW,FIM,F,explicit,match,not_applicable
FHW,FIP,F,explicit,match,not_applicable
FHW,FIR,F,explicit,match,not_applicable
FHW,FIS,F,explicit,match,not_applicable
FHW,FIT,F,explicit,match,not_applicable
FHW,FIW,FW,explicit,match,not_applicable
FHW,FMP,F,explicit,match,not_applicable
FHW,FMR,F,explicit,match,not_applicable
FHW,FMS,F,explicit,match,not_applicable
FHW,FMT,F,explicit,match,not_applicable
FHW,FMW,FW,explicit,match,not_applicable
FHW,FPR,F,explicit,match,not_applicable
FHW,FPS,F,explicit,match,not_applicable
FHW,FPT,F,explicit,match,not_applicable
FHW,FPW,FW,explicit,match,not_applicable
FHW,FRS,F,explicit,match,not_applicable
FHW,FRT,F,explicit,match,not_applicable
FHW,FRW,FW,explicit,match,not_applicable
FHW,FST,F,explicit,match,not_applicable
FHW,FSW,FW,explicit,match,not_applicable
FHW,FTW,FW,explicit,match,not_applicable
FHW,HIM,H,explicit,match,not_applicable
FHW,HIP,H,explicit,match,not_applicable
FHW,HIR,H,explicit,match,not_applicable
FHW,HIS,H,explicit,match,not_applicable
FHW,HIT,H,explicit,match,not_applicable
FHW,HIW,HW,explicit,match,not_applicable
FHW,HMP,H,explicit,match,not_applicable
FHW,HMR,H,explicit,match,not_applicable
FHW,HMS,H,explicit,match,not_applicable
FHW,HMT,H,explicit,match,not_applicable
FHW,HMW,HW,explicit,match,not_applicable
FHW,HPR,H,explicit,match,not_applicable
FHW,HPS,H,explicit,match,not_applicable
FHW,HPT,H,explicit,match,not_applicable
FHW,HPW,HW,explicit,match,not_applicable
FHW,HRS,H,explicit,match,not_applicable
FHW,HRT,H,explicit,match,not_applicable
FHW,HRW,HW,explicit,match,not_applicable
FHW,HST,H,explicit,match,not_applicable
FHW,HSW,HW,explicit,match,not_applicable
FHW,HTW,HW,explicit,match,not_applicable
FHW,IMW,W,explicit,match,not_applicable
FHW,IPW,W,explicit,match,not_applicable
FHW,IRW,W,explicit,match,not_applicable
FHW,ISW,W,explicit,match,not_applicable
FHW,ITW,W,explicit,match,not_applicable
FHW,MPW,W,explicit,match,not_applicable
FHW,MRW,W,explicit,match,not_applicable
FHW,MSW,W,explicit,match,not_applicable
FHW,MTW,W,explicit,match,not_applicable
FHW,PRW,W,explicit,match,not_applicable
FHW,PSW,W,explicit,match,not_applicable
FHW,PTW,W,explicit,match,not_applicable
FHW,RSW,W,explicit,match,not_applicable
FHW,RTW,W,explicit,match,not_applicable
FHW,STW,W,explicit,match,not_applicable
FIM,FIP,FI,explicit,match,not_applicable
FIM,FIR,FI,explicit,match,not_applicable
FIM,FIS,FI,explicit,match,not_applicable
FIM,FIT,FI,explicit,match,not_applicable
FIM,FIW,FI,explicit,match,not_applicable
FIM,FMP,FM,current,match,not_defined_in_source
FIM,FMR,FM,current,match,not_defined_in_source
FIM,FMS,FM,current,match,not_defined_in_source
FIM,FMT,FM,current,match,not_defined_in_source
FIM,FMW,FM,current,match,not_defined_in_source
FIM,FPR,F,explicit,match,not_applicable
FIM,FPS,F,explicit,match,not_applicable
FIM,FPT,F,explicit,match,not_applicable
FIM,FPW,F,explicit,match,not_applicable
FIM,FRS,F,explicit,match,not_applicable
FIM,FRT,F,explicit,match,not_applicable
FIM,FRW,F,explicit,match,not_applicable
FIM,FST,F,explicit,match,not_applicable
FIM,FSW,F,explicit,match,not_applicable
FIM,FTW,F,explicit,match,not_applicable
FIM,HIM,IM,current,match,not_defined_in_source
FIM,HIP,I,explicit,match,not_applicable
FIM,HIR,I,explicit,match,not_applicable
FIM,HIS,I,explicit,match,not_applicable
FIM,HIT,I,explicit,match,not_applicable
FIM,HIW,I,explicit,match,not_applicable
FIM,HMP,M,current,match,not_defined_in_source
FIM,HMR,M,current,match,not_defined_in_source
FIM,HMS,M,current,match,not_defined_in_source
FIM,HMT,M,current,match,not_defined_in_source
FIM,HMW,M,current,match,not_defined_in_source
FIM,IMP,IM,current,match,not_defined_in_source
FIM,IMR,IM,current,match,not_defined_in_source
FIM,IMS,IM,current,match,not_defined_in_source
FIM,IMT,IM,current,match,not_defined_in_source
FIM,IMW,IM,current,match,not_defined_in_source
FIM,IPR,I,explicit,match,not_applicable
FIM,IPS,I,explicit,match,not_applicable
FIM,IPT,I,explicit,match,not_applicable
FIM,IPW,I,explicit,match,not_applicable
FIM,IRS,I,explicit,match,not_applicable
FIM,IRT,I,explicit,match,not_applicable
FIM,IRW,I,explicit,match,not_applicable
FIM,IST,I,explicit,match,not_applicable
FIM,ISW,I,explicit,match,not_applicable
FIM,ITW,I,explicit,match,not_applicable
FIM,MPR,M,current,match,not_defined_in_source
FIM,MPS,M,current,match,not_defined_in_source
FIM,MPT,M,current,match,not_defined_in_source
FIM,MPW,M,current,match,not_defined_in_source
FIM,MRS,M,current,match,not_defined_in_source
FIM,MRT,M,current,match,not_defined_in_source
FIM,MRW,M,current,match,not_defined_in_source
FIM,MST,M,current,match,not_defined_in_source
FIM,MSW,M,current,match,not_defined_in_source
FIM,MTW,M,current,match,not_defined_in_source
FIP,FIR,FI,explicit,match,not_applicable
FIP,FIS,FI,explicit,match,not_applicable
FIP,FIT,FI,explicit,match,not_applicable
FIP,FIW,FI,explicit,match,not_applicable
FIP,FMP,FP,explicit,match,not_applicable
FIP,FMR,F,explicit,match,not_applicable
FIP,FMS,F,explicit,match,not_applicable
FIP,FMT,F,explicit,match,not_applicable
FIP,FMW,F,explicit,match,not_applicable
FIP,FPR,FP,explicit,match,not_applicable
FIP,FPS,FP,explicit,match,not_applicable
FIP,FPT,FP,explicit,match,not_applicable
FIP,FPW,FP,explicit,match,not_applicable
FIP,FRS,F,explicit,match,not_applicable
FIP,FRT,F,explicit,match,not_applicable
FIP,FRW,F,explicit,match,not_applicable
FIP,FST,F,explicit,match,not_applicable
FIP,FSW,F,explicit,match,not_applicable
FIP,FTW,F,explicit,match,not_applicable
FIP,HIM,I,explicit,match,not_applicable
FIP,HIP,IP,explicit,match,not_applicable
FIP,HIR,I,explicit,match,not_applicable
FIP,HIS,I,explicit,match,not_applicable
FIP,HIT,I,explicit,match,not_applicable
FIP,HIW,I,explicit,match,not_applicable
FIP,HMP,P,explicit,match,not_applicable
FIP,HPR,P,explicit,match,not_applicable
FIP,HPS,P,explicit,match,not_applicable
FIP,HPT,P,explicit,match,not_applicable
FIP,HPW,P,explicit,match,not_applicable
FIP,IMP,IP,explicit,match,not_applicable
FIP,IMR,I,explicit,match,not_applicable
FIP,IMS,I,explicit,match,not_applicable
FIP,IMT,I,explicit,match,not_applicable
FIP,IMW,I,explicit,match,not_applicable
FIP,IPR,IP,explicit,match,not_applicable
FIP,IPS,IP,explicit,match,not_applicable
FIP,IPT,IP,explicit,match,not_applicable
FIP,IPW,IP,explicit,match,not_applicable
FIP,IRS,I,explicit,match,not_applicable
FIP,IRT,I,explicit,match,not_applicable
FIP,IRW,I,explicit,match,not_applicable
FIP,IST,I,explicit,match,not_applicable
FIP,ISW,I,explicit,match,not_applicable
FIP,ITW,I,explicit,match,not_applicable
FIP,MPR,P,explicit,match,not_applicable
FIP,MPS,P,explicit,match,not_applicable
FIP,MPT,P,explicit,match,not_applicable
FIP,MPW,P,explicit,match,not_applicable
FIP,PRS,P,explicit,match,not_applicable
FIP,PRT,P,explicit,match,not_applicable
FIP,PRW,P,explicit,match,not_applicable
FIP,PST,P,explicit,match,not_applicable
FIP,PSW,P,explicit,match,not_applicable
FIP,PTW,P,explicit,match,not_applicable
FIR,FIS,FI,explicit,match,not_applicable
FIR,FIT,FI,explicit,match,not_applicable
FIR,FIW,FI,explicit,match,not_applicable
FIR,FMP,F,explicit,match,not_applicable
FIR,FMR,FR,explicit,match,not_applicable
FIR,FMS,F,explicit,match,not_applicable
FIR,FMT,F,explicit,match,not_applicable
FIR,FMW,F,explicit,match,not_applicable
FIR,FPR,FR,explicit,match,not_applicable
FIR,FPS,F,explicit,match,not_applicable
FIR,FPT,F,explicit,match,not_applicable
FIR,FPW,F,explicit,match,not_applicable
FIR,FRS,FR,explicit,match,not_applicable
FIR,FRT,FR,explicit,match,not_applicable
FIR,FRW,FR,explicit,match,not_applicable
FIR,FST,F,explicit,match,not_applicable
FIR,FSW,F,explicit,match,not_applicable
FIR,FTW,F,explicit,match,not_applicable
FIR,HIM,I,explicit,match,not_applicable
FIR,HIP,I,explicit,match,not_applicable
FIR,HIR,IR,explicit,match,not_applicable
FIR,HIS,I,explicit,match,not_applicable
FIR,HIT,I,explicit,match,not_applicable
FIR,HIW,I,explicit,match,not_applicable
FIR,HMR,R,explicit,match,not_applicable
FIR,HPR,R,explicit,match,not_applicable
FIR,HRS,R,explicit,match,not_applicable
FIR,HRT,R,explicit,match,not_applicable
FIR,HRW,R,explicit,match,not_applicable
FIR,IMP,I,explicit,match,not_applicable
FIR,IMR,IR,explicit,match,not_applicable
FIR,IMS,I,explicit,match,not_applicable
FIR,IMT,I,explicit,match,not_applicable
FIR,IMW,I,explicit,match,not_applicable
FIR,IPR,IR,explicit,match,not_applicable
FIR,IPS,I,explicit,match,not_applicable
FIR,IPT,I,explicit,match,not_applicable
FIR,IPW,I,explicit,match,not_applicable
FIR,IRS,IR,explicit,match,not_applicable
FIR,IRT,IR,explicit,match,not_applicable
FIR,IRW,IR,explicit,match,not_applicable
FIR,IST,I,explicit,match,not_applicable
FIR,ISW,I,explicit,match,not_applicable
FIR,ITW,I,explicit,match,not_applicable
FIR,MPR,R,explicit,match,not_applicable
FIR,MRS,R,explicit,match,not_applicable
FIR,MRT,R,explicit,match,not_applicable
FIR,MRW,R,explicit,match,not_applicable
FIR,PRS,R,explicit,match,not_applicable
FIR,PRT,R,explicit,match,not_applicable
FIR,PRW,R,explicit,match,not_applicable
FIR,RST,R,explicit,match,not_applicable
FIR,RSW,R,explicit,match,not_applicable
FIR,RTW,R,explicit,match,not_applicable
FIS,FIT,FI,explicit,match,not_applicable
FIS,FIW,FI,explicit,match,not_applicable
FIS,FMP,F,explicit,match,not_applicable
FIS,FMR,F,explicit,match,not_applicable
FIS,FMS,FS,current,match,not_defined_in_source
FIS,FMT,F,explicit,match,not_applicable
FIS,FMW,F,explicit,match,not_applicable
FIS,FPR,F,explicit,match,not_applicable
FIS,FPS,FS,current,match,not_defined_in_source
FIS,FPT,F,explicit,match,not_applicable
FIS,FPW,F,explicit,match,not_applicable
FIS,FRS,FS,current,match,not_defined_in_source
FIS,FRT,F,explicit,match,not_applicable
FIS,FRW,F,explicit,match,not_applicable
FIS,FST,FS,current,match,not_defined_in_source
FIS,FSW,FS,current,match,not_defined_in_source
FIS,FTW,F,explicit,match,not_applicable
FIS,HIM,I,explicit,match,not_applicable
FIS,HIP,I,explicit,match,not_applicable
FIS,HIR,I,explicit,match,not_applicable
FIS,HIS,IS,current,match,not_defined_in_source
FIS,HIT,I,explicit,match,not_applicable
FIS,HIW,I,explicit,match,not_applicable
FIS,HMS,S,current,match,not_defined_in_source
FIS,HPS,S,current,match,not_defined_in_source
FIS,HRS,S,current,match,not_defined_in_source
FIS,HST,S,current,match,not_defined_in_source
FIS,HSW,S,current,match,not_defined_in_source
FIS,IMP,I,explicit,match,not_applicable
FIS,IMR,I,explicit,match,not_applicable
FIS,IMS,IS,current,match,not_defined_in_source
FIS,IMT,I,explicit,match,not_applicable
FIS,IMW,I,explicit,match,not_applicable
FIS,IPR,I,explicit,match,not_applicable
FIS,IPS,IS,current,match,not_defined_in_source
FIS,IPT,I,explicit,match,not_applicable
FIS,IPW,I,explicit,match,not_applicable
FIS,IRS,IS,current,match,not_defined_in_source
FIS,IRT,I,explicit,match,not_applicable
FIS,IRW,I,explicit,match,not_applicable
FIS,IST,IS,current,match,not_defined_in_source
FIS,ISW,IS,current,match,not_defined_in_source
FIS,ITW,I,explicit,match,not_applicable
FIS,MPS,S,current,match,not_defined_in_source
FIS,MRS,S,current,match,not_defined_in_source
FIS,MST,S,current,match,not_defined_in_source
FIS,MSW,S,current,match,not_defined_in_source
FIS,PRS,S,current,match,not_defined_in_source
FIS,PST,S,current,match,not_defined_in_source
FIS,PSW,S,current,match,not_defined_in_source
FIS,RST,S,current,match,not_defined_in_source
FIS,RSW,S,current,match,not_defined_in_source
FIS,STW,S,current,match,not_defined_in_source
FIT,FIW,FI,explicit,match,not_applicable
FIT,FMP,F,explicit,match,not_applicable
FIT,FMR,F,explicit,match,not_applicable
FIT,FMS,F,explicit,match,not_applicable
FIT,FMT,FT,explicit,match,not_applicable
FIT,FMW,F,explicit,match,not_applicable
FIT,FPR,F,explicit,match,not_applicable
FIT,FPS,F,explicit,match,not_applicable
FIT,FPT,FT,explicit,match,not_applicable
FIT,FPW,F,explicit,match,not_applicable
FIT,FRS,F,explicit,match,not_applicable
FIT,FRT,FT,explicit,match,not_applicable
FIT,FRW,F,explicit,match,not_applicable
FIT,FST,FT,explicit,match,not_applicable
FIT,FSW,F,explicit,match,not_applicable
FIT,FTW,FT,explicit,match,not_applicable
FIT,HIM,I,explicit,match,not_applicable
FIT,HIP,I,explicit,match,not_applicable
FIT,HIR,I,explicit,match,not_applicable
FIT,HIS,I,explicit,match,not_applicable
FIT,HIT,IT,explicit,match,not_applicable
FIT,HIW,I,explicit,match,not_applicable
FIT,HMT,T,explicit,match,not_applicable
FIT,HPT,T,explicit,match,not_applicable
FIT,HRT,T,explicit,match,not_applicable
FIT,HST,T,explicit,match,not_applicable
FIT,HTW,T,explicit,match,not_applicable
FIT,IMP,I,explicit,match,not_applicable
FIT,IMR,I,explicit,match,not_applicable
FIT,IMS,I,explicit,match,not_applicable
FIT,IMT,IT,explicit,match,not_applicable
FIT,IMW,I,explicit,match,not_applicable
FIT,IPR,I,explicit,match,not_applicable
FIT,IPS,I,explicit,match,not_applicable
FIT,IPT,IT,explicit,match,not_applicable
FIT,IPW,I,explicit,match,not_applicable
FIT,IRS,I,explicit,match,not_applicable
FIT,IRT,IT,explicit,match,not_applicable
FIT,IRW,I,explicit,match,not_applicable
FIT,IST,IT,explicit,match,not_applicable
FIT,ISW,I,explicit,match,not_applicable
FIT,ITW,IT,explicit,match,not_applicable
FIT,MPT,T,explicit,match,not_applicable
FIT,MRT,T,explicit,match,not_applicable
FIT,MST,T,explicit,match,not_applicable
FIT,MTW,T,explicit,match,not_applicable
FIT,PRT,T,explicit,match,not_applicable
FIT,PST,T,explicit,match,not_applicable
FIT,PTW,T,explicit,match,not_applicable
FIT,RST,T,explicit,match,not_applicable
FIT,RTW,T,explicit,match,not_applicable
FIT,STW,T,explicit,match,not_applicable
FIW,FMP,F,explicit,match,not_applicable
FIW,FMR,F,explicit,match,not_applicable
FIW,FMS,F,explicit,match,not_applicable
FIW,FMT,F,explicit,match,not_applicable
FIW,FMW,FW,explicit,match,not_applicable
FIW,FPR,F,explicit,match,not_applicable
FIW,FPS,F,explicit,match,not_applicable
FIW,FPT,F,explicit,match,not_applicable
FIW,FPW,FW,explicit,match,not_applicable
FIW,FRS,F,explicit,match,not_applicable
FIW,FRT,F,explicit,match,not_applicable
FIW,FRW,FW,explicit,match,not_applicable
FIW,FST,F,explicit,match,not_applicable
FIW,FSW,FW,explicit,match,not_applicable
FIW,FTW,FW,explicit,match,not_applicable
FIW,HIM,I,explicit,match,not_applicable
FIW,HIP,I,explicit,match,not_applicable
FIW,HIR,I,explicit,match,not_applicable
FIW,HIS,I,explicit,match,not_applicable
FIW,HIT,I,explicit,match,not_applicable
FIW,HIW,IW,explicit,match,not_applicable
FIW,HMW,W,explicit,match,not_applicable
FIW,HPW,W,explicit,match,not_applicable
FIW,HRW,W,explicit,match,not_applicable
FIW,HSW,W,explicit,match,not_applicable
FIW,HTW,W,explicit,match,not_applicable
FIW,IMP,I,explicit,match,not_applicable
FIW,IMR,I,explicit,match,not_applicable
FIW,IMS,I,explicit,match,not_applicable
FIW,IMT,I,explicit,match,not_applicable
FIW,IMW,IW,explicit,match,not_applicable
FIW,IPR,I,explicit,match,not_applicable
FIW,IPS,I,explicit,match,not_applicable
FIW,IPT,I,explicit,match,not_applicable
FIW,IPW,IW,explicit,match,not_applicable
FIW,IRS,I,explicit,match,not_applicable
FIW,IRT,I,explicit,match,not_applicable
FIW,IRW,IW,explicit,match,not_applicable
FIW,IST,I,explicit,match,not_applicable
FIW,ISW,IW,explicit,match,not_applicable
FIW,ITW,IW,explicit,match,not_applicable
FIW,MPW,W,explicit,match,not_applicable
FIW,MRW,W,explicit,match,not_applicable
FIW,MSW,W,explicit,match,not_applicable
FIW,MTW,W,explicit,match,not_applicable
FIW,PRW,W,explicit,match,not_applicable
FIW,PSW,W,explicit,match,not_applicable
FIW,PTW,W,explicit,match,not_applicable
FIW,RSW,W,explicit,match,not_applicable
FIW,RTW,W,explicit,match,not_applicable
FIW,STW,W,explicit,match,not_applicable
FMP,FMR,FM,current,match,not_defined_in_source
FMP,FMS,FM,current,match,not_defined_in_source
FMP,FMT,FM,current,match,not_defined_in_source
FMP,FMW,FM,current,match,not_defined_in_source
FMP,FPR,FP,explicit,match,not_applicable
FMP,FPS,FP,explicit,match,not_applicable
FMP,FPT,FP,explicit,match,not_applicable
FMP,FPW,FP,explicit,match,not_applicable
FMP,FRS,F,explicit,match,not_applicable
FMP,FRT,F,explicit,match,not_applicable
FMP,FRW,F,explicit,match,not_applicable
FMP,FST,F,explicit,match,not_applicable
FMP,FSW,F,explicit,match,not_applicable
FMP,FTW,F,explicit,match,not_applicable
FMP,HIM,M,current,match,not_defined_in_source
FMP,HIP,P,explicit,match,not_applicable
FMP,HMP,MP,current,match,not_defined_in_source
FMP,HMR,M,current,match,not_defined_in_source
FMP,HMS,M,current,match,not_defined_in_source
FMP,HMT,M,current,match,not_defined_in_source
FMP,HMW,M,current,match,not_defined_in_source
FMP,HPR,P,explicit,match,not_applicable
FMP,HPS,P,explicit,match,not_applicable
FMP,HPT,P,explicit,match,not_applicable
FMP,HPW,P,explicit,match,not_applicable
FMP,IMP,MP,current,match,not_defined_in_source
FMP,IMR,M,current,match,not_defined_in_source
FMP,IMS,M,current,match,not_defined_in_source
FMP,IMT,M,current,match,not_defined_in_source
FMP,IMW,M,current,match,not_defined_in_source
FMP,IPR,P,explicit,match,not_applicable
FMP,IPS,P,explicit,match,not_applicable
FMP,IPT,P,explicit,match,not_applicable
FMP,IPW,P,explicit,match,not_applicable
FMP,MPR,MP,current,match,not_defined_in_source
FMP,MPS,MP,current,match,not_defined_in_source
FMP,MPT,MP,current,match,not_defined_in_source
FMP,MPW,MP,current,match,not_defined_in_source
FMP,MRS,M,current,match,not_defined_in_source
FMP,MRT,M,current,match,not_defined_in_source
FMP,MRW,M,current,match,not_defined_in_source
FMP,MST,M,current,match,not_defined_in_source
FMP,MSW,M,current,match,not_defined_in_source
FMP,MTW,M,current,match,not_defined_in_source
FMP,PRS,P,explicit,match,not_applicable
FMP,PRT,P,explicit,match,not_applicable
FMP,PRW,P,explicit,match,not_applicable
FMP,PST,P,explicit,match,not_applicable
FMP,PSW,P,explicit,match,not_applicable
FMP,PTW,P,explicit,match,not_applicable
FMR,FMS,FM,current,match,not_defined_in_source
FMR,FMT,FM,current,match,not_defined_in_source
FMR,FMW,FM,current,match,not_defined_in_source
FMR,FPR,FR,explicit,match,not_applicable
FMR,FPS,F,explicit,match,not_applicable
FMR,FPT,F,explicit,match,not_applicable
FMR,FPW,F,explicit,match,not_applicable
FMR,FRS,FR,explicit,match,not_applicable
FMR,FRT,FR,explicit,match,not_applicable
FMR,FRW,FR,explicit,match,not_applicable
FMR,FST,F,explicit,match,not_applicable
FMR,FSW,F,explicit,match,not_applicable
FMR,FTW,F,explicit,match,not_applicable
FMR,HIM,M,current,match,not_defined_in_source
FMR,HIR,R,explicit,match,not_applicable
FMR,HMP,M,current,match,not_defined_in_source
FMR,HMR,MR,current,match,not_defined_in_source
FMR,HMS,M,current,match,not_defined_in_source
FMR,HMT,M,current,match,not_defined_in_source
FMR,HMW,M,current,match,not_defined_in_source
FMR,HPR,R,explicit,match,not_applicable
FMR,HRS,R,explicit,match,not_applicable
FMR,HRT,R,explicit,match,not_applicable
FMR,HRW,R,explicit,match,not_applicable
FMR,IMP,M,current,match,not_defined_in_source
FMR,IMR,MR,current,match,not_defined_in_source
FMR,IMS,M,current,match,not_defined_in_source
FMR,IMT,M,current,match,not_defined_in_source
FMR,IMW,M,current,match,not_defined_in_source
FMR,IPR,R,explicit,match,not_applicable
FMR,IRS,R,explicit,match,not_applicable
FMR,IRT,R,explicit,match,not_applicable
FMR,IRW,R,explicit,match,not_applicable
FMR,MPR,MR,current,match,not_defined_in_source
FMR,MPS,M,current,match,not_defined_in_source
FMR,MPT,M,current,match,not_defined_in_source
FMR,MPW,M,current,match,not_defined_in_source
FMR,MRS,MR,current,match,not_defined_in_source
FMR,MRT,MR,current,match,not_defined_in_source
FMR,MRW,MR,current,match,not_defined_in_source
FMR,MST,M,current,match,not_defined_in_source
FMR,MSW,M,current,match,not_defined_in_source
FMR,MTW,M,current,match,not_defined_in_source
FMR,PRS,R,explicit,match,not_applicable
FMR,PRT,R,explicit,match,not_applicable
FMR,PRW,R,explicit,match,not_applicable
FMR,RST,R,explicit,match,not_applicable
FMR,RSW,R,explicit,match,not_applicable
FMR,RTW,R,explicit,match,not_applicable
FMS,FMT,FM,current,match,not_defined_in_source
FMS,FMW,FM,current,match,not_defined_in_source
FMS,FPR,F,explicit,match,not_applicable
FMS,FPS,FS,current,match,not_defined_in_source
FMS,FPT,F,explicit,match,not_applicable
FMS,FPW,F,explicit,match,not_applicable
FMS,FRS,FS,current,match,not_defined_in_source
FMS,FRT,F,explicit,match,not_applicable
FMS,FRW,F,explicit,match,not_applicable
FMS,FST,FS,current,match,not_defined_in_source
FMS,FSW,FS,current,match,not_defined_in_source
FMS,FTW,F,explicit,match,not_applicable
FMS,HIM,M,current,match,not_defined_in_source
FMS,HIS,S,current,match,not_defined_in_source
FMS,HMP,M,current,match,not_defined_in_source
FMS,HMR,M,current,match,not_defined_in_source
FMS,HMS,MS,current,match,not_defined_in_source
FMS,HMT,M,current,match,not_defined_in_source
FMS,HMW,M,current,match,not_defined_in_source
FMS,HPS,S,current,match,not_defined_in_source
FMS,HRS,S,current,match,not_defined_in_source
FMS,HST,S,current,match,not_defined_in_source
FMS,HSW,S,current,match,not_defined_in_source
FMS,IMP,M,current,match,not_defined_in_source
FMS,IMR,M,current,match,not_defined_in_source
FMS,IMS,MS,current,match,not_defined_in_source
FMS,IMT,M,current,match,not_defined_in_source
FMS,IMW,M,current,match,not_defined_in_source
FMS,IPS,S,current,match,not_defined_in_source
FMS,IRS,S,current,match,not_defined_in_source
FMS,IST,S,current,match,not_defined_in_source
FMS,ISW,S,current,match,not_defined_in_source
FMS,MPR,M,current,match,not_defined_in_source
FMS,MPS,MS,current,match,not_defined_in_source
FMS,MPT,M,current,match,not_defined_in_source
FMS,MPW,M,current,match,not_defined_in_source
FMS,MRS,MS,current,match,not_defined_in_source
FMS,MRT,M,current,match,not_defined_in_source
FMS,MRW,M,current,match,not_defined_in_source
FMS,MST,MS,current,match,not_defined_in_source
FMS,MSW,MS,current,match,not_defined_in_source
FMS,MTW,M,current,match,not_defined_in_source
FMS,PRS,S,current,match,not_defined_in_source
FMS,PST,S,current,match,not_defined_in_source
FMS,PSW,S,current,match,not_defined_in_source
FMS,RST,S,current,match,not_defined_in_source
FMS,RSW,S,current,match,not_defined_in_source
FMS,STW,S,current,match,not_defined_in_source
FMT,FMW,FM,current,match,not_defined_in_source
FMT,FPR,F,explicit,match,not_applicable
FMT,FPS,F,explicit,match,not_applicable
FMT,FPT,FT,explicit,match,not_applicable
FMT,FPW,F,explicit,match,not_applicable
FMT,FRS,F,explicit,match,not_applicable
FMT,FRT,FT,explicit,match,not_applicable
FMT,FRW,F,explicit,match,not_applicable
FMT,FST,FT,explicit,match,not_applicable
FMT,FSW,F,explicit,match,not_applicable
FMT,FTW,FT,explicit,match,not_applicable
FMT,HIM,M,current,match,not_defined_in_source
FMT,HIT,T,explicit,match,not_applicable
FMT,HMP,M,current,match,not_defined_in_source
FMT,HMR,M,current,match,not_defined_in_source
FMT,HMS,M,current,match,not_defined_in_source
FMT,HMT,MT,current,match,not_defined_in_source
FMT,HMW,M,current,match,not_defined_in_source
FMT,HPT,T,explicit,match,not_applicable
FMT,HRT,T,explicit,match,not_applicable
FMT,HST,T,explicit,match,not_applicable
FMT,HTW,T,explicit,match,not_applicable
FMT,IMP,M,current,match,not_defined_in_source
FMT,IMR,M,current,match,not_defined_in_source
FMT,IMS,M,current,match,not_defined_in_source
FMT,IMT,MT,current,match,not_defined_in_source
FMT,IMW,M,current,match,not_defined_in_source
FMT,IPT,T,explicit,match,not_applicable
FMT,IRT,T,explicit,match,not_applicable
FMT,IST,T,explicit,match,not_applicable
FMT,ITW,T,explicit,match,not_applicable
FMT,MPR,M,current,match,not_defined_in_source
FMT,MPS,M,current,match,not_defined_in_source
FMT,MPT,MT,current,match,not_defined_in_source
FMT,MPW,M,current,match,not_defined_in_source
FMT,MRS,M,current,match,not_defined_in_source
FMT,MRT,MT,current,match,not_defined_in_source
FMT,MRW,M,current,match,not_defined_in_source
FMT,MST,MT,current,match,not_defined_in_source
FMT,MSW,M,current,match,not_defined_in_source
FMT,MTW,MT,current,match,not_defined_in_source
FMT,PRT,T,explicit,match,not_applicable
FMT,PST,T,explicit,match,not_applicable
FMT,PTW,T,explicit,match,not_applicable
FMT,RST,T,explicit,match,not_applicable
FMT,RTW,T,explicit,match,not_applicable
FMT,STW,T,explicit,match,not_applicable
FMW,FPR,F,explicit,match,not_applicable
FMW,FPS,F,explicit,match,not_applicable
FMW,FPT,F,explicit,match,not_applicable
FMW,FPW,FW,explicit,match,not_applicable
FMW,FRS,F,explicit,match,not_applicable
FMW,FRT,F,explicit,match,not_applicable
FMW,FRW,FW,explicit,match,not_applicable
FMW,FST,F,explicit,match,not_applicable
FMW,FSW,FW,explicit,match,not_applicable
FMW,FTW,FW,explicit,match,not_applicable
FMW,HIM,M,current,match,not_defined_in_source
FMW,HIW,W,explicit,match,not_applicable
FMW,HMP,M,current,match,not_defined_in_source
FMW,HMR,M,current,match,not_defined_in_source
FMW,HMS,M,current,match,not_defined_in_source
FMW,HMT,M,current,match,not_defined_in_source
FMW,HMW,MW,current,match,not_defined_in_source
FMW,HPW,W,explicit,match,not_applicable
FMW,HRW,W,explicit,match,not_applicable
FMW,HSW,W,explicit,match,not_applicable
FMW,HTW,W,explicit,match,not_applicable
FMW,IMP,M,current,match,not_defined_in_source
FMW,IMR,M,current,match,not_defined_in_source
FMW,IMS,M,current,match,not_defined_in_source
FMW,IMT,M,current,match,not_defined_in_source
FMW,IMW,MW,current,match,not_defined_in_source
FMW,IPW,W,explicit,match,not_applicable
FMW,IRW,W,explicit,match,not_applicable
FMW,ISW,W,explicit,match,not_applicable
FMW,ITW,W,explicit,match,not_applicable
FMW,MPR,M,current,match,not_defined_in_source
FMW,MPS,M,current,match,not_defined_in_source
FMW,MPT,M,current,match,not_defined_in_source
FMW,MPW,MW,current,match,not_defined_in_source
FMW,MRS,M,current,match,not_defined_in_source
FMW,MRT,M,current,match,not_defined_in_source
FMW,MRW,MW,current,match,not_defined_in_source
FMW,MST,M,current,match,not_defined_in_source
FMW,MSW,MW,current,match,not_defined_in_source
FMW,MTW,MW,current,match,not_defined_in_source
FMW,PRW,W,explicit,match,not_applicable
FMW,PSW,W,explicit,match,not_applicable
FMW,PTW,W,explicit,match,not_applicable
FMW,RSW,W,explicit,match,not_applicable
FMW,RTW,W,explicit,match,not_applicable
FMW,STW,W,explicit,match,not_applicable
FPR,FPS,FP,explicit,match,not_applicable
FPR,FPT,FP,explicit,match,not_applicable
FPR,FPW,FP,explicit,match,not_applicable
FPR,FRS,FR,explicit,match,not_applicable
FPR,FRT,FR,explicit,match,not_applicable
FPR,FRW,FR,explicit,match,not_applicable
FPR,FST,F,explicit,match,not_applicable
FPR,FSW,F,explicit,match,not_applicable
FPR,FTW,F,explicit,match,not_applicable
FPR,HIP,P,explicit,match,not_applicable
FPR,HIR,R,explicit,match,not_applicable
FPR,HMP,P,explicit,match,not_applicable
FPR,HMR,R,explicit,match,not_applicable
FPR,HPR,PR,explicit,match,not_applicable
FPR,HPS,P,explicit,match,not_applicable
FPR,HPT,P,explicit,match,not_applicable
FPR,HPW,P,explicit,match,not_applicable
FPR,HRS,R,explicit,match,not_applicable
FPR,HRT,R,explicit,match,not_applicable
FPR,HRW,R,explicit,match,not_applicable
FPR,IMP,P,explicit,match,not_applicable
FPR,IMR,R,explicit,match,not_applicable
FPR,IPR,PR,explicit,match,not_applicable
FPR,IPS,P,explicit,match,not_applicable
FPR,IPT,P,explicit,match,not_applicable
FPR,IPW,P,explicit,match,not_applicable
FPR,IRS,R,explicit,match,not_applicable
FPR,IRT,R,explicit,match,not_applicable
FPR,IRW,R,explicit,match,not_applicable
FPR,MPR,PR,explicit,match,not_applicable
FPR,MPS,P,explicit,match,not_applicable
FPR,MPT,P,explicit,match,not_applicable
FPR,MPW,P,explicit,match,not_applicable
FPR,MRS,R,explicit,match,not_applicable
FPR,MRT,R,explicit,match,not_applicable
FPR,MRW,R,explicit,match,not_applicable
FPR,PRS,PR,explicit,match,not_applicable
FPR,PRT,PR,explicit,match,not_applicable
FPR,PRW,PR,explicit,match,not_applicable
FPR,PST,P,explicit,match,not_applicable
FPR,PSW,P,explicit,match,not_applicable
FPR,PTW,P,explicit,match,not_applicable
FPR,RST,R,explicit,match,not_applicable
FPR,RSW,R,explicit,match,not_applicable
FPR,RTW,R,explicit,match,not_applicable
FPS,FPT,FP,explicit,match,not_applicable
FPS,FPW,FP,explicit,match,not_applicable
FPS,FRS,FS,current,match,not_defined_in_source
FPS,FRT,F,explicit,match,not_applicable
FPS,FRW,F,explicit,match,not_applicable
FPS,FST,FS,current,match,not_defined_in_source
FPS,FSW,FS,current,match,not_defined_in_source
FPS,FTW,F,explicit,match,not_applicable
FPS,HIP,P,explicit,match,not_applicable
FPS,HIS,S,current,match,not_defined_in_source
FPS,HMP,P,explicit,match,not_applicable
FPS,HMS,S,current,match,not_defined_in_source
FPS,HPR,P,explicit,match,not_applicable
FPS,HPS,PS,current,match,not_defined_in_source
FPS,HPT,P,explicit,match,not_applicable
FPS,HPW,P,explicit,match,not_applicable
FPS,HRS,S,current,match,not_defined_in_source
FPS,HST,S,current,match,not_defined_in_source
FPS,HSW,S,current,match,not_defined_in_source
FPS,IMP,P,explicit,match,not_applicable
FPS,IMS,S,current,match,not_defined_in_source
FPS,IPR,P,explicit,match,not_applicable
FPS,IPS,PS,current,match,not_defined_in_source
FPS,IPT,P,explicit,match,not_applicable
FPS,IPW,P,explicit,match,not_applicable
FPS,IRS,S,current,match,not_defined_in_source
FPS,IST,S,current,match,not_defined_in_source
FPS,ISW,S,current,match,not_defined_in_source
FPS,MPR,P,explicit,match,not_applicable
FPS,MPS,PS,current,match,not_defined_in_source
FPS,MPT,P,explicit,match,not_applicable
FPS,MPW,P,explicit,match,not_applicable
FPS,MRS,S,current,match,not_defined_in_source
FPS,MST,S,current,match,not_defined_in_source
FPS,MSW,S,current,match,not_defined_in_source
FPS,PRS,PS,current,match,not_defined_in_source
FPS,PRT,P,explicit,match,not_applicable
FPS,PRW,P,explicit,match,not_applicable
FPS,PST,PS,current,match,not_defined_in_source
FPS,PSW,PS,current,match,not_defined_in_source
FPS,PTW,P,explicit,match,not_applicable
FPS,RST,S,current,match,not_defined_in_source
FPS,RSW,S,current,match,not_defined_in_source
FPS,STW,S,current,match,not_defined_in_source
FPT,FPW,FP,explicit,match,not_applicable
FPT,FRS,F,explicit,match,not_applicable
FPT,FRT,FT,explicit,match,not_applicable
FPT,FRW,F,explicit,match,not_applicable
FPT,FST,FT,explicit,match,not_applicable
FPT,FSW,F,explicit,match,not_applicable
FPT,FTW,FT,explicit,match,not_applicable
FPT,HIP,P,explicit,match,not_applicable
FPT,HIT,T,explicit,match,not_applicable
FPT,HMP,P,explicit,match,not_applicable
FPT,HMT,T,explicit,match,not_applicable
FPT,HPR,P,explicit,match,not_applicable
FPT,HPS,P,explicit,match,not_applicable
FPT,HPT,PT,explicit,match,not_applicable
FPT,HPW,P,explicit,match,not_applicable
FPT,HRT,T,explicit,match,not_applicable
FPT,HST,T,explicit,match,not_applicable
FPT,HTW,T,explicit,match,not_applicable
FPT,IMP,P,explicit,match,not_applicable
FPT,IMT,T,explicit,match,not_applicable
FPT,IPR,P,explicit,match,not_applicable
FPT,IPS,P,explicit,match,not_applicable
FPT,IPT,PT,explicit,match,not_applicable
FPT,IPW,P,explicit,match,not_applicable
FPT,IRT,T,explicit,match,not_applicable
FPT,IST,T,explicit,match,not_applicable
FPT,ITW,T,explicit,match,not_applicable
FPT,MPR,P,explicit,match,not_applicable
FPT,MPS,P,explicit,match,not_applicable
FPT,MPT,PT,explicit,match,not_applicable
FPT,MPW,P,explicit,match,not_applicable
FPT,MRT,T,explicit,match,not_applicable
FPT,MST,T,explicit,match,not_applicable
FPT,MTW,T,explicit,match,not_applicable
FPT,PRS,P,explicit,match,not_applicable
FPT,PRT,PT,explicit,match,not_applicable
FPT,PRW,P,explicit,match,not_applicable
FPT,PST,PT,explicit,match,not_applicable
FPT,PSW,P,explicit,match,not_applicable
FPT,PTW,PT,explicit,match,not_applicable
FPT,RST,T,explicit,match,not_applicable
FPT,RTW,T,explicit,match,not_applicable
FPT,STW,T,explicit,match,not_applicable
FPW,FRS,F,explicit,match,not_applicable
FPW,FRT,F,explicit,match,not_applicable
FPW,FRW,FW,explicit,match,not_applicable
FPW,FST,F,explicit,match,not_applicable
FPW,FSW,FW,explicit,match,not_applicable
FPW,FTW,FW,explicit,match,not_applicable
FPW,HIP,P,explicit,match,not_applicable
FPW,HIW,W,explicit,match,not_applicable
FPW,HMP,P,explicit,match,not_applicable
FPW,HMW,W,explicit,match,not_applicable
FPW,HPR,P,explicit,match,not_applicable
FPW,HPS,P,explicit,match,not_applicable
FPW,HPT,P,explicit,match,not_applicable
FPW,HPW,PW,explicit,match,not_applicable
FPW,HRW,W,explicit,match,not_applicable
FPW,HSW,W,explicit,match,not_applicable
FPW,HTW,W,explicit,match,not_applicable
FPW,IMP,P,explicit,match,not_applicable
FPW,IMW,W,explicit,match,not_applicable
FPW,IPR,P,explicit,match,not_applicable
FPW,IPS,P,explicit,match,not_applicable
FPW,IPT,P,explicit,match,not_applicable
FPW,IPW,PW,explicit,match,not_applicable
FPW,IRW,W,explicit,match,not_applicable
FPW,ISW,W,explicit,match,not_applicable
FPW,ITW,W,explicit,match,not_applicable
FPW,MPR,P,explicit,match,not_applicable
FPW,MPS,P,explicit,match,not_applicable
FPW,MPT,P,explicit,match,not_applicable
FPW,MPW,PW,explicit,match,not_applicable
FPW,MRW,W,explicit,match,not_applicable
FPW,MSW,W,explicit,match,not_applicable
FPW,MTW,W,explicit,match,not_applicable
FPW,PRS,P,explicit,match,not_applicable
FPW,PRT,P,explicit,match,not_applicable
FPW,PRW,PW,explicit,match,not_applicable
FPW,PST,P,explicit,match,not_applicable
FPW,PSW,PW,explicit,match,not_applicable
FPW,PTW,PW,explicit,match,not_applicable
FPW,RSW,W,explicit,match,not_applicable
FPW,RTW,W,explicit,match,not_applicable
FPW,STW,W,explicit,match,not_applicable
FRS,FRT,FR,explicit,match,not_applicable
FRS,FRW,FR,explicit,match,not_applicable
FRS,FST,FS,current,match,not_defined_in_source
FRS,FSW,FS,current,match,not_defined_in_source
FRS,FTW,F,explicit,match,not_applicable
FRS,HIR,R,explicit,match,not_applicable
FRS,HIS,S,current,match,not_defined_in_source
FRS,HMR,R,explicit,match,not_applicable
FRS,HMS,S,current,match,not_defined_in_source
FRS,HPR,R,explicit,match,not_applicable
FRS,HPS,S,current,match,not_defined_in_source
FRS,HRS,RS,current,match,not_defined_in_source
FRS,HRT,R,explicit,match,not_applicable
FRS,HRW,R,explicit,match,not_applicable
FRS,HST,S,current,match,not_defined_in_source
FRS,HSW,S,current,match,not_defined_in_source
FRS,IMR,R,explicit,match,not_applicable
FRS,IMS,S,current,match,not_defined_in_source
FRS,IPR,R,explicit,match,not_applicable
FRS,IPS,S,current,match,not_defined_in_source
FRS,IRS,RS,current,match,not_defined_in_source
FRS,IRT,R,explicit,match,not_applicable
FRS,IRW,R,explicit,match,not_applicable
FRS,IST,S,current,match,not_defined_in_source
FRS,ISW,S,current,match,not_defined_in_source
FRS,MPR,R,explicit,match,not_applicable
FRS,MPS,S,current,match,not_defined_in_source
FRS,MRS,RS,current,match,not_defined_in_source
FRS,MRT,R,explicit,match,not_applicable
FRS,MRW,R,explicit,match,not_applicable
FRS,MST,S,current,match,not_defined_in_source
FRS,MSW,S,current,match,not_defined_in_source
FRS,PRS,RS,current,match,not_defined_in_source
FRS,PRT,R,explicit,match,not_applicable
FRS,PRW,R,explicit,match,not_applicable
FRS,PST,S,current,match,not_defined_in_source
FRS,PSW,S,current,match,not_defined_in_source
FRS,RST,RS,current,match,not_defined_in_source
FRS,RSW,RS,current,match,not_defined_in_source
FRS,RTW,R,explicit,match,not_applicable
FRS,STW,S,current,match,not_defined_in_source
FRT,FRW,FR,explicit,match,not_applicable
FRT,FST,FT,explicit,match,not_applicable
FRT,FSW,F,explicit,match,not_applicable
FRT,FTW,FT,explicit,match,not_applicable
FRT,HIR,R,explicit,match,not_applicable
FRT,HIT,T,explicit,match,not_applicable
FRT,HMR,R,explicit,match,not_applicable
FRT,HMT,T,explicit,match,not_applicable
FRT,HPR,R,explicit,match,not_applicable
FRT,HPT,T,explicit,match,not_applicable
FRT,HRS,R,explicit,match,not_applicable
FRT,HRT,RT,explicit,match,not_applicable
FRT,HRW,R,explicit,match,not_applicable
FRT,HST,T,explicit,match,not_applicable
FRT,HTW,T,explicit,match,not_applicable
FRT,IMR,R,explicit,match,not_applicable
FRT,IMT,T,explicit,match,not_applicable
FRT,IPR,R,explicit,match,not_applicable
FRT,IPT,T,explicit,match,not_applicable
FRT,IRS,R,explicit,match,not_applicable
FRT,IRT,RT,explicit,match,not_applicable
FRT,IRW,R,explicit,match,not_applicable
FRT,IST,T,explicit,match,not_applicable
FRT,ITW,T,explicit,match,not_applicable
FRT,MPR,R,explicit,match,not_applicable
FRT,MPT,T,explicit,match,not_applicable
FRT,MRS,R,explicit,match,not_applicable
FRT,MRT,RT,explicit,match,not_applicable
FRT,MRW,R,explicit,match,not_applicable
FRT,MST,T,explicit,match,not_applicable
FRT,MTW,T,explicit,match,not_applicable
FRT,PRS,R,explicit,match,not_applicable
FRT,PRT,RT,explicit,match,not_applicable
FRT,PRW,R,explicit,match,not_applicable
FRT,PST,T,explicit,match,not_applicable
FRT,PTW,T,explicit,match,not_applicable
FRT,RST,RT,explicit,match,not_applicable
FRT,RSW,R,explicit,match,not_applicable
FRT,RTW,RT,explicit,match,not_applicable
FRT,STW,T,explicit,match,not_applicable
FRW,FST,F,explicit,match,not_applicable
FRW,FSW,FW,explicit,match,not_applicable
FRW,FTW,FW,explicit,match,not_applicable
FRW,HIR,R,explicit,match,not_applicable
FRW,HIW,W,explicit,match,not_applicable
FRW,HMR,R,explicit,match,not_applicable
FRW,HMW,W,explicit,match,not_applicable
FRW,HPR,R,explicit,match,not_applicable
FRW,HPW,W,explicit,match,not_applicable
FRW,HRS,R,explicit,match,not_applicable
FRW,HRT,R,explicit,match,not_applicable
FRW,HRW,RW,explicit,match,not_applicable
FRW,HSW,W,explicit,match,not_applicable
FRW,HTW,W,explicit,match,not_applicable
FRW,IMR,R,explicit,match,not_applicable
FRW,IMW,W,explicit,match,not_applicable
FRW,IPR,R,explicit,match,not_applicable
FRW,IPW,W,explicit,match,not_applicable
FRW,IRS,R,explicit,match,not_applicable
FRW,IRT,R,explicit,match,not_applicable
FRW,IRW,RW,explicit,match,not_applicable
FRW,ISW,W,explicit,match,not_applicable
FRW,ITW,W,explicit,match,not_applicable
FRW,MPR,R,explicit,match,not_applicable
FRW,MPW,W,explicit,match,not_applicable
FRW,MRS,R,explicit,match,not_applicable
FRW,MRT,R,explicit,match,not_applicable
FRW,MRW,RW,explicit,match,not_applicable
FRW,MSW,W,explicit,match,not_applicable
FRW,MTW,W,explicit,match,not_applicable
FRW,PRS,R,explicit,match,not_applicable
FRW,PRT,R,explicit,match,not_applicable
FRW,PRW,RW,explicit,match,not_applicable
FRW,PSW,W,explicit,match,not_applicable
FRW,PTW,W,explicit,match,not_applicable
FRW,RST,R,explicit,match,not_applicable
FRW,RSW,RW,explicit,match,not_applicable
FRW,RTW,RW,explicit,match,not_applicable
FRW,STW,W,explicit,match,not_applicable
FST,FSW,FS,current,match,not_defined_in_source
FST,FTW,FT,explicit,match,not_applicable
FST,HIS,S,current,match,not_defined_in_source
FST,HIT,T,explicit,match,not_applicable
FST,HMS,S,current,match,not_defined_in_source
FST,HMT,T,explicit,match,not_applicable
FST,HPS,S,current,match,not_defined_in_source
FST,HPT,T,explicit,match,not_applicable
FST,HRS,S,current,match,not_defined_in_source
FST,HRT,T,explicit,match,not_applicable
FST,HST,ST,current,match,not_defined_in_source
FST,HSW,S,current,match,not_defined_in_source
FST,HTW,T,explicit,match,not_applicable
FST,IMS,S,current,match,not_defined_in_source
FST,IMT,T,explicit,match,not_applicable
FST,IPS,S,current,match,not_defined_in_source
FST,IPT,T,explicit,match,not_applicable
FST,IRS,S,current,match,not_defined_in_source
FST,IRT,T,explicit,match,not_applicable
FST,IST,ST,current,match,not_defined_in_source
FST,ISW,S,current,match,not_defined_in_source
FST,ITW,T,explicit,match,not_applicable
FST,MPS,S,current,match,not_defined_in_source
FST,MPT,T,explicit,match,not_applicable
FST,MRS,S,current,match,not_defined_in_source
FST,MRT,T,explicit,match,not_applicable
FST,MST,ST,current,match,not_defined_in_source
FST,MSW,S,current,match,not_defined_in_source
FST,MTW,T,explicit,match,not_applicable
FST,PRS,S,current,match,not_defined_in_source
FST,PRT,T,explicit,match,not_applicable
FST,PST,ST,current,match,not_defined_in_source
FST,PSW,S,current,match,not_defined_in_source
FST,PTW,T,explicit,match,not_applicable
FST,RST,ST,current,match,not_defined_in_source
FST,RSW,S,current,match,not_defined_in_source
FST,RTW,T,explicit,match,not_applicable
FST,STW,ST,current,match,not_defined_in_source
FSW,FTW,FW,explicit,match,not_applicable
FSW,HIS,S,current,match,not_defined_in_source
FSW,HIW,W,explicit,match,not_applicable
FSW,HMS,S,current,match,not_defined_in_source
FSW,HMW,W,explicit,match,not_applicable
FSW,HPS,S,current,match,not_defined_in_source
FSW,HPW,W,explicit,match,not_applicable
FSW,HRS,S,current,match,not_defined_in_source
FSW,HRW,W,explicit,match,not_applicable
FSW,HST,S,current,match,not_defined_in_source
FSW,HSW,SW,current,match,not_defined_in_source
FSW,HTW,W,explicit,match,not_applicable
FSW,IMS,S,current,match,not_defined_in_source
FSW,IMW,W,explicit,match,not_applicable
FSW,IPS,S,current,match,not_defined_in_source
FSW,IPW,W,explicit,match,not_applicable
FSW,IRS,S,current,match,not_defined_in_source
FSW,IRW,W,explicit,match,not_applicable
FSW,IST,S,current,match,not_defined_in_source
FSW,ISW,SW,current,match,not_defined_in_source
FSW,ITW,W,explicit,match,not_applicable
FSW,MPS,S,current,match,not_defined_in_source
FSW,MPW,W,explicit,match,not_applicable
FSW,MRS,S,current,match,not_defined_in_source
FSW,MRW,W,explicit,match,not_applicable
FSW,MST,S,current,match,not_defined_in_source
FSW,MSW,SW,current,match,not_defined_in_source
FSW,MTW,W,explicit,match,not_applicable
FSW,PRS,S,current,match,not_defined_in_source
FSW,PRW,W,explicit,match,not_applicable
FSW,PST,S,current,match,not_defined_in_source
FSW,PSW,SW,current,match,not_defined_in_source
FSW,PTW,W,explicit,match,not_applicable
FSW,RST,S,current,match,not_defined_in_source
FSW,RSW,SW,current,match,not_defined_in_source
FSW,RTW,W,explicit,match,not_applicable
FSW,STW,SW,current,match,not_defined_in_source
FTW,HIT,T,explicit,match,not_applicable
FTW,HIW,W,explicit,match,not_applicable
FTW,HMT,T,explicit,match,not_applicable
FTW,HMW,W,explicit,match,not_applicable
FTW,HPT,T,explicit,match,not_applicable
FTW,HPW,W,explicit,match,not_applicable
FTW,HRT,T,explicit,match,not_applicable
FTW,HRW,W,explicit,match,not_applicable
FTW,HST,T,explicit,match,not_applicable
FTW,HSW,W,explicit,match,not_applicable
FTW,HTW,TW,explicit,match,not_applicable
FTW,IMT,T,explicit,match,not_applicable
FTW,IMW,W,explicit,match,not_applicable
FTW,IPT,T,explicit,match,not_applicable
FTW,IPW,W,explicit,match,not_applicable
FTW,IRT,T,explicit,match,not_applicable
FTW,IRW,W,explicit,match,not_applicable
FTW,IST,T,explicit,match,not_applicable
FTW,ISW,W,explicit,match,not_applicable
FTW,ITW,TW,explicit,match,not_applicable
FTW,MPT,T,explicit,match,not_applicable
FTW,MPW,W,explicit,match,not_applicable
FTW,MRT,T,explicit,match,not_applicable
FTW,MRW,W,explicit,match,not_applicable
FTW,MST,T,explicit,match,not_applicable
FTW,MSW,W,explicit,match,not_applicable
FTW,MTW,TW,explicit,match,not_applicable
FTW,PRT,T,explicit,match,not_applicable
FTW,PRW,W,explicit,match,not_applicable
FTW,PST,T,explicit,match,not_applicable
FTW,PSW,W,explicit,match,not_applicable
FTW,PTW,TW,explicit,match,not_applicable
FTW,RST,T,explicit,match,not_applicable
FTW,RSW,W,explicit,match,not_applicable
FTW,RTW,TW,explicit,match,not_applicable
FTW,STW,TW,explicit,match,not_applicable
HIM,HIP,HI,explicit,match,not_applicable
HIM,HIR,HI,explicit,match,not_applicable
HIM,HIS,HI,explicit,match,not_applicable
HIM,HIT,HI,explicit,match,not_applicable
HIM,HIW,HI,explicit,match,not_applicable
HIM,HMP,HM,current,match,not_defined_in_source
HIM,HMR,HM,current,match,not_defined_in_source
HIM,HMS,HM,current,match,not_defined_in_source
HIM,HMT,HM,current,match,not_defined_in_source
HIM,HMW,HM,current,match,not_defined_in_source
HIM,HPR,H,explicit,match,not_applicable
HIM,HPS,H,explicit,match,not_applicable
HIM,HPT,H,explicit,match,not_applicable
HIM,HPW,H,explicit,match,not_applicable
HIM,HRS,H,explicit,match,not_applicable
HIM,HRT,H,explicit,match,not_applicable
HIM,HRW,H,explicit,match,not_applicable
HIM,HST,H,explicit,match,not_applicable
HIM,HSW,H,explicit,match,not_applicable
HIM,HTW,H,explicit,match,not_applicable
HIM,IMP,IM,current,match,not_defined_in_source
HIM,IMR,IM,current,match,not_defined_in_source
HIM,IMS,IM,current,match,not_defined_in_source
HIM,IMT,IM,current,match,not_defined_in_source
HIM,IMW,IM,current,match,not_defined_in_source
HIM,IPR,I,explicit,match,not_applicable
HIM,IPS,I,explicit,match,not_applicable
HIM,IPT,I,explicit,match,not_applicable
HIM,IPW,I,explicit,match,not_applicable
HIM,IRS,I,explicit,match,not_applicable
HIM,IRT,I,explicit,match,not_applicable
HIM,IRW,I,explicit,match,not_applicable
HIM,IST,I,explicit,match,not_applicable
HIM,ISW,I,explicit,match,not_applicable
HIM,ITW,I,explicit,match,not_applicable
HIM,MPR,M,current,match,not_defined_in_source
HIM,MPS,M,current,match,not_defined_in_source
HIM,MPT,M,current,match,not_defined_in_source
HIM,MPW,M,current,match,not_defined_in_source
HIM,MRS,M,current,match,not_defined_in_source
HIM,MRT,M,current,match,not_defined_in_source
HIM,MRW,M,current,match,not_defined_in_source
HIM,MST,M,current,match,not_defined_in_source
HIM,MSW,M,current,match,not_defined_in_source
HIM,MTW,M,current,match,not_defined_in_source
HIP,HIR,HI,explicit,match,not_applicable
HIP,HIS,HI,explicit,match,not_applicable
HIP,HIT,HI,explicit,match,not_applicable
HIP,HIW,HI,explicit,match,not_applicable
HIP,HMP,HP,explicit,match,not_applicable
HIP,HMR,H,explicit,match,not_applicable
HIP,HMS,H,explicit,match,not_applicable
HIP,HMT,H,explicit,match,not_applicable
HIP,HMW,H,explicit,match,not_applicable
HIP,HPR,HP,explicit,match,not_applicable
HIP,HPS,HP,explicit,match,not_applicable
HIP,HPT,HP,explicit,match,not_applicable
HIP,HPW,HP,explicit,match,not_applicable
HIP,HRS,H,explicit,match,not_applicable
HIP,HRT,H,explicit,match,not_applicable
HIP,HRW,H,explicit,match,not_applicable
HIP,HST,H,explicit,match,not_applicable
HIP,HSW,H,explicit,match,not_applicable
HIP,HTW,H,explicit,match,not_applicable
HIP,IMP,IP,explicit,match,not_applicable
HIP,IMR,I,explicit,match,not_applicable
HIP,IMS,I,explicit,match,not_applicable
HIP,IMT,I,explicit,match,not_applicable
HIP,IMW,I,explicit,match,not_applicable
HIP,IPR,IP,explicit,match,not_applicable
HIP,IPS,IP,explicit,match,not_applicable
HIP,IPT,IP,explicit,match,not_applicable
HIP,IPW,IP,explicit,match,not_applicable
HIP,IRS,I,explicit,match,not_applicable
HIP,IRT,I,explicit,match,not_applicable
HIP,IRW,I,explicit,match,not_applicable
HIP,IST,I,explicit,match,not_applicable
HIP,ISW,I,explicit,match,not_applicable
HIP,ITW,I,explicit,match,not_applicable
HIP,MPR,P,explicit,match,not_applicable
HIP,MPS,P,explicit,match,not_applicable
HIP,MPT,P,explicit,match,not_applicable
HIP,MPW,P,explicit,match,not_applicable
HIP,PRS,P,explicit,match,not_applicable
HIP,PRT,P,explicit,match,not_applicable
HIP,PRW,P,explicit,match,not_applicable
HIP,PST,P,explicit,match,not_applicable
HIP,PSW,P,explicit,match,not_applicable
HIP,PTW,P,explicit,match,not_applicable
HIR,HIS,HI,explicit,match,not_applicable
HIR,HIT,HI,explicit,match,not_applicable
HIR,HIW,HI,explicit,match,not_applicable
HIR,HMP,H,explicit,match,not_applicable
HIR,HMR,HR,explicit,match,not_applicable
HIR,HMS,H,explicit,match,not_applicable
HIR,HMT,H,explicit,match,not_applicable
HIR,HMW,H,explicit,match,not_applicable
HIR,HPR,HR,explicit,match,not_applicable
HIR,HPS,H,explicit,match,not_applicable
HIR,HPT,H,explicit,match,not_applicable
HIR,HPW,H,explicit,match,not_applicable
HIR,HRS,HR,explicit,match,not_applicable
HIR,HRT,HR,explicit,match,not_applicable
HIR,HRW,HR,explicit,match,not_applicable
HIR,HST,H,explicit,match,not_applicable
HIR,HSW,H,explicit,match,not_applicable
HIR,HTW,H,explicit,match,not_applicable
HIR,IMP,I,explicit,match,not_applicable
HIR,IMR,IR,explicit,match,not_applicable
HIR,IMS,I,explicit,match,not_applicable
HIR,IMT,I,explicit,match,not_applicable
HIR,IMW,I,explicit,match,not_applicable
HIR,IPR,IR,explicit,match,not_applicable
HIR,IPS,I,explicit,match,not_applicable
HIR,IPT,I,explicit,match,not_applicable
HIR,IPW,I,explicit,match,not_applicable
HIR,IRS,IR,explicit,match,not_applicable
HIR,IRT,IR,explicit,match,not_applicable
HIR,IRW,IR,explicit,match,not_applicable
HIR,IST,I,explicit,match,not_applicable
HIR,ISW,I,explicit,match,not_applicable
HIR,ITW,I,explicit,match,not_applicable
HIR,MPR,R,explicit,match,not_applicable
HIR,MRS,R,explicit,match,not_applicable
HIR,MRT,R,explicit,match,not_applicable
HIR,MRW,R,explicit,match,not_applicable
HIR,PRS,R,explicit,match,not_applicable
HIR,PRT,R,explicit,match,not_applicable
HIR,PRW,R,explicit,match,not_applicable
HIR,RST,R,explicit,match,not_applicable
HIR,RSW,R,explicit,match,not_applicable
HIR,RTW,R,explicit,match,not_applicable
HIS,HIT,HI,explicit,match,not_applicable
HIS,HIW,HI,explicit,match,not_applicable
HIS,HMP,H,explicit,match,not_applicable
HIS,HMR,H,explicit,match,not_applicable
HIS,HMS,HS,current,match,not_defined_in_source
HIS,HMT,H,explicit,match,not_applicable
HIS,HMW,H,explicit,match,not_applicable
HIS,HPR,H,explicit,match,not_applicable
HIS,HPS,HS,current,match,not_defined_in_source
HIS,HPT,H,explicit,match,not_applicable
HIS,HPW,H,explicit,match,not_applicable
HIS,HRS,HS,current,match,not_defined_in_source
HIS,HRT,H,explicit,match,not_applicable
HIS,HRW,H,explicit,match,not_applicable
HIS,HST,HS,current,match,not_defined_in_source
HIS,HSW,HS,current,match,not_defined_in_source
HIS,HTW,H,explicit,match,not_applicable
HIS,IMP,I,explicit,match,not_applicable
HIS,IMR,I,explicit,match,not_applicable
HIS,IMS,IS,current,match,not_defined_in_source
HIS,IMT,I,explicit,match,not_applicable
HIS,IMW,I,explicit,match,not_applicable
HIS,IPR,I,explicit,match,not_applicable
HIS,IPS,IS,current,match,not_defined_in_source
HIS,IPT,I,explicit,match,not_applicable
HIS,IPW,I,explicit,match,not_applicable
HIS,IRS,IS,current,match,not_defined_in_source
HIS,IRT,I,explicit,match,not_applicable
HIS,IRW,I,explicit,match,not_applicable
HIS,IST,IS,current,match,not_defined_in_source
HIS,ISW,IS,current,match,not_defined_in_source
HIS,ITW,I,explicit,match,not_applicable
HIS,MPS,S,current,match,not_defined_in_source
HIS,MRS,S,current,match,not_defined_in_source
HIS,MST,S,current,match,not_defined_in_source
HIS,MSW,S,current,match,not_defined_in_source
HIS,PRS,S,current,match,not_defined_in_source
HIS,PST,S,current,match,not_defined_in_source
HIS,PSW,S,current,match,not_defined_in_source
HIS,RST,S,current,match,not_defined_in_source
HIS,RSW,S,current,match,not_defined_in_source
HIS,STW,S,current,match,not_defined_in_source
HIT,HIW,HI,explicit,match,not_applicable
HIT,HMP,H,explicit,match,not_applicable
HIT,HMR,H,explicit,match,not_applicable
HIT,HMS,H,explicit,match,not_applicable
HIT,HMT,HT,explicit,match,not_applicable
HIT,HMW,H,explicit,match,not_applicable
HIT,HPR,H,explicit,match,not_applicable
HIT,HPS,H,explicit,match,not_applicable
HIT,HPT,HT,explicit,match,not_applicable
HIT,HPW,H,explicit,match,not_applicable
HIT,HRS,H,explicit,match,not_applicable
HIT,HRT,HT,explicit,match,not_applicable
HIT,HRW,H,explicit,match,not_applicable
HIT,HST,HT,explicit,match,not_applicable
HIT,HSW,H,explicit,match,not_applicable
HIT,HTW,HT,explicit,match,not_applicable
HIT,IMP,I,explicit,match,not_applicable
HIT,IMR,I,explicit,match,not_applicable
HIT,IMS,I,explicit,match,not_applicable
HIT,IMT,IT,explicit,match,not_applicable
HIT,IMW,I,explicit,match,not_applicable
HIT,IPR,I,explicit,match,not_applicable
HIT,IPS,I,explicit,match,not_applicable
HIT,IPT,IT,explicit,match,not_applicable
HIT,IPW,I,explicit,match,not_applicable
HIT,IRS,I,explicit,match,not_applicable
HIT,IRT,IT,explicit,match,not_applicable
HIT,IRW,I,explicit,match,not_applicable
HIT,IST,IT,explicit,match,not_applicable
HIT,ISW,I,explicit,match,not_applicable
HIT,ITW,IT,explicit,match,not_applicable
HIT,MPT,T,explicit,match,not_applicable
HIT,MRT,T,explicit,match,not_applicable
HIT,MST,T,explicit,match,not_applicable
HIT,MTW,T,explicit,match,not_applicable
HIT,PRT,T,explicit,match,not_applicable
HIT,PST,T,explicit,match,not_applicable
HIT,PTW,T,explicit,match,not_applicable
HIT,RST,T,explicit,match,not_applicable
HIT,RTW,T,explicit,match,not_applicable
HIT,STW,T,explicit,match,not_applicable
HIW,HMP,H,explicit,match,not_applicable
HIW,HMR,H,explicit,match,not_applicable
HIW,HMS,H,explicit,match,not_applicable
HIW,HMT,H,explicit,match,not_applicable
HIW,HMW,HW,explicit,match,not_applicable
HIW,HPR,H,explicit,match,not_applicable
HIW,HPS,H,explicit,match,not_applicable
HIW,HPT,H,explicit,match,not_applicable
HIW,HPW,HW,explicit,match,not_applicable
HIW,HRS,H,explicit,match,not_applicable
HIW,HRT,H,explicit,match,not_applicable
HIW,HRW,HW,explicit,match,not_applicable
HIW,HST,H,explicit,match,not_applicable
HIW,HSW,HW,explicit,match,not_applicable
HIW,HTW,HW,explicit,match,not_applicable
HIW,IMP,I,explicit,match,not_applicable
HIW,IMR,I,explicit,match,not_applicable
HIW,IMS,I,explicit,match,not_applicable
HIW,IMT,I,explicit,match,not_applicable
HIW,IMW,IW,explicit,match,not_applicable
HIW,IPR,I,explicit,match,not_applicable
HIW,IPS,I,explicit,match,not_applicable
HIW,IPT,I,explicit,match,not_applicable
HIW,IPW,IW,explicit,match,not_applicable
HIW,IRS,I,explicit,match,not_applicable
HIW,IRT,I,explicit,match,not_applicable
HIW,IRW,IW,explicit,match,not_applicable
HIW,IST,I,explicit,match,not_applicable
HIW,ISW,IW,explicit,match,not_applicable
HIW,ITW,IW,explicit,match,not_applicable
HIW,MPW,W,explicit,match,not_applicable
HIW,MRW,W,explicit,match,not_applicable
HIW,MSW,W,explicit,match,not_applicable
HIW,MTW,W,explicit,match,not_applicable
HIW,PRW,W,explicit,match,not_applicable
HIW,PSW,W,explicit,match,not_applicable
HIW,PTW,W,explicit,match,not_applicable
HIW,RSW,W,explicit,match,not_applicable
HIW,RTW,W,explicit,match,not_applicable
HIW,STW,W,explicit,match,not_applicable
HMP,HMR,HM,current,match,not_defined_in_source
HMP,HMS,HM,current,match,not_defined_in_source
HMP,HMT,HM,current,match,not_defined_in_source
HMP,HMW,HM,current,match,not_defined_in_source
HMP,HPR,HP,explicit,match,not_applicable
HMP,HPS,HP,explicit,match,not_applicable
HMP,HPT,HP,explicit,match,not_applicable
HMP,HPW,HP,explicit,match,not_applicable
HMP,HRS,H,explicit,match,not_applicable
HMP,HRT,H,explicit,match,not_applicable
HMP,HRW,H,explicit,match,not_applicable
HMP,HST,H,explicit,match,not_applicable
HMP,HSW,H,explicit,match,not_applicable
HMP,HTW,H,explicit,match,not_applicable
HMP,IMP,MP,current,match,not_defined_in_source
HMP,IMR,M,current,match,not_defined_in_source
HMP,IMS,M,current,match,not_defined_in_source
HMP,IMT,M,current,match,not_defined_in_source
HMP,IMW,M,current,match,not_defined_in_source
HMP,IPR,P,explicit,match,not_applicable
HMP,IPS,P,explicit,match,not_applicable
HMP,IPT,P,explicit,match,not_applicable
HMP,IPW,P,explicit,match,not_applicable
HMP,MPR,MP,current,match,not_defined_in_source
HMP,MPS,MP,current,match,not_defined_in_source
HMP,MPT,MP,current,match,not_defined_in_source
HMP,MPW,MP,current,match,not_defined_in_source
HMP,MRS,M,current,match,not_defined_in_source
HMP,MRT,M,current,match,not_defined_in_source
HMP,MRW,M,current,match,not_defined_in_source
HMP,MST,M,current,match,not_defined_in_source
HMP,MSW,M,current,match,not_defined_in_source
HMP,MTW,M,current,match,not_defined_in_source
HMP,PRS,P,explicit,match,not_applicable
HMP,PRT,P,explicit,match,not_applicable
HMP,PRW,P,explicit,match,not_applicable
HMP,PST,P,explicit,match,not_applicable
HMP,PSW,P,explicit,match,not_applicable
HMP,PTW,P,explicit,match,not_applicable
HMR,HMS,HM,current,match,not_defined_in_source
HMR,HMT,HM,current,match,not_defined_in_source
HMR,HMW,HM,current,match,not_defined_in_source
HMR,HPR,HR,explicit,match,not_applicable
HMR,HPS,H,explicit,match,not_applicable
HMR,HPT,H,explicit,match,not_applicable
HMR,HPW,H,explicit,match,not_applicable
HMR,HRS,HR,explicit,match,not_applicable
HMR,HRT,HR,explicit,match,not_applicable
HMR,HRW,HR,explicit,match,not_applicable
HMR,HST,H,explicit,match,not_applicable
HMR,HSW,H,explicit,match,not_applicable
HMR,HTW,H,explicit,match,not_applicable
HMR,IMP,M,current,match,not_defined_in_source
HMR,IMR,MR,current,match,not_defined_in_source
HMR,IMS,M,current,match,not_defined_in_source
HMR,IMT,M,current,match,not_defined_in_source
HMR,IMW,M,current,match,not_defined_in_source
HMR,IPR,R,explicit,match,not_applicable
HMR,IRS,R,explicit,match,not_applicable
HMR,IRT,R,explicit,match,not_applicable
HMR,IRW,R,explicit,match,not_applicable
HMR,MPR,MR,current,match,not_defined_in_source
HMR,MPS,M,current,match,not_defined_in_source
HMR,MPT,M,current,match,not_defined_in_source
HMR,MPW,M,current,match,not_defined_in_source
HMR,MRS,MR,current,match,not_defined_in_source
HMR,MRT,MR,current,match,not_defined_in_source
HMR,MRW,MR,current,match,not_defined_in_source
HMR,MST,M,current,match,not_defined_in_source
HMR,MSW,M,current,match,not_defined_in_source
HMR,MTW,M,current,match,not_defined_in_source
HMR,PRS,R,explicit,match,not_applicable
HMR,PRT,R,explicit,match,not_applicable
HMR,PRW,R,explicit,match,not_applicable
HMR,RST,R,explicit,match,not_applicable
HMR,RSW,R,explicit,match,not_applicable
HMR,RTW,R,explicit,match,not_applicable
HMS,HMT,HM,current,match,not_defined_in_source
HMS,HMW,HM,current,match,not_defined_in_source
HMS,HPR,H,explicit,match,not_applicable
HMS,HPS,HS,current,match,not_defined_in_source
HMS,HPT,H,explicit,match,not_applicable
HMS,HPW,H,explicit,match,not_applicable
HMS,HRS,HS,current,match,not_defined_in_source
HMS,HRT,H,explicit,match,not_applicable
HMS,HRW,H,explicit,match,not_applicable
HMS,HST,HS,current,match,not_defined_in_source
HMS,HSW,HS,current,match,not_defined_in_source
HMS,HTW,H,explicit,match,not_applicable
HMS,IMP,M,current,match,not_defined_in_source
HMS,IMR,M,current,match,not_defined_in_source
HMS,IMS,MS,current,match,not_defined_in_source
HMS,IMT,M,current,match,not_defined_in_source
HMS,IMW,M,current,match,not_defined_in_source
HMS,IPS,S,current,match,not_defined_in_source
HMS,IRS,S,current,match,not_defined_in_source
HMS,IST,S,current,match,not_defined_in_source
HMS,ISW,S,current,match,not_defined_in_source
HMS,MPR,M,current,match,not_defined_in_source
HMS,MPS,MS,current,match,not_defined_in_source
HMS,MPT,M,current,match,not_defined_in_source
HMS,MPW,M,current,match,not_defined_in_source
HMS,MRS,MS,current,match,not_defined_in_source
HMS,MRT,M,current,match,not_defined_in_source
HMS,MRW,M,current,match,not_defined_in_source
HMS,MST,MS,current,match,not_defined_in_source
HMS,MSW,MS,current,match,not_defined_in_source
HMS,MTW,M,current,match,not_defined_in_source
HMS,PRS,S,current,match,not_defined_in_source
HMS,PST,S,current,match,not_defined_in_source
HMS,PSW,S,current,match,not_defined_in_source
HMS,RST,S,current,match,not_defined_in_source
HMS,RSW,S,current,match,not_defined_in_source
HMS,STW,S,current,match,not_defined_in_source
HMT,HMW,HM,current,match,not_defined_in_source
HMT,HPR,H,explicit,match,not_applicable
HMT,HPS,H,explicit,match,not_applicable
HMT,HPT,HT,explicit,match,not_applicable
HMT,HPW,H,explicit,match,not_applicable
HMT,HRS,H,explicit,match,not_applicable
HMT,HRT,HT,explicit,match,not_applicable
HMT,HRW,H,explicit,match,not_applicable
HMT,HST,HT,explicit,match,not_applicable
HMT,HSW,H,explicit,match,not_applicable
HMT,HTW,HT,explicit,match,not_applicable
HMT,IMP,M,current,match,not_defined_in_source
HMT,IMR,M,current,match,not_defined_in_source
HMT,IMS,M,current,match,not_defined_in_source
HMT,IMT,MT,current,match,not_defined_in_source
HMT,IMW,M,current,match,not_defined_in_source
HMT,IPT,T,explicit,match,not_applicable
HMT,IRT,T,explicit,match,not_applicable
HMT,IST,T,explicit,match,not_applicable
HMT,ITW,T,explicit,match,not_applicable
HMT,MPR,M,current,match,not_defined_in_source
HMT,MPS,M,current,match,not_defined_in_source
HMT,MPT,MT,current,match,not_defined_in_source
HMT,MPW,M,current,match,not_defined_in_source
HMT,MRS,M,current,match,not_defined_in_source
HMT,MRT,MT,current,match,not_defined_in_source
HMT,MRW,M,current,match,not_defined_in_source
HMT,MST,MT,current,match,not_defined_in_source
HMT,MSW,M,current,match,not_defined_in_source
HMT,MTW,MT,current,match,not_defined_in_source
HMT,PRT,T,explicit,match,not_applicable
HMT,PST,T,explicit,match,not_applicable
HMT,PTW,T,explicit,match,not_applicable
HMT,RST,T,explicit,match,not_applicable
HMT,RTW,T,explicit,match,not_applicable
HMT,STW,T,explicit,match,not_applicable
HMW,HPR,H,explicit,match,not_applicable
HMW,HPS,H,explicit,match,not_applicable
HMW,HPT,H,explicit,match,not_applicable
HMW,HPW,HW,explicit,match,not_applicable
HMW,HRS,H,explicit,match,not_applicable
HMW,HRT,H,explicit,match,not_applicable
HMW,HRW,HW,explicit,match,not_applicable
HMW,HST,H,explicit,match,not_applicable
HMW,HSW,HW,explicit,match,not_applicable
HMW,HTW,HW,explicit,match,not_applicable
HMW,IMP,M,current,match,not_defined_in_source
HMW,IMR,M,current,match,not_defined_in_source
HMW,IMS,M,current,match,not_defined_in_source
HMW,IMT,M,current,match,not_defined_in_source
HMW,IMW,MW,current,match,not_defined_in_source
HMW,IPW,W,explicit,match,not_applicable
HMW,IRW,W,explicit,match,not_applicable
HMW,ISW,W,explicit,match,not_applicable
HMW,ITW,W,explicit,match,not_applicable
HMW,MPR,M,current,match,not_defined_in_source
HMW,MPS,M,current,match,not_defined_in_source
HMW,MPT,M,current,match,not_defined_in_source
HMW,MPW,MW,current,match,not_defined_in_source
HMW,MRS,M,current,match,not_defined_in_source
HMW,MRT,M,current,match,not_defined_in_source
HMW,MRW,MW,current,match,not_defined_in_source
HMW,MST,M,current,match,not_defined_in_source
HMW,MSW,MW,current,match,not_defined_in_source
HMW,MTW,MW,current,match,not_defined_in_source
HMW,PRW,W,explicit,match,not_applicable
HMW,PSW,W,explicit,match,not_applicable
HMW,PTW,W,explicit,match,not_applicable
HMW,RSW,W,explicit,match,not_applicable
HMW,RTW,W,explicit,match,not_applicable
HMW,STW,W,explicit,match,not_applicable
HPR,HPS,HP,explicit,match,not_applicable
HPR,HPT,HP,explicit,match,not_applicable
HPR,HPW,HP,explicit,match,not_applicable
HPR,HRS,HR,explicit,match,not_applicable
HPR,HRT,HR,explicit,match,not_applicable
HPR,HRW,HR,explicit,match,not_applicable
HPR,HST,H,explicit,match,not_applicable
HPR,HSW,H,explicit,match,not_applicable
HPR,HTW,H,explicit,match,not_applicable
HPR,IMP,P,explicit,match,not_applicable
HPR,IMR,R,explicit,match,not_applicable
HPR,IPR,PR,explicit,match,not_applicable
HPR,IPS,P,explicit,match,not_applicable
HPR,IPT,P,explicit,match,not_applicable
HPR,IPW,P,explicit,match,not_applicable
HPR,IRS,R,explicit,match,not_applicable
HPR,IRT,R,explicit,match,not_applicable
HPR,IRW,R,explicit,match,not_applicable
HPR,MPR,PR,explicit,match,not_applicable
HPR,MPS,P,explicit,match,not_applicable
HPR,MPT,P,explicit,match,not_applicable
HPR,MPW,P,explicit,match,not_applicable
HPR,MRS,R,explicit,match,not_applicable
HPR,MRT,R,explicit,match,not_applicable
HPR,MRW,R,explicit,match,not_applicable
HPR,PRS,PR,explicit,match,not_applicable
HPR,PRT,PR,explicit,match,not_applicable
HPR,PRW,PR,explicit,match,not_applicable
HPR,PST,P,explicit,match,not_applicable
HPR,PSW,P,explicit,match,not_applicable
HPR,PTW,P,explicit,match,not_applicable
HPR,RST,R,explicit,match,not_applicable
HPR,RSW,R,explicit,match,not_applicable
HPR,RTW,R,explicit,match,not_applicable
HPS,HPT,HP,explicit,match,not_applicable
HPS,HPW,HP,explicit,match,not_applicable
HPS,HRS,HS,current,match,not_defined_in_source
HPS,HRT,H,explicit,match,not_applicable
HPS,HRW,H,explicit,match,not_applicable
HPS,HST,HS,current,match,not_defined_in_source
HPS,HSW,HS,current,match,not_defined_in_source
HPS,HTW,H,explicit,match,not_applicable
HPS,IMP,P,explicit,match,not_applicable
HPS,IMS,S,current,match,not_defined_in_source
HPS,IPR,P,explicit,match,not_applicable
HPS,IPS,PS,current,match,not_defined_in_source
HPS,IPT,P,explicit,match,not_applicable
HPS,IPW,P,explicit,match,not_applicable
HPS,IRS,S,current,match,not_defined_in_source
HPS,IST,S,current,match,not_defined_in_source
HPS,ISW,S,current,match,not_defined_in_source
HPS,MPR,P,explicit,match,not_applicable
HPS,MPS,PS,current,match,not_defined_in_source
HPS,MPT,P,explicit,match,not_applicable
HPS,MPW,P,explicit,match,not_applicable
HPS,MRS,S,current,match,not_defined_in_source
HPS,MST,S,current,match,not_defined_in_source
HPS,MSW,S,current,match,not_defined_in_source
HPS,PRS,PS,current,match,not_defined_in_source
HPS,PRT,P,explicit,match,not_applicable
HPS,PRW,P,explicit,match,not_applicable
HPS,PST,PS,current,match,not_defined_in_source
HPS,PSW,PS,current,match,not_defined_in_source
HPS,PTW,P,explicit,match,not_applicable
HPS,RST,S,current,match,not_defined_in_source
HPS,RSW,S,current,match,not_defined_in_source
HPS,STW,S,current,match,not_defined_in_source
HPT,HPW,HP,explicit,match,not_applicable
HPT,HRS,H,explicit,match,not_applicable
HPT,HRT,HT,explicit,match,not_applicable
HPT,HRW,H,explicit,match,not_applicable
HPT,HST,HT,explicit,match,not_applicable
HPT,HSW,H,explicit,match,not_applicable
HPT,HTW,HT,explicit,match,not_applicable
HPT,IMP,P,explicit,match,not_applicable
HPT,IMT,T,explicit,match,not_applicable
HPT,IPR,P,explicit,match,not_applicable
HPT,IPS,P,explicit,match,not_applicable
HPT,IPT,PT,explicit,match,not_applicable
HPT,IPW,P,explicit,match,not_applicable
HPT,IRT,T,explicit,match,not_applicable
HPT,IST,T,explicit,match,not_applicable
HPT,ITW,T,explicit,match,not_applicable
HPT,MPR,P,explicit,match,not_applicable
HPT,MPS,P,explicit,match,not_applicable
HPT,MPT,PT,explicit,match,not_applicable
HPT,MPW,P,explicit,match,not_applicable
HPT,MRT,T,explicit,match,not_applicable
HPT,MST,T,explicit,match,not_applicable
HPT,MTW,T,explicit,match,not_applicable
HPT,PRS,P,explicit,match,not_applicable
HPT,PRT,PT,explicit,match,not_applicable
HPT,PRW,P,explicit,match,not_applicable
HPT,PST,PT,explicit,match,not_applicable
HPT,PSW,P,explicit,match,not_applicable
HPT,PTW,PT,explicit,match,not_applicable
HPT,RST,T,explicit,match,not_applicable
HPT,RTW,T,explicit,match,not_applicable
HPT,STW,T,explicit,match,not_applicable
HPW,HRS,H,explicit,match,not_applicable
HPW,HRT,H,explicit,match,not_applicable
HPW,HRW,HW,explicit,match,not_applicable
HPW,HST,H,explicit,match,not_applicable
HPW,HSW,HW,explicit,match,not_applicable
HPW,HTW,HW,explicit,match,not_applicable
HPW,IMP,P,explicit,match,not_applicable
HPW,IMW,W,explicit,match,not_applicable
HPW,IPR,P,explicit,match,not_applicable
HPW,IPS,P,explicit,match,not_applicable
HPW,IPT,P,explicit,match,not_applicable
HPW,IPW,PW,explicit,match,not_applicable
HPW,IRW,W,explicit,match,not_applicable
HPW,ISW,W,explicit,match,not_applicable
HPW,ITW,W,explicit,match,not_applicable
HPW,MPR,P,explicit,match,not_applicable
HPW,MPS,P,explicit,match,not_applicable
HPW,MPT,P,explicit,match,not_applicable
HPW,MPW,PW,explicit,match,not_applicable
HPW,MRW,W,explicit,match,not_applicable
HPW,MSW,W,explicit,match,not_applicable
HPW,MTW,W,explicit,match,not_applicable
HPW,PRS,P,explicit,match,not_applicable
HPW,PRT,P,explicit,match,not_applicable
HPW,PRW,PW,explicit,match,not_applicable
HPW,PST,P,explicit,match,not_applicable
HPW,PSW,PW,explicit,match,not_applicable
HPW,PTW,PW,explicit,match,not_applicable
HPW,RSW,W,explicit,match,not_applicable
HPW,RTW,W,explicit,match,not_applicable
HPW,STW,W,explicit,match,not_applicable
HRS,HRT,HR,explicit,match,not_applicable
HRS,HRW,HR,explicit,match,not_applicable
HRS,HST,HS,current,match,not_defined_in_source
HRS,HSW,HS,current,match,not_defined_in_source
HRS,HTW,H,explicit,match,not_applicable
HRS,IMR,R,explicit,match,not_applicable
HRS,IMS,S,current,match,not_defined_in_source
HRS,IPR,R,explicit,match,not_applicable
HRS,IPS,S,current,match,not_defined_in_source
HRS,IRS,RS,current,match,not_defined_in_source
HRS,IRT,R,explicit,match,not_applicable
HRS,IRW,R,explicit,match,not_applicable
HRS,IST,S,current,match,not_defined_in_source
HRS,ISW,S,current,match,not_defined_in_source
HRS,MPR,R,explicit,match,not_applicable
HRS,MPS,S,current,match,not_defined_in_source
HRS,MRS,RS,current,match,not_defined_in_source
HRS,MRT,R,explicit,match,not_applicable
HRS,MRW,R,explicit,match,not_applicable
HRS,MST,S,current,match,not_defined_in_source
HRS,MSW,S,current,match,not_defined_in_source
HRS,PRS,RS,current,match,not_defined_in_source
HRS,PRT,R,explicit,match,not_applicable
HRS,PRW,R,explicit,match,not_applicable
HRS,PST,S,current,match,not_defined_in_source
HRS,PSW,S,current,match,not_defined_in_source
HRS,RST,RS,current,match,not_defined_in_source
HRS,RSW,RS,current,match,not_defined_in_source
HRS,RTW,R,explicit,match,not_applicable
HRS,STW,S,current,match,not_defined_in_source
HRT,HRW,HR,explicit,match,not_applicable
HRT,HST,HT,explicit,match,not_applicable
HRT,HSW,H,explicit,match,not_applicable
HRT,HTW,HT,explicit,match,not_applicable
HRT,IMR,R,explicit,match,not_applicable
HRT,IMT,T,explicit,match,not_applicable
HRT,IPR,R,explicit,match,not_applicable
HRT,IPT,T,explicit,match,not_applicable
HRT,IRS,R,explicit,match,not_applicable
HRT,IRT,RT,explicit,match,not_applicable
HRT,IRW,R,explicit,match,not_applicable
HRT,IST,T,explicit,match,not_applicable
HRT,ITW,T,explicit,match,not_applicable
HRT,MPR,R,explicit,match,not_applicable
HRT,MPT,T,explicit,match,not_applicable
HRT,MRS,R,explicit,match,not_applicable
HRT,MRT,RT,explicit,match,not_applicable
HRT,MRW,R,explicit,match,not_applicable
HRT,MST,T,explicit,match,not_applicable
HRT,MTW,T,explicit,match,not_applicable
HRT,PRS,R,explicit,match,not_applicable
HRT,PRT,RT,explicit,match,not_applicable
HRT,PRW,R,explicit,match,not_applicable
HRT,PST,T,explicit,match,not_applicable
HRT,PTW,T,explicit,match,not_applicable
HRT,RST,RT,explicit,match,not_applicable
HRT,RSW,R,explicit,match,not_applicable
HRT,RTW,RT,explicit,match,not_applicable
HRT,STW,T,explicit,match,not_applicable
HRW,HST,H,explicit,match,not_applicable
HRW,HSW,HW,explicit,match,not_applicable
HRW,HTW,HW,explicit,match,not_applicable
HRW,IMR,R,explicit,match,not_applicable
HRW,IMW,W,explicit,match,not_applicable
HRW,IPR,R,explicit,match,not_applicable
HRW,IPW,W,explicit,match,not_applicable
HRW,IRS,R,explicit,match,not_applicable
HRW,IRT,R,explicit,match,not_applicable
HRW,IRW,RW,explicit,match,not_applicable
HRW,ISW,W,explicit,match,not_applicable
HRW,ITW,W,explicit,match,not_applicable
HRW,MPR,R,explicit,match,not_applicable
HRW,MPW,W,explicit,match,not_applicable
HRW,MRS,R,explicit,match,not_applicable
HRW,MRT,R,explicit,match,not_applicable
HRW,MRW,RW,explicit,match,not_applicable
HRW,MSW,W,explicit,match,not_applicable
HRW,MTW,W,explicit,match,not_applicable
HRW,PRS,R,explicit,match,not_applicable
HRW,PRT,R,explicit,match,not_applicable
HRW,PRW,RW,explicit,match,not_applicable
HRW,PSW,W,explicit,match,not_applicable
HRW,PTW,W,explicit,match,not_applicable
HRW,RST,R,explicit,match,not_applicable
HRW,RSW,RW,explicit,match,not_applicable
HRW,RTW,RW,explicit,match,not_applicable
HRW,STW,W,explicit,match,not_applicable
HST,HSW,HS,current,match,not_defined_in_source
HST,HTW,HT,explicit,match,not_applicable
HST,IMS,S,current,match,not_defined_in_source
HST,IMT,T,explicit,match,not_applicable
HST,IPS,S,current,match,not_defined_in_source
HST,IPT,T,explicit,match,not_applicable
HST,IRS,S,current,match,not_defined_in_source
HST,IRT,T,explicit,match,not_applicable
HST,IST,ST,current,match,not_defined_in_source
HST,ISW,S,current,match,not_defined_in_source
HST,ITW,T,explicit,match,not_applicable
HST,MPS,S,current,match,not_defined_in_source
HST,MPT,T,explicit,match,not_applicable
HST,MRS,S,current,match,not_defined_in_source
HST,MRT,T,explicit,match,not_applicable
HST,MST,ST,current,match,not_defined_in_source
HST,MSW,S,current,match,not_defined_in_source
HST,MTW,T,explicit,match,not_applicable
HST,PRS,S,current,match,not_defined_in_source
HST,PRT,T,explicit,match,not_applicable
HST,PST,ST,current,match,not_defined_in_source
HST,PSW,S,current,match,not_defined_in_source
HST,PTW,T,explicit,match,not_applicable
HST,RST,ST,current,match,not_defined_in_source
HST,RSW,S,current,match,not_defined_in_source
HST,RTW,T,explicit,match,not_applicable
HST,STW,ST,current,match,not_defined_in_source
HSW,HTW,HW,explicit,match,not_applicable
HSW,IMS,S,current,match,not_defined_in_source
HSW,IMW,W,explicit,match,not_applicable
HSW,IPS,S,current,match,not_defined_in_source
HSW,IPW,W,explicit,match,not_applicable
HSW,IRS,S,current,match,not_defined_in_source
HSW,IRW,W,explicit,match,not_applicable
HSW,IST,S,current,match,not_defined_in_source
HSW,ISW,SW,current,match,not_defined_in_source
HSW,ITW,W,explicit,match,not_applicable
HSW,MPS,S,current,match,not_defined_in_source
HSW,MPW,W,explicit,match,not_applicable
HSW,MRS,S,current,match,not_defined_in_source
HSW,MRW,W,explicit,match,not_applicable
HSW,MST,S,current,match,not_defined_in_source
HSW,MSW,SW,current,match,not_defined_in_source
HSW,MTW,W,explicit,match,not_applicable
HSW,PRS,S,current,match,not_defined_in_source
HSW,PRW,W,explicit,match,not_applicable
HSW,PST,S,current,match,not_defined_in_source
HSW,PSW,SW,current,match,not_defined_in_source
HSW,PTW,W,explicit,match,not_applicable
HSW,RST,S,current,match,not_defined_in_source
HSW,RSW,SW,current,match,not_defined_in_source
HSW,RTW,W,explicit,match,not_applicable
HSW,STW,SW,current,match,not_defined_in_source
HTW,IMT,T,explicit,match,not_applicable
HTW,IMW,W,explicit,match,not_applicable
HTW,IPT,T,explicit,match,not_applicable
HTW,IPW,W,explicit,match,not_applicable
HTW,IRT,T,explicit,match,not_applicable
HTW,IRW,W,explicit,match,not_applicable
HTW,IST,T,explicit,match,not_applicable
HTW,ISW,W,explicit,match,not_applicable
HTW,ITW,TW,explicit,match,not_applicable
HTW,MPT,T,explicit,match,not_applicable
HTW,MPW,W,explicit,match,not_applicable
HTW,MRT,T,explicit,match,not_applicable
HTW,MRW,W,explicit,match,not_applicable
HTW,MST,T,explicit,match,not_applicable
HTW,MSW,W,explicit,match,not_applicable
HTW,MTW,TW,explicit,match,not_applicable
HTW,PRT,T,explicit,match,not_applicable
HTW,PRW,W,explicit,match,not_applicable
HTW,PST,T,explicit,match,not_applicable
HTW,PSW,W,explicit,match,not_applicable
HTW,PTW,TW,explicit,match,not_applicable
HTW,RST,T,explicit,match,not_applicable
HTW,RSW,W,explicit,match,not_applicable
HTW,RTW,TW,explicit,match,not_applicable
HTW,STW,TW,explicit,match,not_applicable
IMP,IMR,IM,current,match,not_defined_in_source
IMP,IMS,IM,current,match,not_defined_in_source
IMP,IMT,IM,current,match,not_defined_in_source
IMP,IMW,IM,current,match,not_defined_in_source
IMP,IPR,IP,explicit,match,not_applicable
IMP,IPS,IP,explicit,match,not_applicable
IMP,IPT,IP,explicit,match,not_applicable
IMP,IPW,IP,explicit,match,not_applicable
IMP,IRS,I,explicit,match,not_applicable
IMP,IRT,I,explicit,match,not_applicable
IMP,IRW,I,explicit,match,not_applicable
IMP,IST,I,explicit,match,not_applicable
IMP,ISW,I,explicit,match,not_applicable
IMP,ITW,I,explicit,match,not_applicable
IMP,MPR,MP,current,match,not_defined_in_source
IMP,MPS,MP,current,match,not_defined_in_source
IMP,MPT,MP,current,match,not_defined_in_source
IMP,MPW,MP,current,match,not_defined_in_source
IMP,MRS,M,current,match,not_defined_in_source
IMP,MRT,M,current,match,not_defined_in_source
IMP,MRW,M,current,match,not_defined_in_source
IMP,MST,M,current,match,not_defined_in_source
IMP,MSW,M,current,match,not_defined_in_source
IMP,MTW,M,current,match,not_defined_in_source
IMP,PRS,P,explicit,match,not_applicable
IMP,PRT,P,explicit,match,not_applicable
IMP,PRW,P,explicit,match,not_applicable
IMP,PST,P,explicit,match,not_applicable
IMP,PSW,P,explicit,match,not_applicable
IMP,PTW,P,explicit,match,not_applicable
IMR,IMS,IM,current,match,not_defined_in_source
IMR,IMT,IM,current,match,not_defined_in_source
IMR,IMW,IM,current,match,not_defined_in_source
IMR,IPR,IR,explicit,match,not_applicable
IMR,IPS,I,explicit,match,not_applicable
IMR,IPT,I,explicit,match,not_applicable
IMR,IPW,I,explicit,match,not_applicable
IMR,IRS,IR,explicit,match,not_applicable
IMR,IRT,IR,explicit,match,not_applicable
IMR,IRW,IR,explicit,match,not_applicable
IMR,IST,I,explicit,match,not_applicable
IMR,ISW,I,explicit,match,not_applicable
IMR,ITW,I,explicit,match,not_applicable
IMR,MPR,MR,current,match,not_defined_in_source
IMR,MPS,M,current,match,not_defined_in_source
IMR,MPT,M,current,match,not_defined_in_source
IMR,MPW,M,current,match,not_defined_in_source
IMR,MRS,MR,current,match,not_defined_in_source
IMR,MRT,MR,current,match,not_defined_in_source
IMR,MRW,MR,current,match,not_defined_in_source
IMR,MST,M,current,match,not_defined_in_source
IMR,MSW,M,current,match,not_defined_in_source
IMR,MTW,M,current,match,not_defined_in_source
IMR,PRS,R,explicit,match,not_applicable
IMR,PRT,R,explicit,match,not_applicable
IMR,PRW,R,explicit,match,not_applicable
IMR,RST,R,explicit,match,not_applicable
IMR,RSW,R,explicit,match,not_applicable
IMR,RTW,R,explicit,match,not_applicable
IMS,IMT,IM,current,match,not_defined_in_source
IMS,IMW,IM,current,match,not_defined_in_source
IMS,IPR,I,explicit,match,not_applicable
IMS,IPS,IS,current,match,not_defined_in_source
IMS,IPT,I,explicit,match,not_applicable
IMS,IPW,I,explicit,match,not_applicable
IMS,IRS,IS,current,match,not_defined_in_source
IMS,IRT,I,explicit,match,not_applicable
IMS,IRW,I,explicit,match,not_applicable
IMS,IST,IS,current,match,not_defined_in_source
IMS,ISW,IS,current,match,not_defined_in_source
IMS,ITW,I,explicit,match,not_applicable
IMS,MPR,M,current,match,not_defined_in_source
IMS,MPS,MS,current,match,not_defined_in_source
IMS,MPT,M,current,match,not_defined_in_source
IMS,MPW,M,current,match,not_defined_in_source
IMS,MRS,MS,current,match,not_defined_in_source
IMS,MRT,M,current,match,not_defined_in_source
IMS,MRW,M,current,match,not_defined_in_source
IMS,MST,MS,current,match,not_defined_in_source
IMS,MSW,MS,current,match,not_defined_in_source
IMS,MTW,M,current,match,not_defined_in_source
IMS,PRS,S,current,match,not_defined_in_source
IMS,PST,S,current,match,not_defined_in_source
IMS,PSW,S,current,match,not_defined_in_source
IMS,RST,S,current,match,not_defined_in_source
IMS,RSW,S,current,match,not_defined_in_source
IMS,STW,S,current,match,not_defined_in_source
IMT,IMW,IM,current,match,not_defined_in_source
IMT,IPR,I,explicit,match,not_applicable
IMT,IPS,I,explicit,match,not_applicable
IMT,IPT,IT,explicit,match,not_applicable
IMT,IPW,I,explicit,match,not_applicable
IMT,IRS,I,explicit,match,not_applicable
IMT,IRT,IT,explicit,match,not_applicable
IMT,IRW,I,explicit,match,not_applicable
IMT,IST,IT,explicit,match,not_applicable
IMT,ISW,I,explicit,match,not_applicable
IMT,ITW,IT,explicit,match,not_applicable
IMT,MPR,M,current,match,not_defined_in_source
IMT,MPS,M,current,match,not_defined_in_source
IMT,MPT,MT,current,match,not_defined_in_source
IMT,MPW,M,current,match,not_defined_in_source
IMT,MRS,M,current,match,not_defined_in_source
IMT,MRT,MT,current,match,not_defined_in_source
IMT,MRW,M,current,match,not_defined_in_source
IMT,MST,MT,current,match,not_defined_in_source
IMT,MSW,M,current,match,not_defined_in_source
IMT,MTW,MT,current,match,not_defined_in_source
IMT,PRT,T,explicit,match,not_applicable
IMT,PST,T,explicit,match,not_applicable
IMT,PTW,T,explicit,match,not_applicable
IMT,RST,T,explicit,match,not_applicable
IMT,RTW,T,explicit,match,not_applicable
IMT,STW,T,explicit,match,not_applicable
IMW,IPR,I,explicit,match,not_applicable
IMW,IPS,I,explicit,match,not_applicable
IMW,IPT,I,explicit,match,not_applicable
IMW,IPW,IW,explicit,match,not_applicable
IMW,IRS,I,explicit,match,not_applicable
IMW,IRT,I,explicit,match,not_applicable
IMW,IRW,IW,explicit,match,not_applicable
IMW,IST,I,explicit,match,not_applicable
IMW,ISW,IW,explicit,match,not_applicable
IMW,ITW,IW,explicit,match,not_applicable
IMW,MPR,M,current,match,not_defined_in_source
IMW,MPS,M,current,match,not_defined_in_source
IMW,MPT,M,current,match,not_defined_in_source
IMW,MPW,MW,current,match,not_defined_in_source
IMW,MRS,M,current,match,not_defined_in_source
IMW,MRT,M,current,match,not_defined_in_source
IMW,MRW,MW,current,match,not_defined_in_source
IMW,MST,M,current,match,not_defined_in_source
IMW,MSW,MW,current,match,not_defined_in_source
IMW,MTW,MW,current,match,not_defined_in_source
IMW,PRW,W,explicit,match,not_applicable
IMW,PSW,W,explicit,match,not_applicable
IMW,PTW,W,explicit,match,not_applicable
IMW,RSW,W,explicit,match,not_applicable
IMW,RTW,W,explicit,match,not_applicable
IMW,STW,W,explicit,match,not_applicable
IPR,IPS,IP,explicit,match,not_applicable
IPR,IPT,IP,explicit,match,not_applicable
IPR,IPW,IP,explicit,match,not_applicable
IPR,IRS,IR,explicit,match,not_applicable
IPR,IRT,IR,explicit,match,not_applicable
IPR,IRW,IR,explicit,match,not_applicable
IPR,IST,I,explicit,match,not_applicable
IPR,ISW,I,explicit,match,not_applicable
IPR,ITW,I,explicit,match,not_applicable
IPR,MPR,PR,explicit,match,not_applicable
IPR,MPS,P,explicit,match,not_applicable
IPR,MPT,P,explicit,match,not_applicable
IPR,MPW,P,explicit,match,not_applicable
IPR,MRS,R,explicit,match,not_applicable
IPR,MRT,R,explicit,match,not_applicable
IPR,MRW,R,explicit,match,not_applicable
IPR,PRS,PR,explicit,match,not_applicable
IPR,PRT,PR,explicit,match,not_applicable
IPR,PRW,PR,explicit,match,not_applicable
IPR,PST,P,explicit,match,not_applicable
IPR,PSW,P,explicit,match,not_applicable
IPR,PTW,P,explicit,match,not_applicable
IPR,RST,R,explicit,match,not_applicable
IPR,RSW,R,explicit,match,not_applicable
IPR,RTW,R,explicit,match,not_applicable
IPS,IPT,IP,explicit,match,not_applicable
IPS,IPW,IP,explicit,match,not_applicable
IPS,IRS,IS,current,match,not_defined_in_source
IPS,IRT,I,explicit,match,not_applicable
IPS,IRW,I,explicit,match,not_applicable
IPS,IST,IS,current,match,not_defined_in_source
IPS,ISW,IS,current,match,not_defined_in_source
IPS,ITW,I,explicit,match,not_applicable
IPS,MPR,P,explicit,match,not_applicable
IPS,MPS,PS,current,match,not_defined_in_source
IPS,MPT,P,explicit,match,not_applicable
IPS,MPW,P,explicit,match,not_applicable
IPS,MRS,S,current,match,not_defined_in_source
IPS,MST,S,current,match,not_defined_in_source
IPS,MSW,S,current,match,not_defined_in_source
IPS,PRS,PS,current,match,not_defined_in_source
IPS,PRT,P,explicit,match,not_applicable
IPS,PRW,P,explicit,match,not_applicable
IPS,PST,PS,current,match,not_defined_in_source
IPS,PSW,PS,current,match,not_defined_in_source
IPS,PTW,P,explicit,match,not_applicable
IPS,RST,S,current,match,not_defined_in_source
IPS,RSW,S,current,match,not_defined_in_source
IPS,STW,S,current,match,not_defined_in_source
IPT,IPW,IP,explicit,match,not_applicable
IPT,IRS,I,explicit,match,not_applicable
IPT,IRT,IT,explicit,match,not_applicable
IPT,IRW,I,explicit,match,not_applicable
IPT,IST,IT,explicit,match,not_applicable
IPT,ISW,I,explicit,match,not_applicable
IPT,ITW,IT,explicit,match,not_applicable
IPT,MPR,P,explicit,match,not_applicable
IPT,MPS,P,explicit,match,not_applicable
IPT,MPT,PT,explicit,match,not_applicable
IPT,MPW,P,explicit,match,not_applicable
IPT,MRT,T,explicit,match,not_applicable
IPT,MST,T,explicit,match,not_applicable
IPT,MTW,T,explicit,match,not_applicable
IPT,PRS,P,explicit,match,not_applicable
IPT,PRT,PT,explicit,match,not_applicable
IPT,PRW,P,explicit,match,not_applicable
IPT,PST,PT,explicit,match,not_applicable
IPT,PSW,P,explicit,match,not_applicable
IPT,PTW,PT,explicit,match,not_applicable
IPT,RST,T,explicit,match,not_applicable
IPT,RTW,T,explicit,match,not_applicable
IPT,STW,T,explicit,match,not_applicable
IPW,IRS,I,explicit,match,not_applicable
IPW,IRT,I,explicit,match,not_applicable
IPW,IRW,IW,explicit,match,not_applicable
IPW,IST,I,explicit,match,not_applicable
IPW,ISW,IW,explicit,match,not_applicable
IPW,ITW,IW,explicit,match,not_applicable
IPW,MPR,P,explicit,match,not_applicable
IPW,MPS,P,explicit,match,not_applicable
IPW,MPT,P,explicit,match,not_applicable
IPW,MPW,PW,explicit,match,not_applicable
IPW,MRW,W,explicit,match,not_applicable
IPW,MSW,W,explicit,match,not_applicable
IPW,MTW,W,explicit,match,not_applicable
IPW,PRS,P,explicit,match,not_applicable
IPW,PRT,P,explicit,match,not_applicable
IPW,PRW,PW,explicit,match,not_applicable
IPW,PST,P,explicit,match,not_applicable
IPW,PSW,PW,explicit,match,not_applicable
IPW,PTW,PW,explicit,match,not_applicable
IPW,RSW,W,explicit,match,not_applicable
IPW,RTW,W,explicit,match,not_applicable
IPW,STW,W,explicit,match,not_applicable
IRS,IRT,IR,explicit,match,not_applicable
IRS,IRW,IR,explicit,match,not_applicable
IRS,IST,IS,current,match,not_defined_in_source
IRS,ISW,IS,current,match,not_defined_in_source
IRS,ITW,I,explicit,match,not_applicable
IRS,MPR,R,explicit,match,not_applicable
IRS,MPS,S,current,match,not_defined_in_source
IRS,MRS,RS,current,match,not_defined_in_source
IRS,MRT,R,explicit,match,not_applicable
IRS,MRW,R,explicit,match,not_applicable
IRS,MST,S,current,match,not_defined_in_source
IRS,MSW,S,current,match,not_defined_in_source
IRS,PRS,RS,current,match,not_defined_in_source
IRS,PRT,R,explicit,match,not_applicable
IRS,PRW,R,explicit,match,not_applicable
IRS,PST,S,current,match,not_defined_in_source
IRS,PSW,S,current,match,not_defined_in_source
IRS,RST,RS,current,match,not_defined_in_source
IRS,RSW,RS,current,match,not_defined_in_source
IRS,RTW,R,explicit,match,not_applicable
IRS,STW,S,current,match,not_defined_in_source
IRT,IRW,IR,explicit,match,not_applicable
IRT,IST,IT,explicit,match,not_applicable
IRT,ISW,I,explicit,match,not_applicable
IRT,ITW,IT,explicit,match,not_applicable
IRT,MPR,R,explicit,match,not_applicable
IRT,MPT,T,explicit,match,not_applicable
IRT,MRS,R,explicit,match,not_applicable
IRT,MRT,RT,explicit,match,not_applicable
IRT,MRW,R,explicit,match,not_applicable
IRT,MST,T,explicit,match,not_applicable
IRT,MTW,T,explicit,match,not_applicable
IRT,PRS,R,explicit,match,not_applicable
IRT,PRT,RT,explicit,match,not_applicable
IRT,PRW,R,explicit,match,not_applicable
IRT,PST,T,explicit,match,not_applicable
IRT,PTW,T,explicit,match,not_applicable
IRT,RST,RT,explicit,match,not_applicable
IRT,RSW,R,explicit,match,not_applicable
IRT,RTW,RT,explicit,match,not_applicable
IRT,STW,T,explicit,match,not_applicable
IRW,IST,I,explicit,match,not_applicable
IRW,ISW,IW,explicit,match,not_applicable
IRW,ITW,IW,explicit,match,not_applicable
IRW,MPR,R,explicit,match,not_applicable
IRW,MPW,W,explicit,match,not_applicable
IRW,MRS,R,explicit,match,not_applicable
IRW,MRT,R,explicit,match,not_applicable
IRW,MRW,RW,explicit,match,not_applicable
IRW,MSW,W,explicit,match,not_applicable
IRW,MTW,W,explicit,match,not_applicable
IRW,PRS,R,explicit,match,not_applicable
IRW,PRT,R,explicit,match,not_applicable
IRW,PRW,RW,explicit,match,not_applicable
IRW,PSW,W,explicit,match,not_applicable
IRW,PTW,W,explicit,match,not_applicable
IRW,RST,R,explicit,match,not_applicable
IRW,RSW,RW,explicit,match,not_applicable
IRW,RTW,RW,explicit,match,not_applicable
IRW,STW,W,explicit,match,not_applicable
IST,ISW,IS,current,match,not_defined_in_source
IST,ITW,IT,explicit,match,not_applicable
IST,MPS,S,current,match,not_defined_in_source
IST,MPT,T,explicit,match,not_applicable
IST,MRS,S,current,match,not_defined_in_source
IST,MRT,T,explicit,match,not_applicable
IST,MST,ST,current,match,not_defined_in_source
IST,MSW,S,current,match,not_defined_in_source
IST,MTW,T,explicit,match,not_applicable
IST,PRS,S,current,match,not_defined_in_source
IST,PRT,T,explicit,match,not_applicable
IST,PST,ST,current,match,not_defined_in_source
IST,PSW,S,current,match,not_defined_in_source
IST,PTW,T,explicit,match,not_applicable
IST,RST,ST,current,match,not_defined_in_source
IST,RSW,S,current,match,not_defined_in_source
IST,RTW,T,explicit,match,not_applicable
IST,STW,ST,current,match,not_defined_in_source
ISW,ITW,IW,explicit,match,not_applicable
ISW,MPS,S,current,match,not_defined_in_source
ISW,MPW,W,explicit,match,not_applicable
ISW,MRS,S,current,match,not_defined_in_source
ISW,MRW,W,explicit,match,not_applicable
ISW,MST,S,current,match,not_defined_in_source
ISW,MSW,SW,current,match,not_defined_in_source
ISW,MTW,W,explicit,match,not_applicable
ISW,PRS,S,current,match,not_defined_in_source
ISW,PRW,W,explicit,match,not_applicable
ISW,PST,S,current,match,not_defined_in_source
ISW,PSW,SW,current,match,not_defined_in_source
ISW,PTW,W,explicit,match,not_applicable
ISW,RST,S,current,match,not_defined_in_source
ISW,RSW,SW,current,match,not_defined_in_source
ISW,RTW,W,explicit,match,not_applicable
ISW,STW,SW,current,match,not_defined_in_source
ITW,MPT,T,explicit,match,not_applicable
ITW,MPW,W,explicit,match,not_applicable
ITW,MRT,T,explicit,match,not_applicable
ITW,MRW,W,explicit,match,not_applicable
ITW,MST,T,explicit,match,not_applicable
ITW,MSW,W,explicit,match,not_applicable
ITW,MTW,TW,explicit,match,not_applicable
ITW,PRT,T,explicit,match,not_applicable
ITW,PRW,W,explicit,match,not_applicable
ITW,PST,T,explicit,match,not_applicable
ITW,PSW,W,explicit,match,not_applicable
ITW,PTW,TW,explicit,match,not_applicable
ITW,RST,T,explicit,match,not_applicable
ITW,RSW,W,explicit,match,not_applicable
ITW,RTW,TW,explicit,match,not_applicable
ITW,STW,TW,explicit,match,not_applicable
MPR,MPS,MP,current,match,not_defined_in_source
MPR,MPT,MP,current,match,not_defined_in_source
MPR,MPW,MP,current,match,not_defined_in_source
MPR,MRS,MR,current,match,not_defined_in_source
MPR,MRT,MR,current,match,not_defined_in_source
MPR,MRW,MR,current,match,not_defined_in_source
MPR,MST,M,current,match,not_defined_in_source
MPR,MSW,M,current,match,not_defined_in_source
MPR,MTW,M,current,match,not_defined_in_source
MPR,PRS,PR,explicit,match,not_applicable
MPR,PRT,PR,explicit,match,not_applicable
MPR,PRW,PR,explicit,match,not_applicable
MPR,PST,P,explicit,match,not_applicable
MPR,PSW,P,explicit,match,not_applicable
MPR,PTW,P,explicit,match,not_applicable
MPR,RST,R,explicit,match,not_applicable
MPR,RSW,R,explicit,match,not_applicable
MPR,RTW,R,explicit,match,not_applicable
MPS,MPT,MP,current,match,not_defined_in_source
MPS,MPW,MP,current,match,not_defined_in_source
MPS,MRS,MS,current,match,not_defined_in_source
MPS,MRT,M,current,match,not_defined_in_source
MPS,MRW,M,current,match,not_defined_in_source
MPS,MST,MS,current,match,not_defined_in_source
MPS,MSW,MS,current,match,not_defined_in_source
MPS,MTW,M,current,match,not_defined_in_source
MPS,PRS,PS,current,match,not_defined_in_source
MPS,PRT,P,explicit,match,not_applicable
MPS,PRW,P,explicit,match,not_applicable
MPS,PST,PS,current,match,not_defined_in_source
MPS,PSW,PS,current,match,not_defined_in_source
MPS,PTW,P,explicit,match,not_applicable
MPS,RST,S,current,match,not_defined_in_source
MPS,RSW,S,current,match,not_defined_in_source
MPS,STW,S,current,match,not_defined_in_source
MPT,MPW,MP,current,match,not_defined_in_source
MPT,MRS,M,current,match,not_defined_in_source
MPT,MRT,MT,current,match,not_defined_in_source
MPT,MRW,M,current,match,not_defined_in_source
MPT,MST,MT,current,match,not_defined_in_source
MPT,MSW,M,current,match,not_defined_in_source
MPT,MTW,MT,current,match,not_defined_in_source
MPT,PRS,P,explicit,match,not_applicable
MPT,PRT,PT,explicit,match,not_applicable
MPT,PRW,P,explicit,match,not_applicable
MPT,PST,PT,explicit,match,not_applicable
MPT,PSW,P,explicit,match,not_applicable
MPT,PTW,PT,explicit,match,not_applicable
MPT,RST,T,explicit,match,not_applicable
MPT,RTW,T,explicit,match,not_applicable
MPT,STW,T,explicit,match,not_applicable
MPW,MRS,M,current,match,not_defined_in_source
MPW,MRT,M,current,match,not_defined_in_source
MPW,MRW,MW,current,match,not_defined_in_source
MPW,MST,M,current,match,not_defined_in_source
MPW,MSW,MW,current,match,not_defined_in_source
MPW,MTW,MW,current,match,not_defined_in_source
MPW,PRS,P,explicit,match,not_applicable
MPW,PRT,P,explicit,match,not_applicable
MPW,PRW,PW,explicit,match,not_applicable
MPW,PST,P,explicit,match,not_applicable
MPW,PSW,PW,explicit,match,not_applicable
MPW,PTW,PW,explicit,match,not_applicable
MPW,RSW,W,explicit,match,not_applicable
MPW,RTW,W,explicit,match,not_applicable
MPW,STW,W,explicit,match,not_applicable
MRS,MRT,MR,current,match,not_defined_in_source
MRS,MRW,MR,current,match,not_defined_in_source
MRS,MST,MS,current,match,not_defined_in_source
MRS,MSW,MS,current,match,not_defined_in_source
MRS,MTW,M,current,match,not_defined_in_source
MRS,PRS,RS,current,match,not_defined_in_source
MRS,PRT,R,explicit,match,not_applicable
MRS,PRW,R,explicit,match,not_applicable
MRS,PST,S,current,match,not_defined_in_source
MRS,PSW,S,current,match,not_defined_in_source
MRS,RST,RS,current,match,not_defined_in_source
MRS,RSW,RS,current,match,not_defined_in_source
MRS,RTW,R,explicit,match,not_applicable
MRS,STW,S,current,match,not_defined_in_source
MRT,MRW,MR,current,match,not_defined_in_source
MRT,MST,MT,current,match,not_defined_in_source
MRT,MSW,M,current,match,not_defined_in_source
MRT,MTW,MT,current,match,not_defined_in_source
MRT,PRS,R,explicit,match,not_applicable
MRT,PRT,RT,explicit,match,not_applicable
MRT,PRW,R,explicit,match,not_applicable
MRT,PST,T,explicit,match,not_applicable
MRT,PTW,T,explicit,match,not_applicable
MRT,RST,RT,explicit,match,not_applicable
MRT,RSW,R,explicit,match,not_applicable
MRT,RTW,RT,explicit,match,not_applicable
MRT,STW,T,explicit,match,not_applicable
MRW,MST,M,current,match,not_defined_in_source
MRW,MSW,MW,current,match,not_defined_in_source
MRW,MTW,MW,current,match,not_defined_in_source
MRW,PRS,R,explicit,match,not_applicable
MRW,PRT,R,explicit,match,not_applicable
MRW,PRW,RW,explicit,match,not_applicable
MRW,PSW,W,explicit,match,not_applicable
MRW,PTW,W,explicit,match,not_applicable
MRW,RST,R,explicit,match,not_applicable
MRW,RSW,RW,explicit,match,not_applicable
MRW,RTW,RW,explicit,match,not_applicable
MRW,STW,W,explicit,match,not_applicable
MST,MSW,MS,current,match,not_defined_in_source
MST,MTW,MT,current,match,not_defined_in_source
MST,PRS,S,current,match,not_defined_in_source
MST,PRT,T,explicit,match,not_applicable
MST,PST,ST,current,match,not_defined_in_source
MST,PSW,S,current,match,not_defined_in_source
MST,PTW,T,explicit,match,not_applicable
MST,RST,ST,current,match,not_defined_in_source
MST,RSW,S,current,match,not_defined_in_source
MST,RTW,T,explicit,match,not_applicable
MST,STW,ST,current,match,not_defined_in_source
MSW,MTW,MW,current,match,not_defined_in_source
MSW,PRS,S,current,match,not_defined_in_source
MSW,PRW,W,explicit,match,not_applicable
MSW,PST,S,current,match,not_defined_in_source
MSW,PSW,SW,current,match,not_defined_in_source
MSW,PTW,W,explicit,match,not_applicable
MSW,RST,S,current,match,not_defined_in_source
MSW,RSW,SW,current,match,not_defined_in_source
MSW,RTW,W,explicit,match,not_applicable
MSW,STW,SW,current,match,not_defined_in_source
MTW,PRT,T,explicit,match,not_applicable
MTW,PRW,W,explicit,match,not_applicable
MTW,PST,T,explicit,match,not_applicable
MTW,PSW,W,explicit,match,not_applicable
MTW,PTW,TW,explicit,match,not_applicable
MTW,RST,T,explicit,match,not_applicable
MTW,RSW,W,explicit,match,not_applicable
MTW,RTW,TW,explicit,match,not_applicable
MTW,STW,TW,explicit,match,not_applicable
PRS,PRT,PR,explicit,match,not_applicable
PRS,PRW,PR,explicit,match,not_applicable
PRS,PST,PS,current,match,not_defined_in_source
PRS,PSW,PS,current,match,not_defined_in_source
PRS,PTW,P,explicit,match,not_applicable
PRS,RST,RS,current,match,not_defined_in_source
PRS,RSW,RS,current,match,not_defined_in_source
PRS,RTW,R,explicit,match,not_applicable
PRS,STW,S,current,match,not_defined_in_source
PRT,PRW,PR,explicit,match,not_applicable
PRT,PST,PT,explicit,match,not_applicable
PRT,PSW,P,explicit,match,not_applicable
PRT,PTW,PT,explicit,match,not_applicable
PRT,RST,RT,explicit,match,not_applicable
PRT,RSW,R,explicit,match,not_applicable
PRT,RTW,RT,explicit,match,not_applicable
PRT,STW,T,explicit,match,not_applicable
PRW,PST,P,explicit,match,not_applicable
PRW,PSW,PW,explicit,match,not_applicable
PRW,PTW,PW,explicit,match,not_applicable
PRW,RST,R,explicit,match,not_applicable
PRW,RSW,RW,explicit,match,not_applicable
PRW,RTW,RW,explicit,match,not_applicable
PRW,STW,W,explicit,match,not_applicable
PST,PSW,PS,current,match,not_defined_in_source
PST,PTW,PT,explicit,match,not_applicable
PST,RST,ST,current,match,not_defined_in_source
PST,RSW,S,current,match,not_defined_in_source
PST,RTW,T,explicit,match,not_applicable
PST,STW,ST,current,match,not_defined_in_source
PSW,PTW,PW,explicit,match,not_applicable
PSW,RST,S,current,match,not_defined_in_source
PSW,RSW,SW,current,match,not_defined_in_source
PSW,RTW,W,explicit,match,not_applicable
PSW,STW,SW,current,match,not_defined_in_source
PTW,RST,T,explicit,match,not_applicable
PTW,RSW,W,explicit,match,not_applicable
PTW,RTW,TW,explicit,match,not_applicable
PTW,STW,TW,explicit,match,not_applicable
RST,RSW,RS,current,match,not_defined_in_source
RST,RTW,RT,explicit,match,not_applicable
RST,STW,ST,current,match,not_defined_in_source
RSW,RTW,RW,explicit,match,not_applicable
RSW,STW,SW,current,match,not_defined_in_source
RTW,STW,TW,explicit,match,not_applicable
